asset_id,name,name_en,name_ms,category,osm_category,osm_type,osm_id,lat,lon,state,state_code,district,district_code,website,phone,opening_hours,fee,wheelchair
OSM_node_7265862962,Long Hwa Aquarium,,,Aquarium,tourism=aquarium,node,7265862962,1.842211,102.949334,Johor,01,Batu Pahat,01,,,,,
OSM_node_5240309922,Abandoned Fire Station,,,Attraction,tourism=attraction,node,5240309922,1.851015,102.925832,Johor,01,Batu Pahat,01,,,,,
OSM_node_14014623606,Fortune Dragon,,,Attraction,tourism=attraction,node,14014623606,2.020555,103.081634,Johor,01,Batu Pahat,01,,,,,
OSM_node_8785274135,Pantai Sungai Lurus,,,Attraction,tourism=attraction,node,8785274135,1.727808,103.028447,Johor,01,Batu Pahat,01,,,,,
OSM_way_1461870854,Rumah Tempat Datang-Datang Batu Pahat,,,Attraction,tourism=attraction,way,1461870854,1.861444,102.955217,Johor,01,Batu Pahat,01,,,,,
OSM_node_5433116545,The Roundabout Tree,,,Attraction,tourism=attraction,node,5433116545,1.846848,102.938122,Johor,01,Batu Pahat,01,,,,,
OSM_node_11758056916,Unnamed Attraction,,,Attraction,tourism=attraction,node,11758056916,1.830429,102.970445,Johor,01,Batu Pahat,01,,,,,
OSM_node_13649557001,Unnamed Attraction,,,Attraction,tourism=attraction,node,13649557001,1.826475,102.951359,Johor,01,Batu Pahat,01,,,,,
OSM_node_5289142121,ZhenXin Organic Farm,,,Attraction,tourism=attraction,node,5289142121,1.962951,103.211888,Johor,01,Batu Pahat,01,,,,,
OSM_node_6040704089,crown of johor,,,Attraction,tourism=attraction,node,6040704089,1.857496,102.936876,Johor,01,Batu Pahat,01,,,,,
OSM_node_6313940185,free durian,,,Attraction,tourism=attraction,node,6313940185,1.779833,103.096961,Johor,01,Batu Pahat,01,,,,,
OSM_relation_12909783,Pantai Minyak Beku,Minyak Beku Beach,Pantai Minyak Beku,Beach,natural=beach,relation,12909783,1.794177,102.888357,Johor,01,Batu Pahat,01,,,,,
OSM_relation_12790205,Unnamed Beach,,,Beach,natural=beach,relation,12790205,1.734215,103.012516,Johor,01,Batu Pahat,01,,,,,
OSM_node_5898717444,Unnamed Historic Site,,,Historic Site,historic=yes,node,5898717444,1.788791,102.885386,Johor,01,Batu Pahat,01,,,,,
OSM_node_3223162097,Parit Sulong Memorial,,,Historic Site (Memorial),historic=memorial,node,3223162097,1.973452,102.885055,Johor,01,Batu Pahat,01,,,,,
OSM_node_13995819832,Unnamed Historic Site (Memorial),,,Historic Site (Memorial),historic=memorial,node,13995819832,2.020723,103.056338,Johor,01,Batu Pahat,01,,,,,
OSM_node_11750331828,Perigi Batu Pahat,Batu Pahat Well,Perigi Batu Pahat,Historic Site (Stone),historic=stone,node,11750331828,1.795969,102.889413,Johor,01,Batu Pahat,01,,,,,
OSM_node_2322540916,Dataran Siswazah,,,Viewpoint,tourism=viewpoint,node,2322540916,1.85324,103.087372,Johor,01,Batu Pahat,01,,,,,
OSM_node_11758185856,Sam Choon Viewpoint,,,Viewpoint,tourism=viewpoint,node,11758185856,1.856654,102.965279,Johor,01,Batu Pahat,01,,,,,
OSM_node_11166136464,Unnamed Viewpoint,,,Viewpoint,tourism=viewpoint,node,11166136464,1.968271,102.907688,Johor,01,Batu Pahat,01,,,,,
OSM_node_11166136465,Unnamed Viewpoint,,,Viewpoint,tourism=viewpoint,node,11166136465,1.966212,102.900335,Johor,01,Batu Pahat,01,,,,,
OSM_node_11166136466,Unnamed Viewpoint,,,Viewpoint,tourism=viewpoint,node,11166136466,1.965925,102.899556,Johor,01,Batu Pahat,01,,,,,
OSM_node_11166136467,Unnamed Viewpoint,,,Viewpoint,tourism=viewpoint,node,11166136467,1.96582,102.898308,Johor,01,Batu Pahat,01,,,,,
OSM_node_11166169709,Unnamed Viewpoint,,,Viewpoint,tourism=viewpoint,node,11166169709,1.965915,102.924209,Johor,01,Batu Pahat,01,,,,,
OSM_node_11751792303,Unnamed Viewpoint,,,Viewpoint,tourism=viewpoint,node,11751792303,1.814329,102.939687,Johor,01,Batu Pahat,01,,,,,
OSM_node_11752587778,Unnamed Viewpoint,,,Viewpoint,tourism=viewpoint,node,11752587778,1.849539,102.955623,Johor,01,Batu Pahat,01,,,,,
OSM_node_11753342774,Unnamed Viewpoint,,,Viewpoint,tourism=viewpoint,node,11753342774,1.845269,102.962049,Johor,01,Batu Pahat,01,,,,,
OSM_node_12150871537,Unnamed Viewpoint,,,Viewpoint,tourism=viewpoint,node,12150871537,1.995546,102.89599,Johor,01,Batu Pahat,01,,,,,
OSM_node_11957999308,Jerai Waterfall,,,Waterfall,waterway=waterfall,node,11957999308,2.112311,102.919402,Johor,01,Batu Pahat,01,,,,,
OSM_node_11166136463,Unnamed Waterfall,,,Waterfall,waterway=waterfall,node,11166136463,1.960143,102.908851,Johor,01,Batu Pahat,01,,,,,
OSM_node_11752698249,Unnamed Waterfall,,,Waterfall,waterway=waterfall,node,11752698249,1.837816,102.963701,Johor,01,Batu Pahat,01,,,,,
OSM_node_11754633606,Unnamed Waterfall,,,Waterfall,waterway=waterfall,node,11754633606,1.842273,102.966533,Johor,01,Batu Pahat,01,,,,,
OSM_node_11754799911,Unnamed Waterfall,,,Waterfall,waterway=waterfall,node,11754799911,1.843432,102.972938,Johor,01,Batu Pahat,01,,,,,
OSM_node_11754799944,Unnamed Waterfall,,,Waterfall,waterway=waterfall,node,11754799944,1.847057,102.978531,Johor,01,Batu Pahat,01,,,,,
OSM_node_11756388290,Unnamed Waterfall,,,Waterfall,waterway=waterfall,node,11756388290,1.826349,102.967319,Johor,01,Batu Pahat,01,,,,,
OSM_node_11752751644,Waterfall (1),,Airterjun (1),Waterfall,waterway=waterfall,node,11752751644,1.842562,102.965487,Johor,01,Batu Pahat,01,,,,,
OSM_way_692975515,SEA LIFE Malaysia,,,Aquarium,tourism=aquarium,way,692975515,1.427712,103.63166,Johor,01,Johor Bahru,02,,,Mo-Su 10:00-18:00,,
OSM_way_285845913,Bangunan Sultan Ibrahim,,,Attraction,tourism=attraction,way,285845913,1.457815,103.761133,Johor,01,Johor Bahru,02,,,,,
OSM_node_4226469389,Berjaya Waterfront Food Truck Park,,,Attraction,tourism=attraction,node,4226469389,1.469119,103.78196,Johor,01,Johor Bahru,02,,,,,
OSM_node_4234717089,CHSL CH 0,,,Attraction,tourism=attraction,node,4234717089,1.394973,103.620292,Johor,01,Johor Bahru,02,,,,,
OSM_node_13409743701,Eco Tourism Kampung Sungai Melayu Eco Tourism ( PELANCONGAN) Kampung Sungai Melayu,,,Attraction,tourism=attraction,node,13409743701,1.454876,103.691439,Johor,01,Johor Bahru,02,,,,,
OSM_node_11078607495,Elephant rock,,,Attraction,tourism=attraction,node,11078607495,1.635804,103.735142,Johor,01,Johor Bahru,02,,,,,
OSM_node_5462566821,Even here somewhere,,,Attraction,tourism=attraction,node,5462566821,1.45658,103.762555,Johor,01,Johor Bahru,02,,,,,
OSM_way_1041671494,Forest City Maze,Forest City Maze,,Attraction,tourism=attraction,way,1041671494,1.333971,103.588049,Johor,01,Johor Bahru,02,,,,,
OSM_node_11461074169,GT Karting,,,Attraction,tourism=attraction,node,11461074169,1.554301,103.794907,Johor,01,Johor Bahru,02,,,,,
OSM_way_1550338443,Iskandar Puteri Sign,,,Attraction,tourism=attraction,way,1550338443,1.451041,103.652697,Johor,01,Johor Bahru,02,,,,,
OSM_node_4348205089,JB 美乐 面线,,,Attraction,tourism=attraction,node,4348205089,1.533,103.793879,Johor,01,Johor Bahru,02,,,,,
OSM_way_883063464,Johor Bahru Night Market,,,Attraction,tourism=attraction,way,883063464,1.506211,103.729023,Johor,01,Johor Bahru,02,,,,,
OSM_node_4087248494,Kampung Sungai Melayu,,Kampung Sungai Melayu,Attraction,tourism=attraction,node,4087248494,1.452128,103.692873,Johor,01,Johor Bahru,02,,,,,
OSM_node_3133247377,Little Big Club,,,Attraction,tourism=attraction,node,3133247377,1.416707,103.656996,Johor,01,Johor Bahru,02,,,,,
OSM_node_5884004387,Monday Night Market,Night Market,,Attraction,tourism=attraction,node,5884004387,1.516365,103.821307,Johor,01,Johor Bahru,02,,,Mo 16:30-23:00,,
OSM_node_11145448105,Permas Go-Kart,,,Attraction,tourism=attraction,node,11145448105,1.535978,103.852677,Johor,01,Johor Bahru,02,,,,,
OSM_node_11145697605,RUD Karting Medini,,,Attraction,tourism=attraction,node,11145697605,1.405086,103.625672,Johor,01,Johor Bahru,02,,,,,
OSM_way_621691336,Royal Crown Arch,,,Attraction,tourism=attraction,way,621691336,1.482278,103.722493,Johor,01,Johor Bahru,02,,,,,
OSM_node_11383217664,Sarang Buaya Pasir Gudang,,,Attraction,tourism=attraction,node,11383217664,1.442535,103.998521,Johor,01,Johor Bahru,02,,,,,
OSM_node_13238212103,Seri Alam tunnel,,,Attraction,tourism=attraction,node,13238212103,1.527384,103.853101,Johor,01,Johor Bahru,02,,,,,
OSM_node_10914091290,Staircase to heaven,,,Attraction,tourism=attraction,node,10914091290,1.334329,103.594296,Johor,01,Johor Bahru,02,,,,,
OSM_way_1041724143,Tan Hiok Nee Heritage Walk,,,Attraction,tourism=attraction,way,1041724143,1.456637,103.764032,Johor,01,Johor Bahru,02,,,,,
OSM_node_4867399321,Unnamed Attraction,,,Attraction,tourism=attraction,node,4867399321,1.417312,103.658723,Johor,01,Johor Bahru,02,,,,,
OSM_node_13527850101,Zero Kilometre (0 KM) of Peninsular Malaysia,,,Attraction,tourism=attraction,node,13527850101,1.455607,103.761981,Johor,01,Johor Bahru,02,,,,,
OSM_node_7033606987,amigos horse riding,,,Attraction,tourism=attraction,node,7033606987,1.441447,103.93812,Johor,01,Johor Bahru,02,https://www.amigoshorseriding.com/,+6012 7966 806,"Tu-Su 07:00-12:00, 14:30-19:00",,
OSM_node_5573564221,little india,,,Attraction,tourism=attraction,node,5573564221,1.458974,103.763897,Johor,01,Johor Bahru,02,,,,,
OSM_way_1453242624,Stulang Beach,,Pantai Stulang,Beach,natural=beach,way,1453242624,1.467494,103.779534,Johor,01,Johor Bahru,02,,,,,
OSM_way_287939603,Unnamed Beach,,,Beach,natural=beach,way,287939603,1.315629,103.610244,Johor,01,Johor Bahru,02,,,,,
OSM_way_450546873,Unnamed Beach,,,Beach,natural=beach,way,450546873,1.463914,103.725981,Johor,01,Johor Bahru,02,,,,,
OSM_relation_13939150,Unnamed Beach,,,Beach,natural=beach,relation,13939150,1.337977,103.589082,Johor,01,Johor Bahru,02,,,,,
OSM_way_397739666,Istana Bukit Serene,,,Historic Site (Castle),historic=castle,way,397739666,1.479797,103.726369,Johor,01,Johor Bahru,02,,,,,
OSM_node_10718051505,Dataran Mahkota,,,Historic Site (Memorial),historic=memorial,node,10718051505,1.422618,103.6518,Johor,01,Johor Bahru,02,,,,,
OSM_way_1041660109,I❤MALAYSIA,,,Historic Site (Memorial),historic=memorial,way,1041660109,1.332558,103.588419,Johor,01,Johor Bahru,02,,,,,
OSM_node_10719628808,Masjid Al-Makmur Taman Kobena,,,Historic Site (Memorial),historic=memorial,node,10719628808,1.503381,103.696568,Johor,01,Johor Bahru,02,,,,,
OSM_node_12969633801,Nirvana Memorial Center (Skudai),,,Historic Site (Memorial),historic=memorial,node,12969633801,1.525922,103.65626,Johor,01,Johor Bahru,02,,,,,
OSM_node_8175332117,Nirvana Memorial Park Tiram Johor,,,Historic Site (Memorial),historic=memorial,node,8175332117,1.585234,103.911909,Johor,01,Johor Bahru,02,,,,,
OSM_node_12152113915,Datuk Gong,,,Historic Site (Wayside Shrine),historic=wayside_shrine,node,12152113915,1.510989,103.650217,Johor,01,Johor Bahru,02,,,,,
OSM_node_13229928798,Unnamed Historic Site (Wayside Shrine),,,Historic Site (Wayside Shrine),historic=wayside_shrine,node,13229928798,1.522596,103.855393,Johor,01,Johor Bahru,02,,,,,
OSM_way_1383693100,Galeri Penjara Ayer Molek,,,Museum,tourism=museum,way,1383693100,1.463176,103.756776,Johor,01,Johor Bahru,02,,,,,
OSM_way_285861174,Istana Besar,,,Museum,tourism=museum,way,285861174,1.455045,103.756438,Johor,01,Johor Bahru,02,,,,,
OSM_node_9590275022,Johor Bahru Chinese Heritage Museum,,,Museum,tourism=museum,node,9590275022,1.456024,103.763277,Johor,01,Johor Bahru,02,,,,,
OSM_node_5253879660,Kite Museum Pasir Gudang,,,Museum,tourism=museum,node,5253879660,1.474044,103.906061,Johor,01,Johor Bahru,02,,,,,
OSM_node_6746284985,Kwong Siew Heritage Gallery,,,Museum,tourism=museum,node,6746284985,1.459075,103.766265,Johor,01,Johor Bahru,02,,,,,
OSM_way_809917440,Muzium Tokoh Johor,,,Museum,tourism=museum,way,809917440,1.472256,103.765407,Johor,01,Johor Bahru,02,https://www.ywj.gov.my/muzium-tokoh-johor/,,,,
OSM_node_13565867809,新山南方大学学院文物与艺术馆,,,Museum,tourism=museum,node,13565867809,1.533673,103.681902,Johor,01,Johor Bahru,02,https://www.southern.edu.my/zh/mag/,,,,
OSM_node_13565867810,郑良树教授书画珍藏馆,,,Museum,tourism=museum,node,13565867810,1.533756,103.681834,Johor,01,Johor Bahru,02,https://www.southern.edu.my/zh/mag/,,,,
OSM_node_3745589488,Angry Bird,Angry Bird,,Theme Park,tourism=theme_park,node,3745589488,1.463137,103.763377,Johor,01,Johor Bahru,02,,,,,
OSM_node_11676731626,Carton Box Theme Park,Carton Box Theme Park,,Theme Park,tourism=theme_park,node,11676731626,1.486519,103.76112,Johor,01,Johor Bahru,02,https://www.linbaq.com/space-residency,,,,
OSM_way_793463271,La Stella Water Theme Park,,,Theme Park,tourism=theme_park,way,793463271,1.566181,103.720729,Johor,01,Johor Bahru,02,https://starhill-golf.com/water-park/,,Tu-Fr 11:00-19:00;Sa-Su 09:00-19:00,,
OSM_way_192574776,Legoland Malaysia,,,Theme Park,tourism=theme_park,way,192574776,1.42772,103.628863,Johor,01,Johor Bahru,02,https://www.legoland.com.my/,+607 597 8888,09:00-19:00,,
OSM_way_308040667,Legoland Malaysia Waterpark,,,Theme Park,tourism=theme_park,way,308040667,1.425499,103.630384,Johor,01,Johor Bahru,02,,,,,
OSM_node_5995603453,MCM Studio,,,Theme Park,tourism=theme_park,node,5995603453,1.506313,103.716632,Johor,01,Johor Bahru,02,http://mcmstudio.asia/,+607 238 6622,,,
OSM_node_1911019465,Sanrio Hello Kitty Town,,,Theme Park,tourism=theme_park,node,1911019465,1.416838,103.656943,Johor,01,Johor Bahru,02,http://www.playtime.com.my/hello-kitty-town,,,,
OSM_way_1041713047,X Park Malaysia,,,Theme Park,tourism=theme_park,way,1041713047,1.395195,103.624642,Johor,01,Johor Bahru,02,https://www.xparkmalaysia.com/,+6012-426 6913,,,
OSM_node_4467748004,5 Finger Lake,,,Viewpoint,tourism=viewpoint,node,4467748004,1.552641,103.876316,Johor,01,Johor Bahru,02,,,,,
OSM_node_6246377787,Asrama Kebajikan Ar Rayyan,,,Viewpoint,tourism=viewpoint,node,6246377787,1.576567,103.719006,Johor,01,Johor Bahru,02,,,,,
OSM_node_12071306508,Intake Sg Tiram,,,Viewpoint,tourism=viewpoint,node,12071306508,1.584117,103.894104,Johor,01,Johor Bahru,02,,,,,
OSM_node_2031222784,Legoland Malaysia Signboard,,,Viewpoint,tourism=viewpoint,node,2031222784,1.424604,103.630479,Johor,01,Johor Bahru,02,,,,,
OSM_node_6813433886,MMHE-Malaysia Marine Heavy Engineering,,,Viewpoint,tourism=viewpoint,node,6813433886,1.455138,103.880012,Johor,01,Johor Bahru,02,,,,,
OSM_node_7083277904,Pantai Stulang,Stulang beach,,Viewpoint,tourism=viewpoint,node,7083277904,1.465002,103.776471,Johor,01,Johor Bahru,02,,,,,
OSM_node_10269561758,Shell town,,,Viewpoint,tourism=viewpoint,node,10269561758,1.523414,103.84895,Johor,01,Johor Bahru,02,,,,,
OSM_node_10269581323,Unnamed Viewpoint,,,Viewpoint,tourism=viewpoint,node,10269581323,1.515561,103.842805,Johor,01,Johor Bahru,02,,,,,
OSM_node_11048916302,Unnamed Viewpoint,,,Viewpoint,tourism=viewpoint,node,11048916302,1.595455,103.783648,Johor,01,Johor Bahru,02,,,,,
OSM_node_11911658572,Unnamed Viewpoint,,,Viewpoint,tourism=viewpoint,node,11911658572,1.517038,103.847103,Johor,01,Johor Bahru,02,,,,,
OSM_node_13229928797,Unnamed Viewpoint,,,Viewpoint,tourism=viewpoint,node,13229928797,1.52086,103.85649,Johor,01,Johor Bahru,02,,,,,
OSM_node_6801058093,rumah datin sarah,,,Viewpoint,tourism=viewpoint,node,6801058093,1.469629,103.745972,Johor,01,Johor Bahru,02,,,,,
OSM_way_525508996,Austin Heights Water & Adventure Park,,,Water Park,leisure=water_park,way,525508996,1.561648,103.775168,Johor,01,Johor Bahru,02,https://www.funtime.my/tickets,+60 19-716 3183,,,
OSM_way_1041681086,Forest City Water Park,,,Water Park,leisure=water_park,way,1041681086,1.333149,103.591916,Johor,01,Johor Bahru,02,,,,,
OSM_node_13826205962,Unnamed Water Park,,,Water Park,leisure=water_park,node,13826205962,1.465388,103.731252,Johor,01,Johor Bahru,02,,,,,
OSM_node_10057332542,shrimp pond,,,Water Park,leisure=water_park,node,10057332542,1.475517,103.942696,Johor,01,Johor Bahru,02,,,,,
OSM_node_9989741890,Ratu,,,Waterfall,waterway=waterfall,node,9989741890,1.52131,103.850533,Johor,01,Johor Bahru,02,,,,,
OSM_way_286195752,Zoo Negeri Johor,Johor Zoo,,Zoo,tourism=zoo,way,286195752,1.45774,103.752884,Johor,01,Johor Bahru,02,,,,,
OSM_node_6040807087,Crown Of Johor,,,Attraction,tourism=attraction,node,6040807087,2.022959,103.311459,Johor,01,Kluang,03,,,,,
OSM_node_12029044519,Malaysia's prettiest toilet,,,Attraction,tourism=attraction,node,12029044519,1.881761,103.261549,Johor,01,Kluang,03,,,,,
OSM_node_13853467402,黄梨海壁画,,,Attraction,tourism=attraction,node,13853467402,1.823083,103.314891,Johor,01,Kluang,03,https://srajk.gbs2u.com/bd/index3.asp?userid=87507611&idno=3,,,,
OSM_node_6416217923,Unnamed Gallery,,,Gallery,tourism=gallery,node,6416217923,2.031019,103.320235,Johor,01,Kluang,03,,,,,
OSM_node_14084420416,Perigi Raja,,,Historic Site,historic=yes,node,14084420416,1.882656,103.401961,Johor,01,Kluang,03,,,,,
OSM_node_4329437500,居銮中华纪念馆,,,Historic Site (Memorial),historic=memorial,node,4329437500,2.033469,103.329834,Johor,01,Kluang,03,,,,,
OSM_way_1284794263,Cattle Queen Park,,,Theme Park,tourism=theme_park,way,1284794263,2.135709,103.448761,Johor,01,Kluang,03,,60127486080,Fr-Su 09:00-17:00,,
OSM_node_11155223380,Batu Jendela,,,Viewpoint,tourism=viewpoint,node,11155223380,2.028654,103.557612,Johor,01,Kluang,03,,,,,
OSM_node_2528976028,Gunung Lambak (Utara),Mount Lambak (North),Gunung Lambak (Utara),Viewpoint,tourism=viewpoint,node,2528976028,2.027547,103.357353,Johor,01,Kluang,03,https://www.mpkluang.gov.my/web/guest/hutan-rekreasi-gunung-lambak,,,,
OSM_node_5139879921,Tropical Village,,,Water Park,leisure=water_park,node,5139879921,1.897997,103.207808,Johor,01,Kluang,03,,,,,
OSM_node_11155273808,Lata Tangga (Waterfall),,,Waterfall,waterway=waterfall,node,11155273808,2.058617,103.55608,Johor,01,Kluang,03,,,,,
OSM_node_11155277297,Lata Tengkorak,,,Waterfall,waterway=waterfall,node,11155277297,2.054872,103.543063,Johor,01,Kluang,03,,,,,
OSM_node_11140239444,Mini waterfall,,,Waterfall,waterway=waterfall,node,11140239444,2.025861,103.349726,Johor,01,Kluang,03,,,,,
OSM_node_11155273809,Mini waterfall,,,Waterfall,waterway=waterfall,node,11155273809,2.058354,103.556228,Johor,01,Kluang,03,,,,,
OSM_node_11155257355,Unnamed Waterfall,,,Waterfall,waterway=waterfall,node,11155257355,2.103302,103.543932,Johor,01,Kluang,03,,,,,
OSM_node_5712696421,Firefly Valley Leisure Park,,,Attraction,tourism=attraction,node,5712696421,1.703189,103.912918,Johor,01,Kota Tinggi,04,,,,,
OSM_node_6380159734,Jetty,,,Attraction,tourism=attraction,node,6380159734,1.727772,103.908481,Johor,01,Kota Tinggi,04,,,,,
OSM_node_8118483268,Jomis Old Jetty,Sungai Rengit Abandoned Jetty,,Attraction,tourism=attraction,node,8118483268,1.358647,104.232565,Johor,01,Kota Tinggi,04,,,,,
OSM_node_5487591822,Kelong Eatery,,,Attraction,tourism=attraction,node,5487591822,1.539834,104.262036,Johor,01,Kota Tinggi,04,,,,,
OSM_node_5487591826,Kids Ahoy,,,Attraction,tourism=attraction,node,5487591826,1.539017,104.262426,Johor,01,Kota Tinggi,04,,,,,
OSM_node_7388192771,Kota Tinggi Firefly Park,Kota Tinggi Firefly Park,,Attraction,tourism=attraction,node,7388192771,1.726945,103.911462,Johor,01,Kota Tinggi,04,https://www.facebook.com/ktfireflypark,60174607775,Mo-Su 13:00-23:00,,yes
OSM_node_5487574023,Kraken’s Revenge,,,Attraction,tourism=attraction,node,5487574023,1.539903,104.261639,Johor,01,Kota Tinggi,04,,,,,
OSM_node_5487591828,Li’l Warrior’s Hideout,,,Attraction,tourism=attraction,node,5487591828,1.539434,104.26303,Johor,01,Kota Tinggi,04,,,,,
OSM_node_5487591823,Penawar Falls,,,Attraction,tourism=attraction,node,5487591823,1.539238,104.262002,Johor,01,Kota Tinggi,04,,,,,
OSM_node_5684417461,Penawar River,,,Attraction,tourism=attraction,node,5684417461,1.539628,104.260832,Johor,01,Kota Tinggi,04,,,,,
OSM_node_5487574021,Penawar River Huts,,,Attraction,tourism=attraction,node,5487574021,1.539864,104.260283,Johor,01,Kota Tinggi,04,,,,,
OSM_node_5487591829,Premium Cabana #1,,,Attraction,tourism=attraction,node,5487591829,1.540451,104.263364,Johor,01,Kota Tinggi,04,,,,,
OSM_node_5487591831,Premium Cabana #21,,,Attraction,tourism=attraction,node,5487591831,1.541068,104.262618,Johor,01,Kota Tinggi,04,,,,,
OSM_node_5487591830,Premium Cabana #9,,,Attraction,tourism=attraction,node,5487591830,1.540821,104.263147,Johor,01,Kota Tinggi,04,,,,,
OSM_node_5574943264,Riptide,,,Attraction,tourism=attraction,node,5574943264,1.539454,104.260762,Johor,01,Kota Tinggi,04,,,,,
OSM_node_5574943269,Scallywags,,,Attraction,tourism=attraction,node,5574943269,1.539294,104.262789,Johor,01,Kota Tinggi,04,,,,,
OSM_node_5487591824,Seafarer’s Gift Shop,,,Attraction,tourism=attraction,node,5487591824,1.538726,104.262318,Johor,01,Kota Tinggi,04,,,,,
OSM_node_5574943270,Starfish Splash,,,Attraction,tourism=attraction,node,5574943270,1.539464,104.262638,Johor,01,Kota Tinggi,04,,,,,
OSM_node_5574943266,Super Twister,,,Attraction,tourism=attraction,node,5574943266,1.540304,104.260288,Johor,01,Kota Tinggi,04,,,,,
OSM_node_5574943261,Surf Wall,,,Attraction,tourism=attraction,node,5574943261,1.538585,104.262815,Johor,01,Kota Tinggi,04,,,,,
OSM_node_5681623278,Swinging Ship,,,Attraction,tourism=attraction,node,5681623278,1.539102,104.261994,Johor,01,Kota Tinggi,04,,,,,
OSM_node_6330125487,Teluk Sengat Crocodile Farm,,,Attraction,tourism=attraction,node,6330125487,1.565024,104.026633,Johor,01,Kota Tinggi,04,,,,,
OSM_node_5487567322,The Galley Snack Bar,,,Attraction,tourism=attraction,node,5487567322,1.539643,104.260429,Johor,01,Kota Tinggi,04,,,,,
OSM_node_5574943263,The Tempest,,,Attraction,tourism=attraction,node,5574943263,1.539259,104.260735,Johor,01,Kota Tinggi,04,,,,,
OSM_node_5487591825,Ticketing Counter,,,Attraction,tourism=attraction,node,5487591825,1.538393,104.262057,Johor,01,Kota Tinggi,04,,,,,
OSM_way_481696210,Unnamed Attraction,,,Attraction,tourism=attraction,way,481696210,1.369786,104.089449,Johor,01,Kota Tinggi,04,,,,,
OSM_way_881193472,Unnamed Attraction,,,Attraction,tourism=attraction,way,881193472,1.381536,104.261988,Johor,01,Kota Tinggi,04,,,,,
OSM_node_5574943265,Wild Whirl,,,Attraction,tourism=attraction,node,5574943265,1.540337,104.260449,Johor,01,Kota Tinggi,04,,,,,
OSM_way_230066657,Pantai Desaru,,,Beach,natural=beach,way,230066657,1.550557,104.265553,Johor,01,Kota Tinggi,04,,,,,
OSM_way_491888375,Pantai Desaru,,,Beach,natural=beach,way,491888375,1.547594,104.262389,Johor,01,Kota Tinggi,04,,,,,
OSM_way_494803227,Pantai Tanjung Balau,Tanjung Balau Beach,,Beach,natural=beach,way,494803227,1.629159,104.251473,Johor,01,Kota Tinggi,04,,,,,
OSM_node_6757641532,Pasir Bunga,,Pasir Bunga,Beach,natural=beach,node,6757641532,1.406828,104.105903,Johor,01,Kota Tinggi,04,,,,,
OSM_node_5574943268,Tidal Wave Beach,,,Beach,natural=beach,node,5574943268,1.54039,104.26293,Johor,01,Kota Tinggi,04,,,,,
OSM_way_541901148,Unnamed Beach,,,Beach,natural=beach,way,541901148,1.440863,104.294883,Johor,01,Kota Tinggi,04,,,,,
OSM_way_541901152,Unnamed Beach,,,Beach,natural=beach,way,541901152,1.475237,104.283718,Johor,01,Kota Tinggi,04,,,,,
OSM_way_545007572,Unnamed Beach,,,Beach,natural=beach,way,545007572,1.592873,104.256987,Johor,01,Kota Tinggi,04,,,,,
OSM_way_550255983,Unnamed Beach,,,Beach,natural=beach,way,550255983,1.540266,104.262826,Johor,01,Kota Tinggi,04,,,,,
OSM_way_899825276,Unnamed Beach,,,Beach,natural=beach,way,899825276,1.830479,104.157103,Johor,01,Kota Tinggi,04,,,,,
OSM_way_899825277,Unnamed Beach,,,Beach,natural=beach,way,899825277,1.833671,104.158554,Johor,01,Kota Tinggi,04,,,,,
OSM_way_1239919036,Unnamed Beach,,,Beach,natural=beach,way,1239919036,1.375281,104.282731,Johor,01,Kota Tinggi,04,,,,,
OSM_way_1239919037,Unnamed Beach,,,Beach,natural=beach,way,1239919037,1.408931,104.280915,Johor,01,Kota Tinggi,04,,,,,
OSM_relation_18169092,Unnamed Beach,,,Beach,natural=beach,relation,18169092,1.352636,104.233957,Johor,01,Kota Tinggi,04,,,,,
OSM_node_6565337288,Kubur Awam Pasir Gogok,,,Historic Site (Memorial),historic=memorial,node,6565337288,1.429944,104.103528,Johor,01,Kota Tinggi,04,,,,,
OSM_way_699142816,Unnamed Historic Site (Memorial),,,Historic Site (Memorial),historic=memorial,way,699142816,1.430856,104.104201,Johor,01,Kota Tinggi,04,,,,,
OSM_node_4139071123,Unnamed Historic Site (Ruins),,,Historic Site (Ruins),historic=ruins,node,4139071123,1.369809,104.090413,Johor,01,Kota Tinggi,04,,,,,
OSM_node_2571557766,Johor Lama Museum,,,Museum,tourism=museum,node,2571557766,1.580478,104.017499,Johor,01,Kota Tinggi,04,,,,,
OSM_node_4142073689,Muzium Kota Tinggi,,,Museum,tourism=museum,node,4142073689,1.737331,103.912226,Johor,01,Kota Tinggi,04,https://ywj.gov.my/,+60 17-735 7315,,,
OSM_way_478273609,Muzium Nelayan,Fisherman Museum,,Museum,tourism=museum,way,478273609,1.614775,104.257911,Johor,01,Kota Tinggi,04,,,,,
OSM_way_491885535,Desaru Coast Adventure Waterpark,,,Theme Park,tourism=theme_park,way,491885535,1.538945,104.263062,Johor,01,Kota Tinggi,04,https://www.desarucoast.com/desaru-coast-adventure-waterpark/,,,,
OSM_node_11147435432,Unnamed Viewpoint,,,Viewpoint,tourism=viewpoint,node,11147435432,1.460046,104.076382,Johor,01,Kota Tinggi,04,,,,,
OSM_node_11147435488,Unnamed Viewpoint,,,Viewpoint,tourism=viewpoint,node,11147435488,1.458338,104.073679,Johor,01,Kota Tinggi,04,,,,,
OSM_node_11167589116,Unnamed Viewpoint,,,Viewpoint,tourism=viewpoint,node,11167589116,1.825989,103.86699,Johor,01,Kota Tinggi,04,,,,,
OSM_node_11175982008,Unnamed Viewpoint,,,Viewpoint,tourism=viewpoint,node,11175982008,1.852086,103.800289,Johor,01,Kota Tinggi,04,,,,,
OSM_node_5574950678,Main Entrance,,,Water Park,leisure=water_park,node,5574950678,1.538555,104.262139,Johor,01,Kota Tinggi,04,,,,,
OSM_node_7805811629,Batu 13 Waterfall,,,Waterfall,waterway=waterfall,node,7805811629,1.871663,103.796049,Johor,01,Kota Tinggi,04,,,,,
OSM_node_986334389,Kota Tinggi Waterfalls,,,Waterfall,waterway=waterfall,node,986334389,1.830415,103.83224,Johor,01,Kota Tinggi,04,,,,,
OSM_node_7805837725,Lebak Falls,,,Waterfall,waterway=waterfall,node,7805837725,1.836407,103.797602,Johor,01,Kota Tinggi,04,,,,,
OSM_node_8387123441,Mini Falls,,,Waterfall,waterway=waterfall,node,8387123441,1.820405,103.823514,Johor,01,Kota Tinggi,04,,,,,
OSM_node_8387121511,Mini falls,,,Waterfall,waterway=waterfall,node,8387121511,1.822578,103.818459,Johor,01,Kota Tinggi,04,,,,,
OSM_node_5583403924,Pelepah Waterfall #1,,,Waterfall,waterway=waterfall,node,5583403924,1.821665,103.818885,Johor,01,Kota Tinggi,04,,,,,
OSM_node_8387121516,Pelepah Waterfall #2,,,Waterfall,waterway=waterfall,node,8387121516,1.821332,103.819183,Johor,01,Kota Tinggi,04,,,,,
OSM_node_8387123418,Pelepah Waterfall #3,,,Waterfall,waterway=waterfall,node,8387123418,1.821047,103.8195,Johor,01,Kota Tinggi,04,,,,,
OSM_node_5588514221,Pelepah Waterfall #4,,,Waterfall,waterway=waterfall,node,5588514221,1.821139,103.821006,Johor,01,Kota Tinggi,04,,,,,
OSM_node_8387123431,Pelepah Waterfall #5,,,Waterfall,waterway=waterfall,node,8387123431,1.820649,103.822092,Johor,01,Kota Tinggi,04,,,,,
OSM_node_2477518380,Tengkil Waterfall,,,Waterfall,waterway=waterfall,node,2477518380,1.852837,103.787762,Johor,01,Kota Tinggi,04,,,,,
OSM_node_8387123943,Unnamed Waterfall,,,Waterfall,waterway=waterfall,node,8387123943,1.831299,103.831511,Johor,01,Kota Tinggi,04,,,,,
OSM_node_8118483267,Desaru Ostrich Farm,Desaru Ostrich Farm,,Zoo,tourism=zoo,node,8118483267,1.369716,104.241212,Johor,01,Kota Tinggi,04,,,Mo-Su 10:00-18:00,,
OSM_node_4974485721,Johor Saleng Eco Village (Vipassana meditation centre),Johor Saleng Eco Village (Vipassana meditation centre),,Attraction,tourism=attraction,node,4974485721,1.640095,103.64081,Johor,01,Kulai,21,https://malaya.dhamma.org/malaya/locations/johor.shtml,,,,
OSM_way_1176566087,Putuo Village,,,Attraction,tourism=attraction,way,1176566087,1.72668,103.626488,Johor,01,Kulai,21,,,,,
OSM_node_5194657221,Sekolah Pengajian Siswazah UTM,School of Postgraduate Studies UTM,Sekolah Pengajian Siswazah UTM,Attraction,tourism=attraction,node,5194657221,1.555512,103.634553,Johor,01,Kulai,21,,,,,
OSM_node_5194648421,UTM ISC,,,Attraction,tourism=attraction,node,5194648421,1.55578,103.643547,Johor,01,Kulai,21,,,,,
OSM_node_6897468005,Unnamed Historic Site (Memorial),,,Historic Site (Memorial),historic=memorial,node,6897468005,1.653404,103.577199,Johor,01,Kulai,21,,,,,
OSM_way_1176566076,Bathing Buddha Pavillion,,,Historic Site (Wayside Shrine),historic=wayside_shrine,way,1176566076,1.727056,103.626998,Johor,01,Kulai,21,,,,,
OSM_node_12843863294,Unnamed Historic Site (Wayside Shrine),,,Historic Site (Wayside Shrine),historic=wayside_shrine,node,12843863294,1.727467,103.626747,Johor,01,Kulai,21,,,,,
OSM_way_262961475,Horse Stable,,,Theme Park,tourism=theme_park,way,262961475,1.555349,103.641558,Johor,01,Kulai,21,,,,,
OSM_node_4446988089,Balai Cerap,Balai Cerap,,Viewpoint,tourism=viewpoint,node,4446988089,1.569965,103.644696,Johor,01,Kulai,21,,,,,
OSM_node_11158944964,Puncak Hang Lekir,,,Viewpoint,tourism=viewpoint,node,11158944964,1.598729,103.560016,Johor,01,Kulai,21,,,,,
OSM_node_7634317696,Tasik Biru Lookout,,,Viewpoint,tourism=viewpoint,node,7634317696,1.572698,103.576514,Johor,01,Kulai,21,,,,,
OSM_node_10931367577,Unnamed Viewpoint,,,Viewpoint,tourism=viewpoint,node,10931367577,1.728798,103.626587,Johor,01,Kulai,21,,,,,
OSM_node_10933992211,Unnamed Viewpoint,,,Viewpoint,tourism=viewpoint,node,10933992211,1.690994,103.512839,Johor,01,Kulai,21,,,,,
OSM_node_11158967653,Unnamed Viewpoint,,,Viewpoint,tourism=viewpoint,node,11158967653,1.561821,103.566171,Johor,01,Kulai,21,,,,,
OSM_node_11159039327,Unnamed Viewpoint,,,Viewpoint,tourism=viewpoint,node,11159039327,1.566946,103.564177,Johor,01,Kulai,21,,,,,
OSM_node_11160140108,Unnamed Viewpoint,,,Viewpoint,tourism=viewpoint,node,11160140108,1.577203,103.568756,Johor,01,Kulai,21,,,,,
OSM_node_11160140109,Unnamed Viewpoint,,,Viewpoint,tourism=viewpoint,node,11160140109,1.576731,103.567254,Johor,01,Kulai,21,,,,,
OSM_node_11164233557,Unnamed Viewpoint,,,Viewpoint,tourism=viewpoint,node,11164233557,1.589255,103.539955,Johor,01,Kulai,21,,,,,
OSM_node_11953447591,Unnamed Viewpoint,,,Viewpoint,tourism=viewpoint,node,11953447591,1.599919,103.547302,Johor,01,Kulai,21,,,,,
OSM_node_12843862386,Unnamed Viewpoint,,,Viewpoint,tourism=viewpoint,node,12843862386,1.753407,103.628553,Johor,01,Kulai,21,,,,,
OSM_node_8252369163,blue lake 1,,,Viewpoint,tourism=viewpoint,node,8252369163,1.639102,103.585708,Johor,01,Kulai,21,,,,,
OSM_node_11919233205,blue lake 1,,,Viewpoint,tourism=viewpoint,node,11919233205,1.63911,103.585728,Johor,01,Kulai,21,,,,,
OSM_node_11868113665,blue lake 2,,,Viewpoint,tourism=viewpoint,node,11868113665,1.632145,103.573869,Johor,01,Kulai,21,,,,,
OSM_node_11160137772,Heluo Waterfall,,,Waterfall,waterway=waterfall,node,11160137772,1.567883,103.554297,Johor,01,Kulai,21,,,,,
OSM_node_2384917760,Unnamed Waterfall,,,Waterfall,waterway=waterfall,node,2384917760,1.591307,103.526418,Johor,01,Kulai,21,,,,,
OSM_node_2384917769,Unnamed Waterfall,,,Waterfall,waterway=waterfall,node,2384917769,1.594035,103.534223,Johor,01,Kulai,21,,,,,
OSM_node_2384917790,Unnamed Waterfall,,,Waterfall,waterway=waterfall,node,2384917790,1.591908,103.524934,Johor,01,Kulai,21,,,,,
OSM_node_11158324937,Unnamed Waterfall,,,Waterfall,waterway=waterfall,node,11158324937,1.585757,103.516216,Johor,01,Kulai,21,,,,,
OSM_node_11158481043,Unnamed Waterfall,,,Waterfall,waterway=waterfall,node,11158481043,1.579149,103.541846,Johor,01,Kulai,21,,,,,
OSM_node_11158539074,Unnamed Waterfall,,,Waterfall,waterway=waterfall,node,11158539074,1.601805,103.571259,Johor,01,Kulai,21,,,,,
OSM_node_11160727112,Unnamed Waterfall,,,Waterfall,waterway=waterfall,node,11160727112,1.578539,103.543376,Johor,01,Kulai,21,,,,,
OSM_node_11160727116,Unnamed Waterfall,,,Waterfall,waterway=waterfall,node,11160727116,1.577859,103.54246,Johor,01,Kulai,21,,,,,
OSM_node_11163023418,Unnamed Waterfall,,,Waterfall,waterway=waterfall,node,11163023418,1.586171,103.51946,Johor,01,Kulai,21,,,,,
OSM_node_8076775007,Waterfall Kijang,,,Waterfall,waterway=waterfall,node,8076775007,1.628378,103.554113,Johor,01,Kulai,21,,,,,
OSM_way_1176912451,Hua Guo Shan,Hua Guo Shan,,Zoo,tourism=zoo,way,1176912451,1.691086,103.512821,Johor,01,Kulai,21,,,,,
OSM_way_967478362,Dataran Air Papan Mersing,,,Attraction,tourism=attraction,way,967478362,2.5165,103.834419,Johor,01,Mersing,05,,,,,
OSM_way_957712145,Laman Samudera,,,Attraction,tourism=attraction,way,957712145,2.431034,103.835813,Johor,01,Mersing,05,,,,,
OSM_node_5960695485,Market,,,Attraction,tourism=attraction,node,5960695485,2.653062,103.622687,Johor,01,Mersing,05,,,,,
OSM_way_957712138,Mersing Harbour Centre,,,Attraction,tourism=attraction,way,957712138,2.433279,103.839091,Johor,01,Mersing,05,,,,,
OSM_node_8850919636,Pusat Nelayan Mersing Kanan,,,Attraction,tourism=attraction,node,8850919636,2.436089,103.838991,Johor,01,Mersing,05,,,,,
OSM_node_5021587322,Tanjung Leman,Leman Cape,Tanjung Leman,Attraction,tourism=attraction,node,5021587322,2.144401,104.002408,Johor,01,Mersing,05,,,,,
OSM_relation_12874292,Pantai Air Papan,Air Papan Beach,Pantai Air Papan,Beach,natural=beach,relation,12874292,2.520316,103.833082,Johor,01,Mersing,05,,,,,
OSM_relation_19162435,Pantai Rekreasi Teluk Arong,,,Beach,natural=beach,relation,19162435,2.540289,103.823436,Johor,01,Mersing,05,,,,,
OSM_way_957114921,Pantai Semanyir,,,Beach,natural=beach,way,957114921,2.660821,103.643189,Johor,01,Mersing,05,,,,,
OSM_relation_19162443,Pantai Tanjung Resang,,,Beach,natural=beach,relation,19162443,2.581931,103.807035,Johor,01,Mersing,05,,,,,
OSM_relation_13019722,Pantai Teluk Buih,,,Beach,natural=beach,relation,13019722,2.50319,103.840702,Johor,01,Mersing,05,,,,,
OSM_way_1388821156,Pantai Teluk Gorek,,,Beach,natural=beach,way,1388821156,2.573426,103.817219,Johor,01,Mersing,05,,,,,
OSM_way_177449725,Unnamed Beach,,,Beach,natural=beach,way,177449725,2.179797,104.109834,Johor,01,Mersing,05,,,,,
OSM_way_177449728,Unnamed Beach,,,Beach,natural=beach,way,177449728,2.272394,104.115547,Johor,01,Mersing,05,,,,,
OSM_way_177451239,Unnamed Beach,,,Beach,natural=beach,way,177451239,2.295491,104.100346,Johor,01,Mersing,05,,,,,
OSM_way_177461899,Unnamed Beach,,,Beach,natural=beach,way,177461899,2.219564,104.063474,Johor,01,Mersing,05,,,,,
OSM_way_177598452,Unnamed Beach,,,Beach,natural=beach,way,177598452,2.214135,104.073653,Johor,01,Mersing,05,,,,,
OSM_way_181752320,Unnamed Beach,,,Beach,natural=beach,way,181752320,2.231291,104.060954,Johor,01,Mersing,05,,,,,
OSM_way_220690201,Unnamed Beach,,,Beach,natural=beach,way,220690201,2.183981,104.096289,Johor,01,Mersing,05,,,,,
OSM_way_220690203,Unnamed Beach,,,Beach,natural=beach,way,220690203,2.185677,104.097178,Johor,01,Mersing,05,,,,,
OSM_way_220690205,Unnamed Beach,,,Beach,natural=beach,way,220690205,2.183512,104.100607,Johor,01,Mersing,05,,,,,
OSM_way_569625100,Unnamed Beach,,,Beach,natural=beach,way,569625100,2.659652,103.665237,Johor,01,Mersing,05,,,,,
OSM_way_640108866,Unnamed Beach,,,Beach,natural=beach,way,640108866,2.432613,103.843622,Johor,01,Mersing,05,,,,,
OSM_way_706101683,Unnamed Beach,,,Beach,natural=beach,way,706101683,2.517533,103.976472,Johor,01,Mersing,05,,,,,
OSM_way_706101684,Unnamed Beach,,,Beach,natural=beach,way,706101684,2.518916,103.975491,Johor,01,Mersing,05,,,,,
OSM_way_723819690,Unnamed Beach,,,Beach,natural=beach,way,723819690,2.172042,104.112135,Johor,01,Mersing,05,,,,,
OSM_way_723844653,Unnamed Beach,,,Beach,natural=beach,way,723844653,2.534297,103.969252,Johor,01,Mersing,05,,,,,
OSM_way_723858386,Unnamed Beach,,,Beach,natural=beach,way,723858386,2.558651,103.943303,Johor,01,Mersing,05,,,,,
OSM_way_724660976,Unnamed Beach,,,Beach,natural=beach,way,724660976,2.219477,104.150347,Johor,01,Mersing,05,,,,,
OSM_way_724661077,Unnamed Beach,,,Beach,natural=beach,way,724661077,2.222754,104.147683,Johor,01,Mersing,05,,,,,
OSM_way_899199845,Unnamed Beach,,,Beach,natural=beach,way,899199845,2.45891,104.525882,Johor,01,Mersing,05,,,,,
OSM_way_903325272,Unnamed Beach,,,Beach,natural=beach,way,903325272,2.591992,103.791702,Johor,01,Mersing,05,,,,,
OSM_way_903326667,Unnamed Beach,,,Beach,natural=beach,way,903326667,2.586254,103.798434,Johor,01,Mersing,05,,,,,
OSM_way_909953846,Unnamed Beach,,,Beach,natural=beach,way,909953846,2.583639,104.333976,Johor,01,Mersing,05,,,,,
OSM_way_1175692253,Unnamed Beach,,,Beach,natural=beach,way,1175692253,2.392164,103.873743,Johor,01,Mersing,05,,,,,
OSM_way_1175692254,Unnamed Beach,,,Beach,natural=beach,way,1175692254,2.373292,103.891649,Johor,01,Mersing,05,,,,,
OSM_way_1388820778,Unnamed Beach,,,Beach,natural=beach,way,1388820778,2.564399,103.817881,Johor,01,Mersing,05,,,,,
OSM_way_1388821154,Unnamed Beach,,,Beach,natural=beach,way,1388821154,2.581467,103.816018,Johor,01,Mersing,05,,,,,
OSM_way_1388821155,Unnamed Beach,,,Beach,natural=beach,way,1388821155,2.578076,103.821314,Johor,01,Mersing,05,,,,,
OSM_relation_12867310,Unnamed Beach,,,Beach,natural=beach,relation,12867310,2.441701,103.836528,Johor,01,Mersing,05,,,,,
OSM_relation_12867636,Unnamed Beach,,,Beach,natural=beach,relation,12867636,2.482344,103.847044,Johor,01,Mersing,05,,,,,
OSM_relation_19166037,Unnamed Beach,,,Beach,natural=beach,relation,19166037,2.314692,103.958401,Johor,01,Mersing,05,,,,,
OSM_relation_19166041,Unnamed Beach,,,Beach,natural=beach,relation,19166041,2.336538,103.939165,Johor,01,Mersing,05,,,,,
OSM_relation_19166042,Unnamed Beach,,,Beach,natural=beach,relation,19166042,2.328481,103.945039,Johor,01,Mersing,05,,,,,
OSM_relation_19166043,Unnamed Beach,,,Beach,natural=beach,relation,19166043,2.319755,103.953208,Johor,01,Mersing,05,,,,,
OSM_relation_20405404,Unnamed Beach,,,Beach,natural=beach,relation,20405404,2.203658,104.075105,Johor,01,Mersing,05,,,,,
OSM_relation_20405405,Unnamed Beach,,,Beach,natural=beach,relation,20405405,2.220846,104.070517,Johor,01,Mersing,05,,,,,
OSM_relation_20405406,Unnamed Beach,,,Beach,natural=beach,relation,20405406,2.215745,104.075753,Johor,01,Mersing,05,,,,,
OSM_relation_20405408,Unnamed Beach,,,Beach,natural=beach,relation,20405408,2.225743,104.067022,Johor,01,Mersing,05,,,,,
OSM_relation_20434058,Unnamed Beach,,,Beach,natural=beach,relation,20434058,2.444316,103.986173,Johor,01,Mersing,05,,,,,
OSM_relation_20434061,Unnamed Beach,,,Beach,natural=beach,relation,20434061,2.434644,103.980376,Johor,01,Mersing,05,,,,,
OSM_relation_20434062,Unnamed Beach,,,Beach,natural=beach,relation,20434062,2.453629,103.979724,Johor,01,Mersing,05,,,,,
OSM_way_704782171,Istana Flintstone,,,Historic Site (Castle),historic=castle,way,704782171,2.365621,103.897355,Johor,01,Mersing,05,,,,,
OSM_node_5864642785,Unnamed Viewpoint,,,Viewpoint,tourism=viewpoint,node,5864642785,2.432588,103.844147,Johor,01,Mersing,05,,,,,
OSM_node_6634683373,Unnamed Viewpoint,,,Viewpoint,tourism=viewpoint,node,6634683373,2.516631,103.977708,Johor,01,Mersing,05,,,,,
OSM_node_6634683381,Unnamed Viewpoint,,,Viewpoint,tourism=viewpoint,node,6634683381,2.518691,103.977145,Johor,01,Mersing,05,,,,,
OSM_node_7271737985,Unnamed Viewpoint,,,Viewpoint,tourism=viewpoint,node,7271737985,2.4276,103.849474,Johor,01,Mersing,05,,,,,
OSM_node_12855986251,Unnamed Viewpoint,,,Viewpoint,tourism=viewpoint,node,12855986251,2.51161,103.838283,Johor,01,Mersing,05,,,,,
OSM_node_13578421911,Unnamed Viewpoint,,,Viewpoint,tourism=viewpoint,node,13578421911,2.518921,103.377015,Johor,01,Mersing,05,,,,,
OSM_node_13578454456,Air Terjun Lemakoh,,,Waterfall,waterway=waterfall,node,13578454456,2.489263,103.442062,Johor,01,Mersing,05,,,,,
OSM_node_11149720117,Batu Hampar,,,Waterfall,waterway=waterfall,node,11149720117,2.503906,103.343912,Johor,01,Mersing,05,,,,,
OSM_node_11149720118,Takah Kunyit,,,Waterfall,waterway=waterfall,node,11149720118,2.496497,103.336764,Johor,01,Mersing,05,,,,,
OSM_node_13930555998,Terentam falls,,Air terjun Terentam,Waterfall,waterway=waterfall,node,13930555998,2.562671,103.36135,Johor,01,Mersing,05,,,,,
OSM_node_5362721637,Upeh Guling,,,Waterfall,waterway=waterfall,node,5362721637,2.511747,103.349919,Johor,01,Mersing,05,,,,,
OSM_node_13518302746,Incredible murals,,,Attraction,tourism=attraction,node,13518302746,2.047645,102.567156,Johor,01,Muar,06,,,,,
OSM_node_12785286933,Laman Bakau Parit Kassim,,,Attraction,tourism=attraction,node,12785286933,1.962043,102.621825,Johor,01,Muar,06,,,,,
OSM_node_13518302747,Lane full of murals,,,Attraction,tourism=attraction,node,13518302747,2.048453,102.568154,Johor,01,Muar,06,,,,,
OSM_node_7241795307,Royal Customs and Excise Building,,,Attraction,tourism=attraction,node,7241795307,2.047585,102.566071,Johor,01,Muar,06,,,,,
OSM_way_857108706,Rumah Lama Alsaeed,,,Attraction,tourism=attraction,way,857108706,2.059999,102.574878,Johor,01,Muar,06,,,,,
OSM_node_7097469885,Sunset View,,,Attraction,tourism=attraction,node,7097469885,2.046485,102.550458,Johor,01,Muar,06,,,,,
OSM_relation_12243606,Uptown Maharani,,,Attraction,tourism=attraction,relation,12243606,2.046052,102.566166,Johor,01,Muar,06,,,,,
OSM_node_6038536785,crown of johor,,,Attraction,tourism=attraction,node,6038536785,2.043264,102.566726,Johor,01,Muar,06,,,,,
OSM_way_963402675,Pasir Gemang,,,Beach,natural=beach,way,963402675,1.857462,102.702384,Johor,01,Muar,06,,,,,
OSM_node_8226751375,Rumah Persinggahan Sultan,,,Historic Site (Castle),historic=castle,node,8226751375,2.046116,102.560491,Johor,01,Muar,06,,,,,
OSM_node_7241667467,Chiang Chuan association Muar,,,Historic Site (Manor),historic=manor,node,7241667467,2.046331,102.568265,Johor,01,Muar,06,,,,,
OSM_node_8632037768,rumah aku,,,Historic Site (Manor),historic=manor,node,8632037768,2.055326,102.655654,Johor,01,Muar,06,,,,,
OSM_node_11887882141,Kota Biawak Busuk,,,Historic Site (Memorial),historic=memorial,node,11887882141,2.051157,102.570277,Johor,01,Muar,06,,,,,
OSM_node_4428820478,Kubu Bentayan,,,Historic Site (Memorial),historic=memorial,node,4428820478,2.050881,102.570195,Johor,01,Muar,06,,,,,
OSM_node_11887898412,Tapak Sejarah Kota Buruk,,,Historic Site (Memorial),historic=memorial,node,11887898412,2.115718,102.605061,Johor,01,Muar,06,,,,,
OSM_node_5923733886,Old Dutch House,,,Historic Site (Monument),historic=monument,node,5923733886,2.042962,102.564171,Johor,01,Muar,06,,,,,
OSM_node_318168155,Makam Panglima Mat Berani,,,Historic Site (Tomb),historic=tomb,node,318168155,2.179536,102.73848,Johor,01,Muar,06,,,,,
OSM_node_10284769783,Dataran Bendera,,,Viewpoint,tourism=viewpoint,node,10284769783,1.984273,102.679352,Johor,01,Muar,06,,,,,
OSM_node_10284823810,Dataran Bendera Bukit Mor,,,Viewpoint,tourism=viewpoint,node,10284823810,1.978645,102.675921,Johor,01,Muar,06,,,,,
OSM_node_10683432450,Dataran Geo,,,Viewpoint,tourism=viewpoint,node,10683432450,1.984107,102.678862,Johor,01,Muar,06,,,,,
OSM_node_10284823679,Unnamed Viewpoint,,,Viewpoint,tourism=viewpoint,node,10284823679,1.981095,102.679532,Johor,01,Muar,06,,,,,
OSM_node_10284823739,Unnamed Viewpoint,,,Viewpoint,tourism=viewpoint,node,10284823739,1.983566,102.67942,Johor,01,Muar,06,,,,,
OSM_node_10284823740,Unnamed Viewpoint,,,Viewpoint,tourism=viewpoint,node,10284823740,1.983793,102.678752,Johor,01,Muar,06,,,,,
OSM_node_10683432454,Unnamed Viewpoint,,,Viewpoint,tourism=viewpoint,node,10683432454,1.984908,102.678737,Johor,01,Muar,06,,,,,
OSM_node_10683432460,Unnamed Viewpoint,,,Viewpoint,tourism=viewpoint,node,10683432460,1.981009,102.68073,Johor,01,Muar,06,,,,,
OSM_way_1252295834,Rumah Bugis (Memorial Daeng Haddadek Seri Saleiwangeng),,,Attraction,tourism=attraction,way,1252295834,1.312231,103.475301,Johor,01,Pontian,07,https://www.mdpontian.gov.my/ms/memorial-daeng-haddadek-seri-saleiwangeng,,,,
OSM_node_10912613560,Southernmost continental point of Eurasia,,,Attraction,tourism=attraction,node,10912613560,1.265696,103.510443,Johor,01,Pontian,07,,,,,
OSM_way_1555013332,Unnamed Beach,,,Beach,natural=beach,way,1555013332,1.47025,103.265229,Johor,01,Pontian,07,,,,,
OSM_way_1555013345,Unnamed Beach,,,Beach,natural=beach,way,1555013345,1.468319,103.238464,Johor,01,Pontian,07,,,,,
OSM_way_1555013348,Unnamed Beach,,,Beach,natural=beach,way,1555013348,1.468339,103.237604,Johor,01,Pontian,07,,,,,
OSM_way_564093494,Unnamed Historic Site (Ruins),,,Historic Site (Ruins),historic=ruins,way,564093494,1.487518,103.389392,Johor,01,Pontian,07,,,,,
OSM_way_564093495,Unnamed Historic Site (Ruins),,,Historic Site (Ruins),historic=ruins,way,564093495,1.487035,103.389638,Johor,01,Pontian,07,,,,,
OSM_way_924024602,Muzium Bugis,Bugis Museum,Muzium Bugis,Museum,tourism=museum,way,924024602,1.428157,103.411851,Johor,01,Pontian,07,,,,,
OSM_node_5404610323,Muzium Nanas,Pineapple museum,,Museum,tourism=museum,node,5404610323,1.507306,103.446797,Johor,01,Pontian,07,,,,,
OSM_node_3695992242,The Southernmost Tip of Mainland Asia,The Southernmost Tip of Mainland Asia,Penghujung Selatan Benua Asia,Viewpoint,tourism=viewpoint,node,3695992242,1.265935,103.51203,Johor,01,Pontian,07,,,,,
OSM_node_456319064,Kolam Air Panas,,,Attraction,tourism=attraction,node,456319064,2.469054,103.05027,Johor,01,Segamat,08,,,"Mo-Fr 14:00-19:00, Sa-Su 09:00-19:00",,
OSM_node_5076445745,River Tubing,,,Attraction,tourism=attraction,node,5076445745,2.433132,103.247064,Johor,01,Segamat,08,,,,,
OSM_node_13906959601,clock tower,,,Attraction,tourism=attraction,node,13906959601,2.507612,102.813794,Johor,01,Segamat,08,,,,,
OSM_node_14113964436,培正学校,Pei Zheng Chinese School,,Attraction,tourism=attraction,node,14113964436,2.508805,102.817378,Johor,01,Segamat,08,https://www.facebook.com/share/p/1HeoLZ2rce/,,,,
OSM_node_4407659564,Hakka Culture Museum,Hakka Culture Museum,,Museum,tourism=museum,node,4407659564,2.295759,103.130459,Johor,01,Segamat,08,https://cn.tripadvisor.com/Attraction_Review-g676310-d16844070-Reviews-Hakka_Heritage_Gallery-Bekok_Segamat_District_Johor.html,,,,yes
OSM_node_11148381119,Bukit Jementah,,,Viewpoint,tourism=viewpoint,node,11148381119,2.429341,102.690637,Johor,01,Segamat,08,,,,,
OSM_node_11148380630,Unnamed Viewpoint,,,Viewpoint,tourism=viewpoint,node,11148380630,2.427729,102.691398,Johor,01,Segamat,08,,,,,
OSM_node_11148380659,Unnamed Viewpoint,,,Viewpoint,tourism=viewpoint,node,11148380659,2.423466,102.693726,Johor,01,Segamat,08,,,,,
OSM_node_11148380661,Unnamed Viewpoint,,,Viewpoint,tourism=viewpoint,node,11148380661,2.428613,102.697234,Johor,01,Segamat,08,,,,,
OSM_node_11148380662,Unnamed Viewpoint,,,Viewpoint,tourism=viewpoint,node,11148380662,2.431398,102.695294,Johor,01,Segamat,08,,,,,
OSM_node_12048938203,Unnamed Viewpoint,,,Viewpoint,tourism=viewpoint,node,12048938203,2.374385,103.177356,Johor,01,Segamat,08,,,,,
OSM_node_12048938206,Unnamed Viewpoint,,,Viewpoint,tourism=viewpoint,node,12048938206,2.369863,103.169987,Johor,01,Segamat,08,,,,,
OSM_node_12797665521,Viewpoint,,,Viewpoint,tourism=viewpoint,node,12797665521,2.473316,103.107752,Johor,01,Segamat,08,,,,,
OSM_node_12094616965,Air Terjun Kemidak,,,Waterfall,waterway=waterfall,node,12094616965,2.38959,103.226485,Johor,01,Segamat,08,,,,,
OSM_node_600918069,Air Terjun Taka Melor,Taka Melor Waterfall,,Waterfall,waterway=waterfall,node,600918069,2.473262,103.107761,Johor,01,Segamat,08,,,,,
OSM_node_5362721708,Buaya Sangkut,,,Waterfall,waterway=waterfall,node,5362721708,2.497382,103.319604,Johor,01,Segamat,08,,,,,
OSM_node_5076443535,Pandan waterfall,,,Waterfall,waterway=waterfall,node,5076443535,2.435912,103.240481,Johor,01,Segamat,08,,,,,
OSM_node_6555158576,Takah Berangin,Berangin waterfall,,Waterfall,waterway=waterfall,node,6555158576,2.443636,103.233763,Johor,01,Segamat,08,,,,,
OSM_node_10858975824,Takah Pengkoi waterfall,,,Waterfall,waterway=waterfall,node,10858975824,2.335197,103.190878,Johor,01,Segamat,08,,,,,
OSM_node_6555179088,Takah Tempaang,Tempaang waterfall,,Waterfall,waterway=waterfall,node,6555179088,2.444556,103.240501,Johor,01,Segamat,08,,,,,
OSM_node_2526567275,Takah Tinggi,,,Waterfall,waterway=waterfall,node,2526567275,2.453239,103.237315,Johor,01,Segamat,08,,,,,
OSM_node_12048938236,Unnamed Waterfall,,,Waterfall,waterway=waterfall,node,12048938236,2.360202,103.157634,Johor,01,Segamat,08,,,,,
OSM_node_13251514154,Unnamed Waterfall,,,Waterfall,waterway=waterfall,node,13251514154,2.510719,103.14249,Johor,01,Segamat,08,,,,,
OSM_way_1064484902,Galeri Darurat Bukit Kepong,,Galeri Darurat Bukit Kepong,Museum,tourism=museum,way,1064484902,2.346868,102.829782,Johor,01,Tangkak,22,,,,,
OSM_node_10916248018,Unnamed Viewpoint,,,Viewpoint,tourism=viewpoint,node,10916248018,2.373866,102.60818,Johor,01,Tangkak,22,,,,,
OSM_way_646004912,Unnamed Water Park,,,Water Park,leisure=water_park,way,646004912,2.409498,102.593566,Johor,01,Tangkak,22,,,,,
OSM_node_12844439715,Puteri Falls,,,Waterfall,waterway=waterfall,node,12844439715,2.355705,102.630463,Johor,01,Tangkak,22,,,,,
OSM_node_6330125687,Tree Top Walk Sungai Sedim,,,Attraction,tourism=attraction,node,6330125687,5.412465,100.78108,Kedah,02,Baling,01,http://treetopwalk.com.my/,,,,
OSM_node_12444660911,Galeri Rundingan Baling,,,Museum,tourism=museum,node,12444660911,5.672687,100.92214,Kedah,02,Baling,01,,,,,
OSM_node_12168050301,Unnamed Viewpoint,,,Viewpoint,tourism=viewpoint,node,12168050301,5.679965,100.909363,Kedah,02,Baling,01,,,,,
OSM_node_12168222551,Unnamed Viewpoint,,,Viewpoint,tourism=viewpoint,node,12168222551,5.670356,100.89341,Kedah,02,Baling,01,,,,,
OSM_node_12168222552,Unnamed Viewpoint,,,Viewpoint,tourism=viewpoint,node,12168222552,5.670467,100.892653,Kedah,02,Baling,01,,,,,
OSM_node_12168222553,Unnamed Viewpoint,,,Viewpoint,tourism=viewpoint,node,12168222553,5.670406,100.892367,Kedah,02,Baling,01,,,,,
OSM_node_12168222565,Unnamed Viewpoint,,,Viewpoint,tourism=viewpoint,node,12168222565,5.670358,100.893023,Kedah,02,Baling,01,,,,,
OSM_node_12168222566,Unnamed Viewpoint,,,Viewpoint,tourism=viewpoint,node,12168222566,5.670336,100.893855,Kedah,02,Baling,01,,,,,
OSM_way_544949545,Pusat Rekreasi Air Panas Ulu Legong,Ulu Legong Hot Spring,Pusat Rekreasi Air Panas Ulu Legong,Water Park,leisure=water_park,way,544949545,5.817166,100.936003,Kedah,02,Baling,01,,,24/7,yes,
OSM_node_11332914456,Unnamed Waterfall,,,Waterfall,waterway=waterfall,node,11332914456,5.550025,100.9256,Kedah,02,Baling,01,,,,,
OSM_node_13328359511,Batu Sempadan British Siam;British and Siamese Boundary,,,Historic Site (Boundary Stone),historic=boundary_stone,node,13328359511,5.142503,100.502834,Kedah,02,Bandar Baharu,02,,,,,
OSM_way_1359063765,Unnamed Historic Site (Tomb),,,Historic Site (Tomb),historic=tomb,way,1359063765,5.22349,100.616798,Kedah,02,Bandar Baharu,02,,,,,
OSM_node_12993638806,吉打司南马日月庵拿督公,,,Historic Site (Wayside Shrine),historic=wayside_shrine,node,12993638806,5.232321,100.684753,Kedah,02,Bandar Baharu,02,,,,,
OSM_way_770229743,Balai Nobat,,,Attraction,tourism=attraction,way,770229743,6.121002,100.366574,Kedah,02,Kota Setar,03,,,,,
OSM_way_499202636,"Bangunan Jam Besar, Alor Setar","The Big Clock Building, Alor Setar",,Attraction,tourism=attraction,way,499202636,6.121011,100.365903,Kedah,02,Kota Setar,03,,,,,
OSM_relation_14215510,Jeti Pekan Cina,,,Attraction,tourism=attraction,relation,14215510,6.118057,100.363124,Kedah,02,Kota Setar,03,,,,,
OSM_way_337002990,Kota Kuala Kedah,,Kota Kuala Kedah,Attraction,tourism=attraction,way,337002990,6.108858,100.287318,Kedah,02,Kota Setar,03,,,,,
OSM_relation_13372422,Medan Seni,,Medan Seni,Attraction,tourism=attraction,relation,13372422,6.116308,100.364473,Kedah,02,Kota Setar,03,,,,,
OSM_way_286804200,Rumah Warisan,,,Attraction,tourism=attraction,way,286804200,6.147867,100.371881,Kedah,02,Kota Setar,03,,,Sa-Su 08:00-17:00,,
OSM_way_354734948,Taman Jubli Emas,,,Attraction,tourism=attraction,way,354734948,6.162364,100.360452,Kedah,02,Kota Setar,03,,,Sa-Su 08:00-23:00,,
OSM_way_390866286,Taman Persisiran Jeragan,,,Attraction,tourism=attraction,way,390866286,6.117233,100.347015,Kedah,02,Kota Setar,03,,,,,
OSM_way_286170233,Balai Seni Negeri,,,Gallery,tourism=gallery,way,286170233,6.118785,100.365581,Kedah,02,Kota Setar,03,,,,,
OSM_way_367188132,Istana Sepachendera,The Sepachendera Palace,,Historic Site,historic=yes,way,367188132,6.122994,100.369531,Kedah,02,Kota Setar,03,,,,,
OSM_node_2631075647,Kubu British,British Pillbox,,Historic Site,historic=yes,node,2631075647,6.199406,100.412092,Kedah,02,Kota Setar,03,,,,,
OSM_node_2725100859,Kubu British,British Pillbox,,Historic Site,historic=yes,node,2725100859,6.169718,100.404007,Kedah,02,Kota Setar,03,,,,,
OSM_node_2725100863,Kubu British,British Pillbox,,Historic Site,historic=yes,node,2725100863,6.176693,100.405828,Kedah,02,Kota Setar,03,,,,,
OSM_node_5346038886,Kubu British,British Pillbox,,Historic Site,historic=yes,node,5346038886,6.198584,100.41211,Kedah,02,Kota Setar,03,,,,,
OSM_node_5426334413,Kubu British,British Pillbox,,Historic Site,historic=yes,node,5426334413,6.17542,100.402865,Kedah,02,Kota Setar,03,,,,,
OSM_node_9776577424,Kubu British,British Pillbox,,Historic Site,historic=yes,node,9776577424,6.202435,100.40408,Kedah,02,Kota Setar,03,,,,,
OSM_node_11446187628,Kubu British,British Pillbox,,Historic Site,historic=yes,node,11446187628,6.203,100.400712,Kedah,02,Kota Setar,03,,,,,
OSM_way_354527429,Tapak Masjid Lama Hutan Kampung,,,Historic Site,historic=yes,way,354527429,6.162266,100.394144,Kedah,02,Kota Setar,03,,,,,
OSM_way_839896414,Tapak Istana Lama Kota Kuala Kedah,,Tapak Istana Lama Kota Kuala Kedah,Historic Site (Castle),historic=castle,way,839896414,6.109378,100.287177,Kedah,02,Kota Setar,03,,,,,
OSM_node_7837573032,Pintu Gerbang British,,Pintu Gerbang British,Historic Site (Fort),historic=fort,node,7837573032,6.108649,100.287887,Kedah,02,Kota Setar,03,,,,,
OSM_node_7837573031,Pintu Gerbang Kacapuri,,Pintu Gerbang Kacapuri,Historic Site (Fort),historic=fort,node,7837573031,6.109287,100.287682,Kedah,02,Kota Setar,03,,,,,
OSM_way_286684935,Kompleks Rumah Kelahiran Mahathir Mohammad,Mahathir Mohammad's Birth Complex,,Historic Site (Heritage),historic=heritage,way,286684935,6.112994,100.36295,Kedah,02,Kota Setar,03,https://www.arkib.gov.my/en/rumah_kelahiran_mahathir,,,,
OSM_relation_12851045,Rumah Merdeka,Independence House,,Historic Site (Heritage),historic=heritage,relation,12851045,6.122997,100.35992,Kedah,02,Kota Setar,03,https://www.arkib.gov.my/rumah-merdeka?p_p_id=56_INSTANCE_H5gW&p_p_lifecycle=0&p_p_state=normal&p_p_mode=view&p_p_col_id=column-3&p_p_col_count=1&page=1,,"Mo-Su 10:00-17:30; Fr 10:00-12:00,15:00-17:30; Sa off",,
OSM_node_5949076126,Convent Alor Setar,,,Historic Site (Memorial),historic=memorial,node,5949076126,6.124845,100.3685,Kedah,02,Kota Setar,03,,,,,
OSM_node_6192272088,Sejarah Tok Pasai,,Sejarah Tok Pasai,Historic Site (Memorial),historic=memorial,node,6192272088,6.10614,100.290472,Kedah,02,Kota Setar,03,,,,,
OSM_node_9463497233,慰霊碑,,,Historic Site (Memorial),historic=memorial,node,9463497233,6.114882,100.365182,Kedah,02,Kota Setar,03,,,,,
OSM_node_3786211568,Alor Star 250 Tahun,,,Historic Site (Monument),historic=monument,node,3786211568,6.118173,100.365818,Kedah,02,Kota Setar,03,,,,,
OSM_way_286170229,Balai Besar,The Royal Hall,,Historic Site (Monument),historic=monument,way,286170229,6.119827,100.366521,Kedah,02,Kota Setar,03,,,,,
OSM_way_977473148,Replika Pintu Gerbang Istana Kota,,,Historic Site (Monument),historic=monument,way,977473148,6.120714,100.36644,Kedah,02,Kota Setar,03,,,,,
OSM_node_7213798515,Replika Pintu Gerbang Kacapuri,Replica of the Kacapuri,,Historic Site (Monument),historic=monument,node,7213798515,6.136583,100.369141,Kedah,02,Kota Setar,03,,,,,
OSM_node_4286179992,Tugu Pahlawan,,,Historic Site (Monument),historic=monument,node,4286179992,6.147325,100.372905,Kedah,02,Kota Setar,03,,,,,
OSM_node_5382681823,Kapsul Masa UTC Kedah,,,Historic Site (Time Capsule),historic=time_capsule,node,5382681823,6.118494,100.370297,Kedah,02,Kota Setar,03,,,,,
OSM_node_12378238596,Unnamed Historic Site (Wayside Shrine),,,Historic Site (Wayside Shrine),historic=wayside_shrine,node,12378238596,6.126823,100.370729,Kedah,02,Kota Setar,03,,,,,
OSM_way_286170254,Galeri Sultan Abdul Halim Mu'adzam Shah,The Sultan Abdul Halim Mu'adzam Shah Gallery,,Museum,tourism=museum,way,286170254,6.121388,100.36683,Kedah,02,Kota Setar,03,,,,,
OSM_relation_15405318,Muzium Diraja,The Royal Museum,,Museum,tourism=museum,relation,15405318,6.119569,100.366985,Kedah,02,Kota Setar,03,,,"Su-Th 09:00-17:00; Fr 09:30-12:30,14:30-17:00; PH off",,
OSM_way_337002993,Muzium Kota Kuala Kedah,,Muzium Kota Kuala Kedah,Museum,tourism=museum,way,337002993,6.108947,100.287306,Kedah,02,Kota Setar,03,,,,,
OSM_way_295809206,Muzium Negeri Kedah Darul Aman,Kedah Darul Aman State Museum,,Museum,tourism=museum,way,295809206,6.135609,100.368887,Kedah,02,Kota Setar,03,,,,,
OSM_relation_19729776,Muzium Padi,The Paddy Museum,,Museum,tourism=museum,relation,19729776,6.191366,100.325961,Kedah,02,Kota Setar,03,https://www.muziumkedah.gov.my/index.php/rangkaian/muzium-padi,,,,
OSM_relation_19729777,Pusat Sains Negara Cawangan Wilayah Utara,,,Museum,tourism=museum,relation,19729777,6.1912,100.324474,Kedah,02,Kota Setar,03,,,,,yes
OSM_node_2903624916,Menara Tanjung Chali,,Menara Tanjung Chali,Viewpoint,tourism=viewpoint,node,2903624916,6.116874,100.362306,Kedah,02,Kota Setar,03,,,,,
OSM_node_4810859500,Starsky Restaurant & Lounge,Starsky Restaurant & Lounge,,Viewpoint,tourism=viewpoint,node,4810859500,6.124542,100.367505,Kedah,02,Kota Setar,03,https://www.menaraalorsetar.com.my/en/facilities/starsky-restaurant-lounge,+604 720 2906;+604 720 2901;+604 736 3427,,,
OSM_node_12157746398,Unnamed Viewpoint,,,Viewpoint,tourism=viewpoint,node,12157746398,6.189545,100.332184,Kedah,02,Kota Setar,03,,,,,
OSM_node_12157746428,Unnamed Viewpoint,,,Viewpoint,tourism=viewpoint,node,12157746428,6.190134,100.332237,Kedah,02,Kota Setar,03,,,,,
OSM_node_12157746464,Unnamed Viewpoint,,,Viewpoint,tourism=viewpoint,node,12157746464,6.19051,100.333795,Kedah,02,Kota Setar,03,,,,,
OSM_node_12157746465,Unnamed Viewpoint,,,Viewpoint,tourism=viewpoint,node,12157746465,6.189807,100.334241,Kedah,02,Kota Setar,03,,,,,
OSM_node_7505075146,Dusun Eco,Dusun Eco,Dusun Eco,Attraction,tourism=attraction,node,7505075146,5.658982,100.361953,Kedah,02,Kuala Muda,04,,,,,
OSM_way_157511472,Jambatan Kereta Api Lama,,Jambatan Kereta Api Lama,Attraction,tourism=attraction,way,157511472,5.566438,100.504109,Kedah,02,Kuala Muda,04,,,,,
OSM_node_7237804383,Pantai Merdeka,Merdeka Beach,Pantai Merdeka,Attraction,tourism=attraction,node,7237804383,5.666128,100.367022,Kedah,02,Kuala Muda,04,,,,,
OSM_way_422075314,Pusat Interpretasi Pelancongan Kuala Muda (Kompleks Jeti Semeling),,,Attraction,tourism=attraction,way,422075314,5.681951,100.467204,Kedah,02,Kuala Muda,04,,,Mo-Su 09:00-19:00,,yes
OSM_node_5500281422,Sungai Tok Pawang Durian Orchard,,,Attraction,tourism=attraction,node,5500281422,5.764109,100.487073,Kedah,02,Kuala Muda,04,,,,,
OSM_way_379815650,Pantai Merdeka,Merdeka Beach,Pantai Merdeka,Beach,natural=beach,way,379815650,5.667957,100.369336,Kedah,02,Kuala Muda,04,,,,,
OSM_way_379815643,Unnamed Beach,,,Beach,natural=beach,way,379815643,5.664339,100.357975,Kedah,02,Kuala Muda,04,,,,,
OSM_way_379815647,Unnamed Beach,,,Beach,natural=beach,way,379815647,5.661506,100.336995,Kedah,02,Kuala Muda,04,,,,,
OSM_way_379815651,Unnamed Beach,,,Beach,natural=beach,way,379815651,5.658004,100.333605,Kedah,02,Kuala Muda,04,,,,,
OSM_way_379815652,Unnamed Beach,,,Beach,natural=beach,way,379815652,5.66849,100.341363,Kedah,02,Kuala Muda,04,,,,,
OSM_way_379815654,Unnamed Beach,,,Beach,natural=beach,way,379815654,5.662446,100.338324,Kedah,02,Kuala Muda,04,,,,,
OSM_way_379815658,Unnamed Beach,,,Beach,natural=beach,way,379815658,5.669682,100.348505,Kedah,02,Kuala Muda,04,,,,,
OSM_way_379815659,Unnamed Beach,,,Beach,natural=beach,way,379815659,5.665378,100.339889,Kedah,02,Kuala Muda,04,,,,,
OSM_node_7215604070,Unnamed Historic Site,,,Historic Site,historic=yes,node,7215604070,5.671834,100.465795,Kedah,02,Kuala Muda,04,,,,,
OSM_way_1287104062,Kompleks Arkeologi Pengkalan Bujang,Pengkalan Bujang Archaelogical Complex,,Historic Site (Archaeological Site),historic=archaeological_site,way,1287104062,5.684385,100.424078,Kedah,02,Kuala Muda,04,,,09:00-17:00,,
OSM_way_387592090,Lembah Bujang,,,Historic Site (Archaeological Site),historic=archaeological_site,way,387592090,5.738376,100.413768,Kedah,02,Kuala Muda,04,,,,,
OSM_way_387592106,Tapak Arkeologi Sungai Batu,,,Historic Site (Archaeological Site),historic=archaeological_site,way,387592106,5.694714,100.451961,Kedah,02,Kuala Muda,04,,,Mo-Su 09:00-17:00; PH off,,limited
OSM_way_387592107,Tapak Arkeologi Sungai Batu,,,Historic Site (Archaeological Site),historic=archaeological_site,way,387592107,5.694081,100.454743,Kedah,02,Kuala Muda,04,,,Mo-Su 09:00-17:00; PH off,,limited
OSM_way_387592108,Tapak Arkeologi Sungai Batu,,,Historic Site (Archaeological Site),historic=archaeological_site,way,387592108,5.696054,100.452387,Kedah,02,Kuala Muda,04,,,Mo-Su 09:00-17:00; PH off,,limited
OSM_way_809447684,Galeri Tsunami,,,Historic Site (Memorial),historic=memorial,way,809447684,5.584872,100.339619,Kedah,02,Kuala Muda,04,,,,,
OSM_way_788099866,"Tugu Peringatan Tsunami Kota Kuala Muda, Kedah",,,Historic Site (Memorial),historic=memorial,way,788099866,5.586217,100.339891,Kedah,02,Kuala Muda,04,,,,,
OSM_way_681370851,Unnamed Historic Site (Ruins),,,Historic Site (Ruins),historic=ruins,way,681370851,5.739156,100.413603,Kedah,02,Kuala Muda,04,,,,,
OSM_way_681370871,Unnamed Historic Site (Ruins),,,Historic Site (Ruins),historic=ruins,way,681370871,5.739471,100.413169,Kedah,02,Kuala Muda,04,,,,,
OSM_way_681370873,Unnamed Historic Site (Ruins),,,Historic Site (Ruins),historic=ruins,way,681370873,5.739369,100.4132,Kedah,02,Kuala Muda,04,,,,,
OSM_way_1311744373,Unnamed Historic Site (Ruins),,,Historic Site (Ruins),historic=ruins,way,1311744373,5.738586,100.413964,Kedah,02,Kuala Muda,04,,,,,
OSM_way_387592088,Makam Sultan Al Mudzaffar Shah,,,Historic Site (Tomb),historic=tomb,way,387592088,5.685801,100.447784,Kedah,02,Kuala Muda,04,,,,,
OSM_node_12144765225,Unnamed Historic Site (Wayside Shrine),,,Historic Site (Wayside Shrine),historic=wayside_shrine,node,12144765225,5.604713,100.456533,Kedah,02,Kuala Muda,04,,,,,
OSM_way_387592091,Muzium Arkeologi Lembah Bujang,,,Museum,tourism=museum,way,387592091,5.738082,100.414483,Kedah,02,Kuala Muda,04,,,,,
OSM_node_12141806159,Unnamed Viewpoint,,,Viewpoint,tourism=viewpoint,node,12141806159,5.755498,100.42231,Kedah,02,Kuala Muda,04,,,,,
OSM_node_12144765217,Unnamed Viewpoint,,,Viewpoint,tourism=viewpoint,node,12144765217,5.60316,100.457299,Kedah,02,Kuala Muda,04,,,,,
OSM_node_12144765343,Unnamed Viewpoint,,,Viewpoint,tourism=viewpoint,node,12144765343,5.602571,100.448386,Kedah,02,Kuala Muda,04,,,,,
OSM_node_12550931627,Berangan Aqua Park,,,Water Park,leisure=water_park,node,12550931627,5.581417,100.480101,Kedah,02,Kuala Muda,04,,,,,
OSM_way_558261175,The Carnivall,,,Water Park,leisure=water_park,way,558261175,5.661909,100.524566,Kedah,02,Kuala Muda,04,,,,,
OSM_node_13766755001,"Air Terjun 7 Beradik , 08300 Gurun , Kedah",,,Waterfall,waterway=waterfall,node,13766755001,5.795671,100.473256,Kedah,02,Kuala Muda,04,,,,,
OSM_node_3908564073,Air Terjun Sungai Batu Pahat,,,Waterfall,waterway=waterfall,node,3908564073,5.738127,100.415036,Kedah,02,Kuala Muda,04,,,,,
OSM_node_11992531990,Taman Kucing,,,Zoo,tourism=zoo,node,11992531990,5.648022,100.463507,Kedah,02,Kuala Muda,04,,,,,
OSM_node_4920149323,BDB Bike Park,Darulaman Bike Park,,Attraction,tourism=attraction,node,4920149323,6.248235,100.44659,Kedah,02,Kubang Pasu,05,,,,,
OSM_node_3264883867,Darulaman Golf & Country Club,,,Attraction,tourism=attraction,node,3264883867,6.247782,100.438415,Kedah,02,Kubang Pasu,05,,,,,
OSM_node_3608190314,Flower Clock of UUM,,,Attraction,tourism=attraction,node,3608190314,6.467823,100.505279,Kedah,02,Kubang Pasu,05,,,,,
OSM_node_6712506686,Kampung Bendahara,,,Attraction,tourism=attraction,node,6712506686,6.396191,100.325703,Kedah,02,Kubang Pasu,05,,,,,
OSM_node_6712506687,Kampung Bendahara,,,Attraction,tourism=attraction,node,6712506687,6.396459,100.325807,Kedah,02,Kubang Pasu,05,,,,,
OSM_node_6712510885,Kampung Pering,,,Attraction,tourism=attraction,node,6712510885,6.371452,100.33614,Kedah,02,Kubang Pasu,05,,,,,
OSM_node_6712510886,Kampung Pering,,,Attraction,tourism=attraction,node,6712510886,6.372346,100.334877,Kedah,02,Kubang Pasu,05,,,,,
OSM_node_3929296731,Rimba Rekreasi Bukit Wang,,,Attraction,tourism=attraction,node,3929296731,6.318815,100.483109,Kedah,02,Kubang Pasu,05,,,Mo-Th 09:00-16:00; Fr-Su 09:00-18:00,,
OSM_node_3178231284,Sime Darby Lake,,,Attraction,tourism=attraction,node,3178231284,6.467587,100.501485,Kedah,02,Kubang Pasu,05,,,,,
OSM_node_3608427566,Tasik Guthrie,,,Attraction,tourism=attraction,node,3608427566,6.468263,100.501547,Kedah,02,Kubang Pasu,05,,,,,
OSM_node_3739994926,Kubu British,British Pillbox,,Historic Site,historic=yes,node,3739994926,6.20475,100.403978,Kedah,02,Kubang Pasu,05,,,,,
OSM_node_3739994927,Kubu British,British Pillbox,,Historic Site,historic=yes,node,3739994927,6.204938,100.404813,Kedah,02,Kubang Pasu,05,,,,,
OSM_way_370289667,Kubu British,British Pillbox,,Historic Site,historic=yes,way,370289667,6.271875,100.399525,Kedah,02,Kubang Pasu,05,,,,,
OSM_way_355236587,Tugu Pahlawan,,,Historic Site (Monument),historic=monument,way,355236587,6.473065,100.50701,Kedah,02,Kubang Pasu,05,,,,,
OSM_way_318838905,Istana Tunku Kudin,,,Historic Site (Ruins),historic=ruins,way,318838905,6.209815,100.431859,Kedah,02,Kubang Pasu,05,,,,,
OSM_node_5411633259,Muzium Pengurusan UUM,UUM Management Museum,,Museum,tourism=museum,node,5411633259,6.461349,100.505582,Kedah,02,Kubang Pasu,05,,,,,
OSM_way_487247066,Fantasia Aquapark,,,Theme Park,tourism=theme_park,way,487247066,6.254612,100.438942,Kedah,02,Kubang Pasu,05,,,Mo-Su 10:00-19:00,,
OSM_node_8562554317,Unnamed Viewpoint,,,Viewpoint,tourism=viewpoint,node,8562554317,6.386688,100.368563,Kedah,02,Kubang Pasu,05,,,,,
OSM_node_12165783747,Unnamed Viewpoint,,,Viewpoint,tourism=viewpoint,node,12165783747,6.271763,100.455275,Kedah,02,Kubang Pasu,05,,,,,
OSM_node_12165783749,Unnamed Viewpoint,,,Viewpoint,tourism=viewpoint,node,12165783749,6.26975,100.449279,Kedah,02,Kubang Pasu,05,,,,,
OSM_node_12165783750,Unnamed Viewpoint,,,Viewpoint,tourism=viewpoint,node,12165783750,6.272106,100.454135,Kedah,02,Kubang Pasu,05,,,,,
OSM_node_12170014317,Unnamed Viewpoint,,,Viewpoint,tourism=viewpoint,node,12170014317,6.423227,100.374579,Kedah,02,Kubang Pasu,05,,,,,
OSM_node_12170014343,Unnamed Viewpoint,,,Viewpoint,tourism=viewpoint,node,12170014343,6.425311,100.379152,Kedah,02,Kubang Pasu,05,,,,,
OSM_node_12167454968,Air Terjun Tirai,Tirai Waterfall,,Waterfall,waterway=waterfall,node,12167454968,6.392778,100.523052,Kedah,02,Kubang Pasu,05,,,,,
OSM_node_11415241370,Infineon Technologies (Kulim) Sdn. Bhd.,,,Attraction,tourism=attraction,node,11415241370,5.399599,100.590648,Kedah,02,Kulim,06,,,,,
OSM_node_13179937101,KM2,,,Attraction,tourism=attraction,node,13179937101,5.424719,100.588232,Kedah,02,Kulim,06,,,,,
OSM_node_9743578517,TIAHEERA HALL,,,Attraction,tourism=attraction,node,9743578517,5.363437,100.526433,Kedah,02,Kulim,06,,,,,
OSM_node_12149776039,Unnamed Viewpoint,,,Viewpoint,tourism=viewpoint,node,12149776039,5.33436,100.562125,Kedah,02,Kulim,06,,,,,
OSM_node_12149776065,Unnamed Viewpoint,,,Viewpoint,tourism=viewpoint,node,12149776065,5.335889,100.554583,Kedah,02,Kulim,06,,,,,
OSM_node_13293965741,Sungai Tengas Falls,,Lata Sungai Tengas,Waterfall,waterway=waterfall,node,13293965741,5.312464,100.654957,Kedah,02,Kulim,06,,,,,
OSM_way_334435367,Underwater World,Underwater World,,Aquarium,tourism=aquarium,way,334435367,6.287832,99.728615,Kedah,02,Langkawi,07,http://www.underwaterworldlangkawi.com.my/indexmenu.html,+60 4 9556100,"Mo-Fr 09:30-18:30; Sa,Su 09:30-20:30",,
OSM_node_6702747985,Ancient tomb Makam Purba,,,Attraction,tourism=attraction,node,6702747985,6.348771,99.766617,Kedah,02,Langkawi,07,,,,,
OSM_node_5377343721,Arrival Local Boats From Kuah,Arrival Local Boats From Kuah,,Attraction,tourism=attraction,node,5377343721,6.253208,99.860227,Kedah,02,Langkawi,07,,,,,
OSM_node_3454996363,Bat Cave,Bat Cave,,Attraction,tourism=attraction,node,3454996363,6.401846,99.859259,Kedah,02,Langkawi,07,,,,,
OSM_node_5437723224,"Beach, Very Private","Beach, Very Private",,Attraction,tourism=attraction,node,5437723224,6.424498,99.79181,Kedah,02,Langkawi,07,,,,,
OSM_node_2125027403,Beras Terbakar,Field Of Burnt Rice,Beras Terbakar,Attraction,tourism=attraction,node,2125027403,6.354664,99.731239,Kedah,02,Langkawi,07,,,,,
OSM_node_2125086234,Buffalo,Buffalo,,Attraction,tourism=attraction,node,2125086234,6.37091,99.763097,Kedah,02,Langkawi,07,,,,,
OSM_node_4542826992,Carting,Carting,,Attraction,tourism=attraction,node,4542826992,6.401077,99.852419,Kedah,02,Langkawi,07,,,,,
OSM_node_3454996364,Crocodile Cave,Crocodile Cave,,Attraction,tourism=attraction,node,3454996364,6.424159,99.846966,Kedah,02,Langkawi,07,,,,,
OSM_node_1804701551,Eagle Feeding Area,,,Attraction,tourism=attraction,node,1804701551,6.417223,99.872391,Kedah,02,Langkawi,07,,,,,
OSM_node_3454996365,Eagle Feeding Area,,,Attraction,tourism=attraction,node,3454996365,6.429917,99.834425,Kedah,02,Langkawi,07,,,,,
OSM_node_5292792521,Eagle Feeding Area,Eagle Feeding Area,,Attraction,tourism=attraction,node,5292792521,6.225172,99.734887,Kedah,02,Langkawi,07,,,,,
OSM_node_5309678721,Entrance Kilim Geoforest Park,,,Attraction,tourism=attraction,node,5309678721,6.405003,99.858433,Kedah,02,Langkawi,07,,,,,
OSM_node_5321904523,Fish Farm,,,Attraction,tourism=attraction,node,5321904523,6.460778,99.83226,Kedah,02,Langkawi,07,,,,,
OSM_way_338422055,Fish Feeding,,,Attraction,tourism=attraction,way,338422055,6.415823,99.863674,Kedah,02,Langkawi,07,,,,,
OSM_node_5021121121,Geo Eco Adventures,Geo Eco Adventures,,Attraction,tourism=attraction,node,5021121121,6.399093,99.727915,Kedah,02,Langkawi,07,http://geoecoadventures.blogspot.com/,,,,
OSM_node_13511348601,Geopark Ocean Drive,,,Attraction,tourism=attraction,node,13511348601,6.27134,99.745697,Kedah,02,Langkawi,07,,,,,
OSM_way_334435348,Helioutpost Langkawi,Helioutpost Langkawi,,Attraction,tourism=attraction,way,334435348,6.313189,99.725409,Kedah,02,Langkawi,07,,,,,
OSM_way_338422056,Hole in the Wall Fish Farm,,,Attraction,tourism=attraction,way,338422056,6.416836,99.863061,Kedah,02,Langkawi,07,,,,,
OSM_node_6197152187,ILHAM Ceramic Workshop,ILHAM Ceramic Workshop,,Attraction,tourism=attraction,node,6197152187,6.315995,99.856273,Kedah,02,Langkawi,07,,,,,
OSM_node_7092904842,Kawah Minyak Gamat,A Cauldron of Golden Sea Cucumber Oil Being Prepared,Kawah Minyak Gamat,Attraction,tourism=attraction,node,7092904842,6.32308,99.78377,Kedah,02,Langkawi,07,,,,,
OSM_way_112477895,Langkawi Sky Bridge,Langkawi Sky Bridge,,Attraction,tourism=attraction,way,112477895,6.386541,99.662164,Kedah,02,Langkawi,07,,,,,
OSM_way_201795658,Langkawi Sky Bridge,Langkawi Sky Bridge,,Attraction,tourism=attraction,way,201795658,6.386005,99.662249,Kedah,02,Langkawi,07,,,,,
OSM_way_1315123584,Langkawi Sky Bridge,Langkawi Sky Bridge,,Attraction,tourism=attraction,way,1315123584,6.387069,99.662343,Kedah,02,Langkawi,07,,,,,
OSM_node_5376916521,Local Boats To Tuba Island,Local Boats To Tuba Island,,Attraction,tourism=attraction,node,5376916521,6.304416,99.851214,Kedah,02,Langkawi,07,,,,,
OSM_node_4664567891,Mangrove Sanctuary,,,Attraction,tourism=attraction,node,4664567891,6.405568,99.857603,Kedah,02,Langkawi,07,,,,no,
OSM_way_725920358,Marine Observatory Pontoon,,,Attraction,tourism=attraction,way,725920358,6.065329,100.043362,Kedah,02,Langkawi,07,,,,,
OSM_node_4898606621,Night Market,Night Market,,Attraction,tourism=attraction,node,4898606621,6.3164,99.850412,Kedah,02,Langkawi,07,,,,,
OSM_node_6561608285,Night Market (Every Friday),Night Market (Every Friday),,Attraction,tourism=attraction,node,6561608285,6.4271,99.801145,Kedah,02,Langkawi,07,,,,,
OSM_node_5783643262,Night Market (every Wednesday and Saturday),,,Attraction,tourism=attraction,node,5783643262,6.320182,99.85135,Kedah,02,Langkawi,07,,,,,
OSM_way_759096761,Pasar malam Isnin,Night market on Mondays,,Attraction,tourism=attraction,way,759096761,6.349837,99.766907,Kedah,02,Langkawi,07,,,,,
OSM_node_4528024389,Pekan Rabu Pier/Jeti,,Pekan Rabu Pier/Jeti,Attraction,tourism=attraction,node,4528024389,6.315374,99.850611,Kedah,02,Langkawi,07,,,,,
OSM_relation_17320378,Pulau Payar,,,Attraction,tourism=attraction,relation,17320378,6.062572,100.040027,Kedah,02,Langkawi,07,,,,,
OSM_way_1025872443,SAS Rimba Floating Fish Farm,,,Attraction,tourism=attraction,way,1025872443,6.417688,99.862702,Kedah,02,Langkawi,07,,,,,
OSM_node_5321927421,Schwangere Frau Hügel,,,Attraction,tourism=attraction,node,5321927421,6.208494,99.773296,Kedah,02,Langkawi,07,,,,,
OSM_node_7170939885,Secret Beach,Secret Beach,,Attraction,tourism=attraction,node,7170939885,6.359168,99.685379,Kedah,02,Langkawi,07,,,,,
OSM_node_6806162537,Shark Point,Shark Point,,Attraction,tourism=attraction,node,6806162537,6.069247,100.043917,Kedah,02,Langkawi,07,,,,,
OSM_node_5302009522,SkyTrex Langkawi,SkyTrex Langkawi,SkyTrex Langkawi,Attraction,tourism=attraction,node,5302009522,6.370342,99.681408,Kedah,02,Langkawi,07,,,,,
OSM_way_1315349421,Taman Eko-Rimba Telaga Tujuh,Seven Wells Eco-Forest Park,,Attraction,tourism=attraction,way,1315349421,6.378509,99.673892,Kedah,02,Langkawi,07,,,,,
OSM_node_1804658561,Taman Lagenda,Langkawi Legend Park,,Attraction,tourism=attraction,node,1804658561,6.31544,99.853535,Kedah,02,Langkawi,07,,,Mo-Su 07:00-19:00,,
OSM_way_754507896,Telara Air Hangat - Hot Springs,Telara Air Hangat - Hot Springs,,Attraction,tourism=attraction,way,754507896,6.4224,99.81328,Kedah,02,Langkawi,07,,,Mo-Su 10:00-18:00,yes,
OSM_node_11707611123,The Giants of Langkawi,,,Attraction,tourism=attraction,node,11707611123,6.365584,99.791052,Kedah,02,Langkawi,07,,,,,
OSM_way_303067127,Top Station,Top Station,,Attraction,tourism=attraction,way,303067127,6.385333,99.661119,Kedah,02,Langkawi,07,,,,,yes
OSM_node_13310766501,Tree and shadow,,,Attraction,tourism=attraction,node,13310766501,6.277745,99.730413,Kedah,02,Langkawi,07,,,,,
OSM_node_5321904522,Unnamed Attraction,,,Attraction,tourism=attraction,node,5321904522,6.22411,99.734899,Kedah,02,Langkawi,07,,,,,
OSM_node_5362812922,Unnamed Attraction,,,Attraction,tourism=attraction,node,5362812922,6.317565,99.737673,Kedah,02,Langkawi,07,,,,,
OSM_way_1376686817,Unnamed Attraction,,,Attraction,tourism=attraction,way,1376686817,6.363739,99.679031,Kedah,02,Langkawi,07,,,,,
OSM_node_3454996367,Макаки,Water Monkeys,,Attraction,tourism=attraction,node,3454996367,6.43112,99.829765,Kedah,02,Langkawi,07,,,,,
OSM_node_3120238078,Jalan Teluk Yu Beach,,Jalan Teluk Yu Beach,Beach,natural=beach,node,3120238078,6.421703,99.778185,Kedah,02,Langkawi,07,,,,,
OSM_relation_10512913,Pantai Beringin,Beringin Beach,Pantai Beringin,Beach,natural=beach,relation,10512913,6.29615,99.861308,Kedah,02,Langkawi,07,,,,,
OSM_way_124322784,Pantai Cenang,Cenang Beach,Pantai Cenang,Beach,natural=beach,way,124322784,6.295358,99.723345,Kedah,02,Langkawi,07,,,,,
OSM_relation_17320380,Pantai Damai,Damai Beach,Pantai Damai,Beach,natural=beach,relation,17320380,6.065897,100.042475,Kedah,02,Langkawi,07,,,,,
OSM_relation_10512914,Pantai Datuk Syed Omar,Datuk Syed Omar Beach,Pantai Datuk Syed Omar,Beach,natural=beach,relation,10512914,6.298237,99.856651,Kedah,02,Langkawi,07,,,,,
OSM_way_202137027,Pantai Kok,Kok Beach,,Beach,natural=beach,way,202137027,6.36465,99.677665,Kedah,02,Langkawi,07,,,,,
OSM_way_202285115,Pantai Pasir Hitam,Black Sand Beach,,Beach,natural=beach,way,202285115,6.427739,99.794889,Kedah,02,Langkawi,07,,,,,
OSM_way_542182843,Pantai Taman Lagenda,Lagenda Park Beach,Pantai Taman Lagenda,Beach,natural=beach,way,542182843,6.313566,99.85162,Kedah,02,Langkawi,07,,,,,
OSM_relation_4013309,Pantai Tanjung Rhu,Tanjung Rhu Public Beach,,Beach,natural=beach,relation,4013309,6.457845,99.824899,Kedah,02,Langkawi,07,,,,,
OSM_relation_4033526,Pantai Teluk Datai,Datai Bay Beach,Pantai Teluk Datai,Beach,natural=beach,relation,4033526,6.428558,99.671195,Kedah,02,Langkawi,07,,,,,
OSM_relation_10487000,Pantai Teluk Nibong,Nibong Bay Beach,Pantai Teluk Nibong,Beach,natural=beach,relation,10487000,6.36011,99.701797,Kedah,02,Langkawi,07,,,,,
OSM_relation_4045571,Pantai Tengah,Tengah Island,Pantai Tengah,Beach,natural=beach,relation,4045571,6.273109,99.731165,Kedah,02,Langkawi,07,,,,,
OSM_relation_4785170,Pasir Panjang,Panjang Beach,Pasir Panjang,Beach,natural=beach,relation,4785170,6.469474,99.842511,Kedah,02,Langkawi,07,,,,,
OSM_way_729233917,Pasir Tengkorak,Skull Beach,Pasir Tengkorak,Beach,natural=beach,way,729233917,6.430749,99.726124,Kedah,02,Langkawi,07,,,,,
OSM_way_1263185496,Private Hotel Beach,Private Hotel Beach,,Beach,natural=beach,way,1263185496,6.293787,99.701227,Kedah,02,Langkawi,07,,,,,
OSM_way_206384273,Tengah Beach,Tengah Beach,Pantai Tengah,Beach,natural=beach,way,206384273,6.281435,99.729212,Kedah,02,Langkawi,07,,,,,
OSM_way_1263185495,The Red Beach,The Red Beach,,Beach,natural=beach,way,1263185495,6.30089,99.693952,Kedah,02,Langkawi,07,,,,,
OSM_way_202180228,Unnamed Beach,,,Beach,natural=beach,way,202180228,6.431983,99.660536,Kedah,02,Langkawi,07,,,,,
OSM_way_206383560,Unnamed Beach,,,Beach,natural=beach,way,206383560,6.365428,99.66802,Kedah,02,Langkawi,07,,,,,
OSM_way_206383565,Unnamed Beach,,,Beach,natural=beach,way,206383565,6.363789,99.670582,Kedah,02,Langkawi,07,,,,,
OSM_way_414771466,Unnamed Beach,,,Beach,natural=beach,way,414771466,6.371999,99.905344,Kedah,02,Langkawi,07,,,,,
OSM_way_414771467,Unnamed Beach,,,Beach,natural=beach,way,414771467,6.383848,99.910681,Kedah,02,Langkawi,07,,,,,
OSM_way_415303239,Unnamed Beach,,,Beach,natural=beach,way,415303239,6.245064,99.869301,Kedah,02,Langkawi,07,,,,,
OSM_way_492285294,Unnamed Beach,,,Beach,natural=beach,way,492285294,6.336711,99.721341,Kedah,02,Langkawi,07,,,,,
OSM_way_542071079,Unnamed Beach,,,Beach,natural=beach,way,542071079,6.411832,99.644611,Kedah,02,Langkawi,07,,,,,
OSM_way_542082173,Unnamed Beach,,,Beach,natural=beach,way,542082173,6.42986,99.743251,Kedah,02,Langkawi,07,,,,,
OSM_way_662911906,Unnamed Beach,,,Beach,natural=beach,way,662911906,6.324837,99.722267,Kedah,02,Langkawi,07,,,,,
OSM_way_725937852,Unnamed Beach,,,Beach,natural=beach,way,725937852,6.238345,99.872237,Kedah,02,Langkawi,07,,,,,
OSM_way_726166827,Unnamed Beach,,,Beach,natural=beach,way,726166827,6.27097,99.72212,Kedah,02,Langkawi,07,,,,,
OSM_way_726166828,Unnamed Beach,,,Beach,natural=beach,way,726166828,6.266811,99.720447,Kedah,02,Langkawi,07,,,,,
OSM_way_821087754,Unnamed Beach,,,Beach,natural=beach,way,821087754,6.357298,99.692582,Kedah,02,Langkawi,07,,,,,
OSM_way_1453923413,Unnamed Beach,,,Beach,natural=beach,way,1453923413,6.352577,99.716939,Kedah,02,Langkawi,07,,,,,
OSM_way_1463425007,Unnamed Beach,,,Beach,natural=beach,way,1463425007,6.361185,99.671657,Kedah,02,Langkawi,07,,,,,
OSM_way_1463425011,Unnamed Beach,,,Beach,natural=beach,way,1463425011,6.357855,99.670785,Kedah,02,Langkawi,07,,,,,
OSM_way_1476861997,Unnamed Beach,,,Beach,natural=beach,way,1476861997,6.275705,99.730731,Kedah,02,Langkawi,07,,,,,
OSM_relation_4009210,Unnamed Beach,,,Beach,natural=beach,relation,4009210,6.321755,99.884368,Kedah,02,Langkawi,07,,,,,
OSM_relation_4009211,Unnamed Beach,,,Beach,natural=beach,relation,4009211,6.33296,99.91211,Kedah,02,Langkawi,07,,,,,
OSM_relation_4009212,Unnamed Beach,,,Beach,natural=beach,relation,4009212,6.307311,99.875038,Kedah,02,Langkawi,07,,,,,
OSM_relation_4009213,Unnamed Beach,,,Beach,natural=beach,relation,4009213,6.351593,99.910014,Kedah,02,Langkawi,07,,,,,
OSM_relation_4009214,Unnamed Beach,,,Beach,natural=beach,relation,4009214,6.327141,99.900107,Kedah,02,Langkawi,07,,,,,
OSM_relation_4009215,Unnamed Beach,,,Beach,natural=beach,relation,4009215,6.339282,99.913132,Kedah,02,Langkawi,07,,,,,
OSM_relation_4009216,Unnamed Beach,,,Beach,natural=beach,relation,4009216,6.306322,99.870946,Kedah,02,Langkawi,07,,,,,
OSM_relation_4009217,Unnamed Beach,,,Beach,natural=beach,relation,4009217,6.328549,99.904173,Kedah,02,Langkawi,07,,,,,
OSM_relation_4009218,Unnamed Beach,,,Beach,natural=beach,relation,4009218,6.317535,99.879317,Kedah,02,Langkawi,07,,,,,
OSM_relation_4009219,Unnamed Beach,,,Beach,natural=beach,relation,4009219,6.33461,99.913064,Kedah,02,Langkawi,07,,,,,
OSM_relation_4009220,Unnamed Beach,,,Beach,natural=beach,relation,4009220,6.308413,99.877027,Kedah,02,Langkawi,07,,,,,
OSM_relation_4009221,Unnamed Beach,,,Beach,natural=beach,relation,4009221,6.33123,99.910987,Kedah,02,Langkawi,07,,,,,
OSM_relation_4013306,Unnamed Beach,,,Beach,natural=beach,relation,4013306,6.445406,99.806001,Kedah,02,Langkawi,07,,,,,
OSM_relation_4013307,Unnamed Beach,,,Beach,natural=beach,relation,4013307,6.46653,99.84703,Kedah,02,Langkawi,07,,,,,
OSM_relation_4013308,Unnamed Beach,,,Beach,natural=beach,relation,4013308,6.454249,99.819672,Kedah,02,Langkawi,07,,,,,
OSM_relation_4033527,Unnamed Beach,,,Beach,natural=beach,relation,4033527,6.433365,99.689539,Kedah,02,Langkawi,07,,,,,
OSM_relation_7840082,Unnamed Beach,,,Beach,natural=beach,relation,7840082,6.263942,99.849049,Kedah,02,Langkawi,07,,,,,
OSM_relation_7840083,Unnamed Beach,,,Beach,natural=beach,relation,7840083,6.267063,99.846515,Kedah,02,Langkawi,07,,,,,
OSM_relation_9627245,Unnamed Beach,,,Beach,natural=beach,relation,9627245,6.230891,99.71656,Kedah,02,Langkawi,07,,,,,
OSM_relation_9627246,Unnamed Beach,,,Beach,natural=beach,relation,9627246,6.222872,99.720848,Kedah,02,Langkawi,07,,,,,
OSM_relation_13277107,Unnamed Beach,,,Beach,natural=beach,relation,13277107,6.188726,99.799853,Kedah,02,Langkawi,07,,,,,
OSM_relation_17295109,Unnamed Beach,,,Beach,natural=beach,relation,17295109,6.298459,99.699072,Kedah,02,Langkawi,07,,,,,
OSM_relation_17320379,Unnamed Beach,,,Beach,natural=beach,relation,17320379,6.063312,100.041017,Kedah,02,Langkawi,07,,,,,
OSM_relation_18033780,Unnamed Beach,,,Beach,natural=beach,relation,18033780,6.435197,99.674275,Kedah,02,Langkawi,07,,,,,
OSM_relation_18134444,Unnamed Beach,,,Beach,natural=beach,relation,18134444,6.43523,99.708357,Kedah,02,Langkawi,07,,,,,
OSM_relation_18180349,Unnamed Beach,,,Beach,natural=beach,relation,18180349,6.243423,99.713941,Kedah,02,Langkawi,07,,,,,
OSM_way_663215428,3D Art,3D Art,,Gallery,tourism=gallery,way,663215428,6.372158,99.672048,Kedah,02,Langkawi,07,,,,,
OSM_node_12548732102,Balai Seni Negara Langkawi,National Art Gallery Langkawi,,Gallery,tourism=gallery,node,12548732102,6.325598,99.835176,Kedah,02,Langkawi,07,,,,,
OSM_node_3449734113,Muzium Ibrahim Hussein,Ibrahim Hussein Museum,Muzium Ibrahim Hussein,Gallery,tourism=gallery,node,3449734113,6.430274,99.727828,Kedah,02,Langkawi,07,,,,,
OSM_node_12958138701,bougainvillia inn,,,Historic Site (Castle),historic=castle,node,12958138701,6.312942,99.862037,Kedah,02,Langkawi,07,,,,,
OSM_node_6984039057,Kilim Geoforest Park Sign,Kilim Geoforest Park Sign,,Historic Site (Monument),historic=monument,node,6984039057,6.428107,99.867531,Kedah,02,Langkawi,07,,,,,
OSM_node_250270162,Pulau Langkawi,Langkawi Island,,Historic Site (Monument),historic=monument,node,250270162,6.376108,99.794378,Kedah,02,Langkawi,07,,,,,
OSM_node_5020565424,Sleeping Little Whale,Sleeping Little Whale,,Historic Site (Monument),historic=monument,node,5020565424,6.423146,99.787543,Kedah,02,Langkawi,07,,,,,
OSM_node_2893236816,"Kota Mahsuri, Mausoleum",Mahsuri Mausoleum,Makam Mahsuri,Historic Site (Tomb),historic=tomb,node,2893236816,6.338813,99.784148,Kedah,02,Langkawi,07,,,Mo-Su 09:00-18:00,,
OSM_node_1283627110,Makam Purba,Ancient Tomb,,Historic Site (Tomb),historic=tomb,node,1283627110,6.348798,99.766459,Kedah,02,Langkawi,07,,,,,
OSM_node_4788891821,Believe 5D Art Museum,Believe 5D Art Museum,,Museum,tourism=museum,node,4788891821,6.311344,99.856166,Kedah,02,Langkawi,07,,,,,
OSM_node_2122554935,Faizy Crystal Glass Blowing,Faizy Crystal Glass Blowing,,Museum,tourism=museum,node,2122554935,6.420335,99.780303,Kedah,02,Langkawi,07,,,,,
OSM_way_758740225,Galeria Perdana,Perdana Gallery,Galeria Perdana,Museum,tourism=museum,way,758740225,6.402435,99.85417,Kedah,02,Langkawi,07,https://www.jmm.gov.my/en/museum/galeria-perdana,,Tu-Sa 10:00-17:00,,
OSM_node_1384060917,Laman Padi Langkawi,Rice Garden,Laman Padi Langkawi,Museum,tourism=museum,node,1384060917,6.298583,99.722387,Kedah,02,Langkawi,07,,,Mo-Su 09:00-17:00,,
OSM_node_9455370921,Langkawi Geopark Discovery Centre,,,Museum,tourism=museum,node,9455370921,6.404836,99.85767,Kedah,02,Langkawi,07,https://langkawigeopark.com.my/discovery-centre/,+6049600600,Mo-Su 09:00-17:00,,
OSM_way_1315926199,Oriental Village,Oriental Village,,Theme Park,tourism=theme_park,way,1315926199,6.37092,99.671362,Kedah,02,Langkawi,07,https://panoramalangkawi.com/,,,,
OSM_node_6194386785,Airplane,,,Viewpoint,tourism=viewpoint,node,6194386785,6.314184,99.717792,Kedah,02,Langkawi,07,,,,,
OSM_node_12231593812,Anjung Tinjau Air Terjun Langkawi,Langkawi Waterfall Observation Deck,,Viewpoint,tourism=viewpoint,node,12231593812,6.435038,99.707448,Kedah,02,Langkawi,07,,,,,
OSM_node_5657856844,Beach,Beach,,Viewpoint,tourism=viewpoint,node,5657856844,6.278025,99.818969,Kedah,02,Langkawi,07,,,,,
OSM_node_5658322221,Jetti Point,Jetti Point,,Viewpoint,tourism=viewpoint,node,5658322221,6.255839,99.825475,Kedah,02,Langkawi,07,,,,,
OSM_node_5657856845,Jetty Point,Jetty Point,,Viewpoint,tourism=viewpoint,node,5657856845,6.267977,99.846804,Kedah,02,Langkawi,07,,,,,
OSM_node_5658005721,Jetty Point,Jetty Point,,Viewpoint,tourism=viewpoint,node,5658005721,6.248831,99.82622,Kedah,02,Langkawi,07,,,,,
OSM_node_5658005722,Local Fisherman Boat Point,Local Fisherman Boat Point,,Viewpoint,tourism=viewpoint,node,5658005722,6.247034,99.82573,Kedah,02,Langkawi,07,,,,,
OSM_node_11778313969,Nest Rooftop,Nest Rooftop,,Viewpoint,tourism=viewpoint,node,11778313969,6.292652,99.726174,Kedah,02,Langkawi,07,,,,,
OSM_node_4803940568,Puncak 701,Peak 701,,Viewpoint,tourism=viewpoint,node,4803940568,6.399895,99.671392,Kedah,02,Langkawi,07,,,,,
OSM_node_7210950285,Sina's Beach,Sina's Beach,,Viewpoint,tourism=viewpoint,node,7210950285,6.359209,99.685481,Kedah,02,Langkawi,07,,,,,
OSM_node_4720133193,Stones,Stones,,Viewpoint,tourism=viewpoint,node,4720133193,6.42296,99.78691,Kedah,02,Langkawi,07,,,,,
OSM_node_11721951470,Sunset,Sunset,,Viewpoint,tourism=viewpoint,node,11721951470,6.321868,99.721225,Kedah,02,Langkawi,07,,,,,
OSM_node_11721951569,Sunset,Sunset,,Viewpoint,tourism=viewpoint,node,11721951569,6.323554,99.722109,Kedah,02,Langkawi,07,,,,,
OSM_node_1275803089,Unnamed Viewpoint,,,Viewpoint,tourism=viewpoint,node,1275803089,6.369225,99.818505,Kedah,02,Langkawi,07,,,,,
OSM_node_1384060970,Unnamed Viewpoint,,,Viewpoint,tourism=viewpoint,node,1384060970,6.368511,99.815862,Kedah,02,Langkawi,07,,,,,
OSM_node_2165326498,Unnamed Viewpoint,,,Viewpoint,tourism=viewpoint,node,2165326498,6.385177,99.661103,Kedah,02,Langkawi,07,,,,,
OSM_node_2165326499,Unnamed Viewpoint,,,Viewpoint,tourism=viewpoint,node,2165326499,6.38573,99.661156,Kedah,02,Langkawi,07,,,,,
OSM_node_4079539457,Unnamed Viewpoint,,,Viewpoint,tourism=viewpoint,node,4079539457,6.203585,99.782933,Kedah,02,Langkawi,07,,,,,
OSM_node_4734481222,Unnamed Viewpoint,,,Viewpoint,tourism=viewpoint,node,4734481222,6.376796,99.77763,Kedah,02,Langkawi,07,,,,,
OSM_node_5016506221,Unnamed Viewpoint,,,Viewpoint,tourism=viewpoint,node,5016506221,6.382888,99.673821,Kedah,02,Langkawi,07,,,,,
OSM_node_6984098822,Unnamed Viewpoint,,,Viewpoint,tourism=viewpoint,node,6984098822,6.369628,99.81809,Kedah,02,Langkawi,07,,,,,
OSM_node_6984098823,Unnamed Viewpoint,,,Viewpoint,tourism=viewpoint,node,6984098823,6.370012,99.817333,Kedah,02,Langkawi,07,,,,,
OSM_node_7128166441,Unnamed Viewpoint,,,Viewpoint,tourism=viewpoint,node,7128166441,6.38536,99.66508,Kedah,02,Langkawi,07,,,,,
OSM_node_12068221467,Unnamed Viewpoint,,,Viewpoint,tourism=viewpoint,node,12068221467,6.416654,99.842746,Kedah,02,Langkawi,07,,,,,
OSM_node_12068255025,Unnamed Viewpoint,,,Viewpoint,tourism=viewpoint,node,12068255025,6.41627,99.844187,Kedah,02,Langkawi,07,,,,,
OSM_node_12068255956,Unnamed Viewpoint,,,Viewpoint,tourism=viewpoint,node,12068255956,6.415278,99.845766,Kedah,02,Langkawi,07,,,,,
OSM_node_12074421198,Unnamed Viewpoint,,,Viewpoint,tourism=viewpoint,node,12074421198,6.3338,99.884957,Kedah,02,Langkawi,07,,,,,
OSM_node_12176574390,Unnamed Viewpoint,,,Viewpoint,tourism=viewpoint,node,12176574390,6.294861,99.756975,Kedah,02,Langkawi,07,,,,,
OSM_node_12177168875,Unnamed Viewpoint,,,Viewpoint,tourism=viewpoint,node,12177168875,6.388267,99.6666,Kedah,02,Langkawi,07,,,,,
OSM_node_12177168978,Unnamed Viewpoint,,,Viewpoint,tourism=viewpoint,node,12177168978,6.399636,99.671346,Kedah,02,Langkawi,07,,,,,
OSM_node_12231555283,Unnamed Viewpoint,,,Viewpoint,tourism=viewpoint,node,12231555283,6.426652,99.702384,Kedah,02,Langkawi,07,,,,,
OSM_node_12231555284,Unnamed Viewpoint,,,Viewpoint,tourism=viewpoint,node,12231555284,6.427342,99.702663,Kedah,02,Langkawi,07,,,,,
OSM_node_12231555285,Unnamed Viewpoint,,,Viewpoint,tourism=viewpoint,node,12231555285,6.428724,99.703761,Kedah,02,Langkawi,07,,,,,
OSM_node_12231555293,Unnamed Viewpoint,,,Viewpoint,tourism=viewpoint,node,12231555293,6.429253,99.70462,Kedah,02,Langkawi,07,,,,,
OSM_node_12231593803,Unnamed Viewpoint,,,Viewpoint,tourism=viewpoint,node,12231593803,6.435299,99.705634,Kedah,02,Langkawi,07,,,,,
OSM_node_13947596793,Unnamed Viewpoint,,,Viewpoint,tourism=viewpoint,node,13947596793,6.315722,99.717108,Kedah,02,Langkawi,07,,,,,
OSM_way_1262716713,Unnamed Viewpoint,,,Viewpoint,tourism=viewpoint,way,1262716713,6.291166,99.694172,Kedah,02,Langkawi,07,,,,,
OSM_node_13565696801,View point,,,Viewpoint,tourism=viewpoint,node,13565696801,6.432231,99.723223,Kedah,02,Langkawi,07,,,,,
OSM_node_5783629555,car cable view,,,Viewpoint,tourism=viewpoint,node,5783629555,6.380118,99.673265,Kedah,02,Langkawi,07,,,,,
OSM_way_780111709,Splash Out Langkawi,Splash Out Langkawi,,Water Park,leisure=water_park,way,780111709,6.322557,99.845473,Kedah,02,Langkawi,07,,,,,
OSM_node_11730160869,Air Terjun Lagun Biru,Blue Lagoon Waterfall,,Waterfall,waterway=waterfall,node,11730160869,6.389341,99.673844,Kedah,02,Langkawi,07,,,,,
OSM_node_7053989612,Air Terjun Langkawi,Langkawi Waterfall,,Waterfall,waterway=waterfall,node,7053989612,6.434692,99.70745,Kedah,02,Langkawi,07,,,,,
OSM_node_2122515522,Air Terjun Telaga Tujuh,Seven Wells Waterfall,,Waterfall,waterway=waterfall,node,2122515522,6.381772,99.672878,Kedah,02,Langkawi,07,,,,,
OSM_node_1280354985,Air Terjun Temurun,Temurun Waterfalls,Air Terjun Temurun,Waterfall,waterway=waterfall,node,1280354985,6.431852,99.706787,Kedah,02,Langkawi,07,,,,,
OSM_node_2126201827,Durian Perangin,,,Waterfall,waterway=waterfall,node,2126201827,6.401609,99.820963,Kedah,02,Langkawi,07,,,,,
OSM_node_13673575301,Langit Hill Villa,,,Waterfall,waterway=waterfall,node,13673575301,6.334161,99.772228,Kedah,02,Langkawi,07,,,,,
OSM_node_7053989635,Unnamed Waterfall,,,Waterfall,waterway=waterfall,node,7053989635,6.434385,99.707633,Kedah,02,Langkawi,07,,,,,
OSM_node_12182142480,Unnamed Waterfall,,,Waterfall,waterway=waterfall,node,12182142480,6.36383,99.791927,Kedah,02,Langkawi,07,,,,,
OSM_way_762892739,Crocodile Adventureland Langkawi,,,Zoo,tourism=zoo,way,762892739,6.401993,99.712113,Kedah,02,Langkawi,07,http://www.porosus.com,+6049592559,Mo-Su 09:00-18:00,yes,
OSM_way_339063142,Langkawi Mini Zoo,Langkawi Mini Zoo,,Zoo,tourism=zoo,way,339063142,6.400748,99.852898,Kedah,02,Langkawi,07,,,,,
OSM_node_5839367349,Langkawi Nature Park,,,Zoo,tourism=zoo,node,5839367349,6.390914,99.861544,Kedah,02,Langkawi,07,https://langkawinaturepark.com,,Mo-Su 10:00-21:00,,
OSM_way_1315926209,Machinchang Petland,,,Zoo,tourism=zoo,way,1315926209,6.371696,99.671093,Kedah,02,Langkawi,07,,,,,
OSM_way_339063140,Taman Hidupan Liar,Langkawi Wildlife Park,,Zoo,tourism=zoo,way,339063140,6.387338,99.861681,Kedah,02,Langkawi,07,https://langkawiwildlifepark.com/,+60 4966 5855,08:30-18:00,,
OSM_node_2161373522,Puncak Janing,,,Attraction,tourism=attraction,node,2161373522,6.372607,100.558358,Kedah,02,Padang Terap,08,,,,,
OSM_way_379399647,Tapak Terpelihara Geowarisan Kedah Padang Sanai,,,Attraction,tourism=attraction,way,379399647,6.303402,100.657192,Kedah,02,Padang Terap,08,,,,,
OSM_node_7144521339,Telaga Gajah,,,Attraction,tourism=attraction,node,7144521339,5.992,100.47853,Kedah,02,Pendang,11,,,,,
OSM_node_12578568483,Unnamed Viewpoint,,,Viewpoint,tourism=viewpoint,node,12578568483,5.967451,100.639684,Kedah,02,Pendang,11,,,,,
OSM_way_1340315355,Pendang Waterfront,,,Water Park,leisure=water_park,way,1340315355,5.999434,100.471112,Kedah,02,Pendang,11,,,,,
OSM_way_362106159,Tapak Geowarisan Bukit Larek,,,Attraction,tourism=attraction,way,362106159,6.19088,100.544299,Kedah,02,Pokok Sena,12,,,,,
OSM_node_12165385297,Unnamed Viewpoint,,,Viewpoint,tourism=viewpoint,node,12165385297,6.185574,100.512191,Kedah,02,Pokok Sena,12,,,,,
OSM_node_9678985617,KEBUN DURIAN HJ HALIM,,,Attraction,tourism=attraction,node,9678985617,5.895945,100.64043,Kedah,02,Sik,09,,,,,
OSM_relation_9561280,Rimba Rekreasi Lata Mengkuang,,,Attraction,tourism=attraction,relation,9561280,5.860874,100.83414,Kedah,02,Sik,09,,,,,
OSM_node_4591743691,Unnamed Attraction,,,Attraction,tourism=attraction,node,4591743691,5.789585,100.638715,Kedah,02,Sik,09,,,,,
OSM_node_4470161864,Lata Bayu,,,Waterfall,waterway=waterfall,node,4470161864,5.719003,100.814155,Kedah,02,Sik,09,,,,,
OSM_node_13318757720,Unnamed Waterfall,,,Waterfall,waterway=waterfall,node,13318757720,5.842488,100.726165,Kedah,02,Sik,09,,,,,
OSM_way_1027625217,Geotapak Singkir Laut,,,Attraction,tourism=attraction,way,1027625217,5.730233,100.364851,Kedah,02,Yan,10,,,,,no
OSM_way_1233756774,Geotapak Sungai Teroi Rimba Rekreasi Lubuk Kawah,,,Attraction,tourism=attraction,way,1233756774,5.830398,100.437682,Kedah,02,Yan,10,,,,,no
OSM_node_7309824697,Pantai Murni,Murni Beach,,Attraction,tourism=attraction,node,7309824697,5.793811,100.367239,Kedah,02,Yan,10,,,,,
OSM_relation_10863582,Pantai Murni Waterfront,,,Attraction,tourism=attraction,relation,10863582,5.794895,100.367503,Kedah,02,Yan,10,,,,,
OSM_relation_17256136,Unnamed Beach,,,Beach,natural=beach,relation,17256136,5.7456,100.288679,Kedah,02,Yan,10,,,,,
OSM_relation_17256138,Unnamed Beach,,,Beach,natural=beach,relation,17256138,5.771177,100.28564,Kedah,02,Yan,10,,,,,
OSM_relation_17256142,Unnamed Beach,,,Beach,natural=beach,relation,17256142,5.8106,100.296858,Kedah,02,Yan,10,,,,,
OSM_node_13681527601,Birdge to Island closed by gate,,,Historic Site (City Gate),historic=city_gate,node,13681527601,5.878922,100.354048,Kedah,02,Yan,10,,,,,
OSM_node_5337303707,Batu Peringatan Tsunami di Kuala Sala,,,Historic Site (Memorial),historic=memorial,node,5337303707,5.972441,100.352355,Kedah,02,Yan,10,,,,,
OSM_node_9321123175,Batu kenangan Terusan Wan Muhammad Saman,,,Historic Site (Memorial),historic=memorial,node,9321123175,5.843333,100.466735,Kedah,02,Yan,10,,,,,
OSM_node_6157002047,Muzium Mempelam Kedah,,,Museum,tourism=museum,node,6157002047,5.968347,100.401156,Kedah,02,Yan,10,,,,,
OSM_way_504562130,Muzium Perhutanan Gunung Jerai,,Muzium Perhutanan Gunung Jerai,Museum,tourism=museum,way,504562130,5.805827,100.435158,Kedah,02,Yan,10,,,,,
OSM_way_1010234412,Muzium Terusan Wan Mat Saman,,,Museum,tourism=museum,way,1010234412,5.84296,100.466679,Kedah,02,Yan,10,,,,,
OSM_node_11331204617,SunSet,,,Viewpoint,tourism=viewpoint,node,11331204617,5.741665,100.363353,Kedah,02,Yan,10,,,,,
OSM_node_4947048506,Unnamed Viewpoint,,,Viewpoint,tourism=viewpoint,node,4947048506,5.796814,100.435067,Kedah,02,Yan,10,,,,,
OSM_node_5238911190,Unnamed Viewpoint,,,Viewpoint,tourism=viewpoint,node,5238911190,5.795452,100.364194,Kedah,02,Yan,10,,,,,
OSM_node_7580664859,Unnamed Viewpoint,,,Viewpoint,tourism=viewpoint,node,7580664859,5.744065,100.285745,Kedah,02,Yan,10,,,,,
OSM_node_12142357206,Unnamed Viewpoint,,,Viewpoint,tourism=viewpoint,node,12142357206,5.797113,100.435354,Kedah,02,Yan,10,,,,,
OSM_node_9041271193,Air Terjun Puteri Mandi,,,Waterfall,waterway=waterfall,node,9041271193,5.792293,100.420055,Kedah,02,Yan,10,,,,,
OSM_node_12142357525,Alor Naga Falls,,,Waterfall,waterway=waterfall,node,12142357525,5.793856,100.43141,Kedah,02,Yan,10,,,,,
OSM_node_2612019106,Seri Perigi,Seri Perigi Recreation Park,,Waterfall,waterway=waterfall,node,2612019106,5.808971,100.408245,Kedah,02,Yan,10,,,,,
OSM_node_2612020327,Titi Hayun,,,Waterfall,waterway=waterfall,node,2612020327,5.793558,100.403829,Kedah,02,Yan,10,,,,,
OSM_node_11940925530,Pantai Kemayang Raimbow Container,,,Attraction,tourism=attraction,node,11940925530,6.132151,102.368228,Kelantan,03,Bachok,01,,,,,
OSM_node_9678605117,Pantai Nami,Nami Beach,Pantai Nami,Attraction,tourism=attraction,node,9678605117,6.163717,102.346488,Kelantan,03,Bachok,01,,,,,
OSM_way_953696727,Pantai Irama,,,Beach,natural=beach,way,953696727,6.077727,102.394886,Kelantan,03,Bachok,01,,,,,
OSM_relation_21234744,Pantai Senok,Senok Beach,Pantai Senak,Beach,natural=beach,relation,21234744,6.163729,102.34799,Kelantan,03,Bachok,01,,,,,
OSM_way_1216806443,Unnamed Beach,,,Beach,natural=beach,way,1216806443,6.016721,102.42192,Kelantan,03,Bachok,01,,,,,
OSM_relation_6357704,Unnamed Beach,,,Beach,natural=beach,relation,6357704,5.978041,102.440501,Kelantan,03,Bachok,01,,,,,
OSM_relation_13036459,Unnamed Beach,,,Beach,natural=beach,relation,13036459,5.945678,102.454804,Kelantan,03,Bachok,01,,,,,
OSM_node_6330125486,Istana Bunian,,,Historic Site (Castle),historic=castle,node,6330125486,6.065497,102.397853,Kelantan,03,Bachok,01,,,,,
OSM_node_13343618701,Unnamed Historic Site (Castle),,,Historic Site (Castle),historic=castle,node,13343618701,6.107961,102.376707,Kelantan,03,Bachok,01,,,,,
OSM_node_7961523602,Putik Badak,,,Viewpoint,tourism=viewpoint,node,7961523602,6.024456,102.401486,Kelantan,03,Bachok,01,,,,,
OSM_node_5341818622,Unnamed Viewpoint,,,Viewpoint,tourism=viewpoint,node,5341818622,5.947929,102.290832,Kelantan,03,Bachok,01,,,,,
OSM_node_13518302752,Murals,,,Attraction,tourism=attraction,node,13518302752,4.884296,101.967144,Kelantan,03,Gua Musang,08,,,,,
OSM_node_2630800701,Taman Negara Kelantan Kuala Koh,,,Attraction,tourism=attraction,node,2630800701,4.870919,102.440078,Kelantan,03,Gua Musang,08,,,,,
OSM_node_11710669868,Unnamed Viewpoint,,,Viewpoint,tourism=viewpoint,node,11710669868,5.20112,101.563561,Kelantan,03,Gua Musang,08,,,,,
OSM_node_14159055179,Unnamed Viewpoint,,,Viewpoint,tourism=viewpoint,node,14159055179,5.384144,101.744232,Kelantan,03,Gua Musang,08,,,,,
OSM_node_14159055229,Unnamed Viewpoint,,,Viewpoint,tourism=viewpoint,node,14159055229,5.381071,101.743659,Kelantan,03,Gua Musang,08,,,,,
OSM_node_14159055978,Unnamed Viewpoint,,,Viewpoint,tourism=viewpoint,node,14159055978,5.361212,101.782188,Kelantan,03,Gua Musang,08,,,,,
OSM_node_7078919042,Dakota Falls,,Air Terjun Dakota,Waterfall,waterway=waterfall,node,7078919042,5.21428,101.620652,Kelantan,03,Gua Musang,08,,,,,
OSM_way_1275683082,Muzium Orang Asli,,,Museum,tourism=museum,way,1275683082,5.695525,101.843371,Kelantan,03,Jeli,10,,,,,
OSM_node_10187707417,Kebun Sayur,,,Attraction,tourism=attraction,node,10187707417,4.622793,101.399919,Kelantan,03,Kecil Lojing,11,,,,,
OSM_node_6464194385,Rafflesia - you need to ask locals where to find it because by yourself it's almost impossible,,,Attraction,tourism=attraction,node,6464194385,4.651149,101.494085,Kelantan,03,Kecil Lojing,11,,,,,
OSM_node_10187707459,Yong Belar Trailhead (Lojing),,,Attraction,tourism=attraction,node,10187707459,4.59727,101.433669,Kelantan,03,Kecil Lojing,11,,,,,
OSM_node_10187673513,False Summit,,,Viewpoint,tourism=viewpoint,node,10187673513,4.631265,101.38763,Kelantan,03,Kecil Lojing,11,,,,,
OSM_node_10187673514,False Summit,,,Viewpoint,tourism=viewpoint,node,10187673514,4.629615,101.39087,Kelantan,03,Kecil Lojing,11,,,,,
OSM_node_10186489135,Pelaur Waterfall,,,Waterfall,waterway=waterfall,node,10186489135,4.634805,101.383231,Kelantan,03,Kecil Lojing,11,,,,,
OSM_node_1725644850,Unnamed Waterfall,,,Waterfall,waterway=waterfall,node,1725644850,4.59794,101.448112,Kelantan,03,Kecil Lojing,11,,,,,
OSM_node_3274973516,Unnamed Waterfall,,,Waterfall,waterway=waterfall,node,3274973516,4.603119,101.601687,Kelantan,03,Kecil Lojing,11,,,,,
OSM_node_11338901042,Unnamed Waterfall,,,Waterfall,waterway=waterfall,node,11338901042,4.594474,101.442154,Kelantan,03,Kecil Lojing,11,,,,,
OSM_node_13158558684,Unnamed Waterfall,,,Waterfall,waterway=waterfall,node,13158558684,4.811217,101.571783,Kelantan,03,Kecil Lojing,11,,,,,
OSM_node_13159814255,Unnamed Waterfall,,,Waterfall,waterway=waterfall,node,13159814255,4.60264,101.597043,Kelantan,03,Kecil Lojing,11,,,,,
OSM_node_11703282769,Ar Rahman Mosque,,,Attraction,tourism=attraction,node,11703282769,6.159121,102.332232,Kelantan,03,Kota Bharu,02,,,,,
OSM_node_13518302640,Big mural,,,Attraction,tourism=attraction,node,13518302640,6.128449,102.241229,Kelantan,03,Kota Bharu,02,,,,,
OSM_node_13518302639,Big sanddune,,,Attraction,tourism=attraction,node,13518302639,6.217377,102.239589,Kelantan,03,Kota Bharu,02,,,,,
OSM_node_5148647821,Chinatown,,,Attraction,tourism=attraction,node,5148647821,6.131131,102.243362,Kelantan,03,Kota Bharu,02,,,,,
OSM_node_4299347590,Dewab Sri Rambai,,,Attraction,tourism=attraction,node,4299347590,6.118373,102.261257,Kelantan,03,Kota Bharu,02,,,,,
OSM_way_176418179,Gelanggang Seni,Cultural Centre,Gelanggang Seni,Attraction,tourism=attraction,way,176418179,6.122414,102.240924,Kelantan,03,Kota Bharu,02,www.tic.kelantan.gov.my,,,,
OSM_way_965299762,Pintu Gerbang Kota Sultan Ismail Petra,Sultan Ismail Petra Arch,,Attraction,tourism=attraction,way,965299762,6.131152,102.236742,Kelantan,03,Kota Bharu,02,https://info.mpkb.gov.my/pintukotasultanismailpetra/index.html,,,,
OSM_node_254074446,Pantai Cahaya Bulan,,,Beach,natural=beach,node,254074446,6.193524,102.279373,Kelantan,03,Kota Bharu,02,,,,,
OSM_node_11563453481,Pantai Kuda,,,Beach,natural=beach,node,11563453481,6.216953,102.231615,Kelantan,03,Kota Bharu,02,,,,,
OSM_relation_13088919,Pantai Kundur,,,Beach,natural=beach,relation,13088919,6.198911,102.267281,Kelantan,03,Kota Bharu,02,,,,,
OSM_relation_13089270,Pantai Mek Mas,,,Beach,natural=beach,relation,13089270,6.210684,102.249638,Kelantan,03,Kota Bharu,02,,,,,
OSM_way_672524292,Unnamed Beach,,,Beach,natural=beach,way,672524292,6.19161,102.286434,Kelantan,03,Kota Bharu,02,,,,,
OSM_node_8917647220,Balai Seni Lukis Kelantan,,,Gallery,tourism=gallery,node,8917647220,6.124348,102.238195,Kelantan,03,Kota Bharu,02,,,,,
OSM_node_12652714923,Padang Bas Kota Bharu,,,Historic Site,historic=yes,node,12652714923,6.128827,102.239715,Kelantan,03,Kota Bharu,02,,,,,
OSM_way_157569300,Istana Balai Besar,,,Historic Site (Castle),historic=castle,way,157569300,6.131086,102.237983,Kelantan,03,Kota Bharu,02,,,,,
OSM_way_489264811,Istana Batu,Batu Palace,,Historic Site (Castle),historic=castle,way,489264811,6.132116,102.237319,Kelantan,03,Kota Bharu,02,,,,,
OSM_way_157569287,Istana Jahar,Jahar Palace,,Historic Site (Castle),historic=castle,way,157569287,6.131523,102.237128,Kelantan,03,Kota Bharu,02,,,,,
OSM_way_1371213388,Istana Kota Lama,,,Historic Site (Castle),historic=castle,way,1371213388,6.120564,102.234395,Kelantan,03,Kota Bharu,02,,,,,
OSM_node_4300677694,Istana Mahkota,,,Historic Site (Castle),historic=castle,node,4300677694,6.090672,102.271011,Kelantan,03,Kota Bharu,02,,,,,
OSM_node_4303818793,Istana Negeri,,,Historic Site (Castle),historic=castle,node,4303818793,6.08306,102.278957,Kelantan,03,Kota Bharu,02,,,,,
OSM_way_1372150853,Istana Telipot,,,Historic Site (Castle),historic=castle,way,1372150853,6.109194,102.246205,Kelantan,03,Kota Bharu,02,,,,,
OSM_node_8929779503,Tugu Peringatan Perang Dunia Pertama,,,Historic Site (Memorial),historic=memorial,node,8929779503,6.131218,102.236362,Kelantan,03,Kota Bharu,02,,,,,
OSM_node_8931502103,Unnamed Historic Site (Memorial),,,Historic Site (Memorial),historic=memorial,node,8931502103,6.164383,102.280605,Kelantan,03,Kota Bharu,02,,,,,
OSM_node_4561190691,Kubur Lama Taman Sabariah,Kubur Lama Taman Sabariah,,Historic Site (Monument),historic=monument,node,4561190691,6.149945,102.264131,Kelantan,03,Kota Bharu,02,,,,,
OSM_node_4561671002,Kubur Lama Taman Sabariah,Kubur Lama Taman Sabariah,,Historic Site (Monument),historic=monument,node,4561671002,6.149922,102.264158,Kelantan,03,Kota Bharu,02,,,,,
OSM_node_12696226535,Laman Pendaratan Jepun 1941 Kuala Pak Amat,,,Historic Site (Monument),historic=monument,node,12696226535,6.181922,102.304899,Kelantan,03,Kota Bharu,02,,,,,
OSM_node_12685014455,Unnamed Historic Site (Monument),,,Historic Site (Monument),historic=monument,node,12685014455,6.125485,102.239756,Kelantan,03,Kota Bharu,02,,,,,
OSM_node_12697268426,Unnamed Historic Site (Monument),,,Historic Site (Monument),historic=monument,node,12697268426,6.111765,102.240617,Kelantan,03,Kota Bharu,02,,,,,
OSM_way_1365020338,Memorial Peperangan Dunia Kedua di Kelantan,Second World War Memorial in Kelantan,,Museum,tourism=museum,way,1365020338,6.132038,102.235636,Kelantan,03,Kota Bharu,02,,,,,
OSM_way_1365332357,Muzium Adat Istiadat Diraja Kelantan,,,Museum,tourism=museum,way,1365332357,6.131497,102.237146,Kelantan,03,Kota Bharu,02,,,,,
OSM_way_1365060973,Muzium Diraja,Royal Museum,,Museum,tourism=museum,way,1365060973,6.132156,102.237356,Kelantan,03,Kota Bharu,02,,,,,
OSM_way_489264815,Muzium Islam,Islamic Musuem,,Museum,tourism=museum,way,489264815,6.131946,102.236117,Kelantan,03,Kota Bharu,02,,,,,
OSM_way_175010445,Muzium Kelantan,Kelantan Museum,,Museum,tourism=museum,way,175010445,6.12492,102.238285,Kelantan,03,Kota Bharu,02,https://muzium.kelantan.gov.my/,+609-748 2266,"Su-We 08:00-13:00,14:00-17:00; Th 08:00-13:00,14:00-15:30",,
OSM_relation_18889861,Taman Indera Putra,,,Theme Park,tourism=theme_park,relation,18889861,6.112272,102.241319,Kelantan,03,Kota Bharu,02,,,,,
OSM_node_1697910873,River View Point,,,Viewpoint,tourism=viewpoint,node,1697910873,6.132056,102.234258,Kelantan,03,Kota Bharu,02,,,,,
OSM_way_1097301872,Taman Air Splash,,,Water Park,leisure=water_park,way,1097301872,6.112073,102.241416,Kelantan,03,Kota Bharu,02,,,Fr 14:30-19:00,,
OSM_node_14097006622,Dataran Taman Tasik Krai,,,Attraction,tourism=attraction,node,14097006622,5.537335,102.19844,Kelantan,03,Kuala Krai,09,,,,,
OSM_way_1549923751,Tangga Bradley,,,Attraction,tourism=attraction,way,1549923751,5.530906,102.196366,Kelantan,03,Kuala Krai,09,,,,,
OSM_node_6581626285,Wat Arokhayawarawasa Malaysia,,,Attraction,tourism=attraction,node,6581626285,5.61166,102.164325,Kelantan,03,Kuala Krai,09,,+601125617838,,,
OSM_node_4659853489,ferry base,,,Attraction,tourism=attraction,node,4659853489,5.612729,102.144778,Kelantan,03,Kuala Krai,09,,,,,
OSM_node_13306175002,Gunung Stong,,,Viewpoint,tourism=viewpoint,node,13306175002,5.341274,101.980576,Kelantan,03,Kuala Krai,09,,,,,
OSM_node_2441509465,Air Terjun Batu Banir,,,Waterfall,waterway=waterfall,node,2441509465,5.321725,101.933712,Kelantan,03,Kuala Krai,09,,,,,
OSM_node_2441507571,Air Terjun Jelawang,,,Waterfall,waterway=waterfall,node,2441507571,5.340891,101.968408,Kelantan,03,Kuala Krai,09,,,,,
OSM_node_12207361587,Air Terjun Padang Ragut,Padang Ragut Waterfall,,Waterfall,waterway=waterfall,node,12207361587,5.314764,101.932711,Kelantan,03,Kuala Krai,09,,,,,
OSM_node_13426915086,Lata Rek,Lata Rek Waterfalls,Lata Rek,Waterfall,waterway=waterfall,node,13426915086,5.311008,102.299414,Kelantan,03,Kuala Krai,09,,,,,
OSM_node_2441510212,Unnamed Waterfall,,,Waterfall,waterway=waterfall,node,2441510212,5.341327,101.965927,Kelantan,03,Kuala Krai,09,,,,,
OSM_node_12207361582,Unnamed Waterfall,,,Waterfall,waterway=waterfall,node,12207361582,5.320007,101.931878,Kelantan,03,Kuala Krai,09,,,,,
OSM_node_12207361588,Unnamed Waterfall,,,Waterfall,waterway=waterfall,node,12207361588,5.314979,101.932995,Kelantan,03,Kuala Krai,09,,,,,
OSM_node_14127819729,Unnamed Viewpoint,,,Viewpoint,tourism=viewpoint,node,14127819729,5.710646,102.223734,Kelantan,03,Machang,03,,,,,
OSM_node_11703282770,Masjid Al Hanan,,,Attraction,tourism=attraction,node,11703282770,6.067672,102.203837,Kelantan,03,Pasir Mas,04,,,,,
OSM_node_5170645121,"Pengkalan Haram Ikan Kering, Pasir Mas","Pengkalan Haram Ikan Kering, Pasir Mas",,Attraction,tourism=attraction,node,5170645121,6.115233,102.075025,Kelantan,03,Pasir Mas,04,,,,,
OSM_node_5170645221,"Pengkalan Haram Ke Mundok, Pasir Mas","Pengkalan Haram Ke Mundok, Pasir Mas",,Attraction,tourism=attraction,node,5170645221,6.071113,102.037869,Kelantan,03,Pasir Mas,04,,,,,
OSM_node_11817669497,Unnamed Viewpoint,,,Viewpoint,tourism=viewpoint,node,11817669497,5.891706,102.174284,Kelantan,03,Pasir Mas,04,,,,,
OSM_node_11817669498,Unnamed Viewpoint,,,Viewpoint,tourism=viewpoint,node,11817669498,5.893487,102.175758,Kelantan,03,Pasir Mas,04,,,,,
OSM_node_11817553316,Unnamed Waterfall,,,Waterfall,waterway=waterfall,node,11817553316,5.891565,102.171766,Kelantan,03,Pasir Mas,04,,,,,
OSM_way_1120514016,Air Terjun Jeram Linang,,,Attraction,tourism=attraction,way,1120514016,5.743009,102.373666,Kelantan,03,Pasir Puteh,05,,,,,
OSM_node_8963642273,Zon Hasil Tani,,,Attraction,tourism=attraction,node,8963642273,5.898292,102.475952,Kelantan,03,Pasir Puteh,05,,,,,
OSM_node_8963578342,Zon Ikan Bakar,,,Attraction,tourism=attraction,node,8963578342,5.884487,102.486547,Kelantan,03,Pasir Puteh,05,,,,,
OSM_node_8974246439,Zon Makanan Hasil Laut,,,Attraction,tourism=attraction,node,8974246439,5.850922,102.523982,Kelantan,03,Pasir Puteh,05,,,,,
OSM_node_8963578346,Zon Nasi Dagang,,,Attraction,tourism=attraction,node,8963578346,5.874682,102.493992,Kelantan,03,Pasir Puteh,05,,,,,
OSM_node_10262705618,Zon Nasi Ulam,,Zon Nasi Ulam,Attraction,tourism=attraction,node,10262705618,5.755663,102.432444,Kelantan,03,Pasir Puteh,05,,,,,
OSM_node_8246608374,Pantai Bisikan Bayu,,,Beach,natural=beach,node,8246608374,5.864754,102.514398,Kelantan,03,Pasir Puteh,05,,,,,
OSM_relation_13039171,Pantai Tok Bali,,,Beach,natural=beach,relation,13039171,5.907117,102.476698,Kelantan,03,Pasir Puteh,05,,,,,
OSM_relation_13049275,Unnamed Beach,,,Beach,natural=beach,relation,13049275,5.868018,102.51333,Kelantan,03,Pasir Puteh,05,,,,,
OSM_node_10248441280,Jeram Linang,,,Waterfall,waterway=waterfall,node,10248441280,5.742781,102.374047,Kelantan,03,Pasir Puteh,05,,,,,
OSM_node_5470418124,Jeram Pasu,,,Waterfall,waterway=waterfall,node,5470418124,5.793955,102.33718,Kelantan,03,Pasir Puteh,05,,,,,
OSM_node_7814120085,Home 1,,,Historic Site (Castle),historic=castle,node,7814120085,5.816497,102.112574,Kelantan,03,Tanah Merah,06,,,,,
OSM_node_5150924725,Jeti Feri JKR Keluar Masuk Sempadan,JKR Ferry Jetty Outbound Border,Jeti Feri JKR Keluar Masuk Sempadan,Attraction,tourism=attraction,node,5150924725,6.232533,102.090138,Kelantan,03,Tumpat,07,,,Mo-Su 08:00-18:00,,
OSM_node_5147917923,Jeti Lembaga Kemajuan Ikan Malaysia (LKIM) Pangkalan Kubor,,Jeti Lembaga Kemajuan Ikan Malaysia (LKIM) Pangkalan Kubor,Attraction,tourism=attraction,node,5147917923,6.233559,102.091477,Kelantan,03,Tumpat,07,,,Su-Th 05:00-17:30,,
OSM_node_5215223421,Pantai Geting,Geting Beach,Pantai Geting,Attraction,tourism=attraction,node,5215223421,6.224788,102.11678,Kelantan,03,Tumpat,07,,,,,
OSM_node_4461262389,Pantai Sri Tujuh,,Pantai Sri Tujuh,Attraction,tourism=attraction,node,4461262389,6.192673,102.174473,Kelantan,03,Tumpat,07,,,,,
OSM_node_5174047922,"Pengkalan Haram MARA, Pangkalan Kubor",,"Pengkalan Haram MARA, Pangkalan Kubor",Attraction,tourism=attraction,node,5174047922,6.233515,102.094377,Kelantan,03,Tumpat,07,,,Mo-Su 06:00-18:00,,
OSM_node_5174103221,"Pengkalan Haram Maksu Mek, Pangkalan Kubor",,"Pengkalan Haram Maksu Mek, Pangkalan Kubor",Attraction,tourism=attraction,node,5174103221,6.233167,102.094705,Kelantan,03,Tumpat,07,,,Mo-Su 06:00-18:00,,
OSM_node_5147918025,Perumahan Jubakar Pantai,,,Attraction,tourism=attraction,node,5147918025,6.205972,102.149298,Kelantan,03,Tumpat,07,,,,,
OSM_node_5147917924,Perumahan Kastam Pangkalan Kubor,,Perumahan Kastam Pangkalan Kubor,Attraction,tourism=attraction,node,5147917924,6.227504,102.095733,Kelantan,03,Tumpat,07,,,,,
OSM_node_5132237622,"Pusat Sumber Maklumat JPS Tengku Anis, Pulau Tengkorak","Pusat Sumber Maklumat JPS Tengku Anis, Pulau Tengkorak",,Attraction,tourism=attraction,node,5132237622,6.24124,102.091885,Kelantan,03,Tumpat,07,,,Mo-Su 09:00-18:00,,
OSM_way_1497176725,Wat Sukhontharam,Wat Sukhontharam,,Attraction,tourism=attraction,way,1497176725,6.17013,102.135665,Kelantan,03,Tumpat,07,,,,,
OSM_way_533661749,Unnamed Beach,,,Beach,natural=beach,way,533661749,6.233225,102.109415,Kelantan,03,Tumpat,07,,,,,
OSM_node_5147918026,Jeti Pendaratan Askar Jepun Perang Dunia Ke-2,,Jeti Pendaratan Askar Jepun Perang Dunia Ke-2,Historic Site,historic=yes,node,5147918026,6.207225,102.148802,Kelantan,03,Tumpat,07,,,,,
OSM_node_5147854722,Kubu Pertahanan Askar British Perang Dunia Ke-2,,Kubu Pertahanan Askar British Perang Dunia Ke-2,Historic Site,historic=yes,node,5147854722,6.203591,102.149516,Kelantan,03,Tumpat,07,,,,,
OSM_way_1488971757,Rumah Api Tumpat,Tumpat Lighthouse,,Historic Site,historic=yes,way,1488971757,6.200547,102.167099,Kelantan,03,Tumpat,07,,,,,
OSM_node_9903084707,Unnamed Historic Site (Monument),,,Historic Site (Monument),historic=monument,node,9903084707,6.2183,102.126719,Kelantan,03,Tumpat,07,,,,,
OSM_way_1450687254,Unnamed Historic Site (Tomb),,,Historic Site (Tomb),historic=tomb,way,1450687254,6.175351,102.201147,Kelantan,03,Tumpat,07,,,,,
OSM_way_1450687255,Unnamed Historic Site (Tomb),,,Historic Site (Tomb),historic=tomb,way,1450687255,6.175391,102.201147,Kelantan,03,Tumpat,07,,,,,
OSM_way_1450687256,Unnamed Historic Site (Tomb),,,Historic Site (Tomb),historic=tomb,way,1450687256,6.175428,102.201139,Kelantan,03,Tumpat,07,,,,,
OSM_way_1450687257,Unnamed Historic Site (Tomb),,,Historic Site (Tomb),historic=tomb,way,1450687257,6.175287,102.200908,Kelantan,03,Tumpat,07,,,,,
OSM_way_1450687258,Unnamed Historic Site (Tomb),,,Historic Site (Tomb),historic=tomb,way,1450687258,6.175305,102.200943,Kelantan,03,Tumpat,07,,,,,
OSM_way_1450687259,Unnamed Historic Site (Tomb),,,Historic Site (Tomb),historic=tomb,way,1450687259,6.175311,102.20098,Kelantan,03,Tumpat,07,,,,,
OSM_way_1450687260,Unnamed Historic Site (Tomb),,,Historic Site (Tomb),historic=tomb,way,1450687260,6.175316,102.201013,Kelantan,03,Tumpat,07,,,,,
OSM_way_1450687261,Unnamed Historic Site (Tomb),,,Historic Site (Tomb),historic=tomb,way,1450687261,6.17528,102.200868,Kelantan,03,Tumpat,07,,,,,
OSM_way_1450687262,Unnamed Historic Site (Tomb),,,Historic Site (Tomb),historic=tomb,way,1450687262,6.175283,102.200834,Kelantan,03,Tumpat,07,,,,,
OSM_way_1450687263,Unnamed Historic Site (Tomb),,,Historic Site (Tomb),historic=tomb,way,1450687263,6.175291,102.200802,Kelantan,03,Tumpat,07,,,,,
OSM_way_1450687264,Unnamed Historic Site (Tomb),,,Historic Site (Tomb),historic=tomb,way,1450687264,6.175297,102.200769,Kelantan,03,Tumpat,07,,,,,
OSM_way_1450687265,Unnamed Historic Site (Tomb),,,Historic Site (Tomb),historic=tomb,way,1450687265,6.175309,102.200735,Kelantan,03,Tumpat,07,,,,,
OSM_way_1450687266,Unnamed Historic Site (Tomb),,,Historic Site (Tomb),historic=tomb,way,1450687266,6.175317,102.200702,Kelantan,03,Tumpat,07,,,,,
OSM_way_1450687267,Unnamed Historic Site (Tomb),,,Historic Site (Tomb),historic=tomb,way,1450687267,6.175324,102.200666,Kelantan,03,Tumpat,07,,,,,
OSM_way_1450687268,Unnamed Historic Site (Tomb),,,Historic Site (Tomb),historic=tomb,way,1450687268,6.175327,102.200629,Kelantan,03,Tumpat,07,,,,,
OSM_way_1450687269,Unnamed Historic Site (Tomb),,,Historic Site (Tomb),historic=tomb,way,1450687269,6.175316,102.200592,Kelantan,03,Tumpat,07,,,,,
OSM_way_1450687270,Unnamed Historic Site (Tomb),,,Historic Site (Tomb),historic=tomb,way,1450687270,6.175376,102.200538,Kelantan,03,Tumpat,07,,,,,
OSM_way_1450687271,Unnamed Historic Site (Tomb),,,Historic Site (Tomb),historic=tomb,way,1450687271,6.175343,102.20049,Kelantan,03,Tumpat,07,,,,,
OSM_way_1450687272,Unnamed Historic Site (Tomb),,,Historic Site (Tomb),historic=tomb,way,1450687272,6.175369,102.200424,Kelantan,03,Tumpat,07,,,,,
OSM_way_1450687273,Unnamed Historic Site (Tomb),,,Historic Site (Tomb),historic=tomb,way,1450687273,6.175362,102.20039,Kelantan,03,Tumpat,07,,,,,
OSM_way_1450687274,Unnamed Historic Site (Tomb),,,Historic Site (Tomb),historic=tomb,way,1450687274,6.175291,102.20041,Kelantan,03,Tumpat,07,,,,,
OSM_way_1450687275,Unnamed Historic Site (Tomb),,,Historic Site (Tomb),historic=tomb,way,1450687275,6.175299,102.200376,Kelantan,03,Tumpat,07,,,,,
OSM_way_1450687276,Unnamed Historic Site (Tomb),,,Historic Site (Tomb),historic=tomb,way,1450687276,6.175308,102.200344,Kelantan,03,Tumpat,07,,,,,
OSM_way_1450687277,Unnamed Historic Site (Tomb),,,Historic Site (Tomb),historic=tomb,way,1450687277,6.175378,102.200241,Kelantan,03,Tumpat,07,,,,,
OSM_way_1450687278,Unnamed Historic Site (Tomb),,,Historic Site (Tomb),historic=tomb,way,1450687278,6.17537,102.200267,Kelantan,03,Tumpat,07,,,,,
OSM_way_1450687279,Unnamed Historic Site (Tomb),,,Historic Site (Tomb),historic=tomb,way,1450687279,6.175382,102.200294,Kelantan,03,Tumpat,07,,,,,
OSM_way_1450687280,Unnamed Historic Site (Tomb),,,Historic Site (Tomb),historic=tomb,way,1450687280,6.175377,102.200319,Kelantan,03,Tumpat,07,,,,,
OSM_way_1450687281,Unnamed Historic Site (Tomb),,,Historic Site (Tomb),historic=tomb,way,1450687281,6.175285,102.200444,Kelantan,03,Tumpat,07,,,,,
OSM_way_1450687282,Unnamed Historic Site (Tomb),,,Historic Site (Tomb),historic=tomb,way,1450687282,6.175311,102.200487,Kelantan,03,Tumpat,07,,,,,
OSM_way_1450687283,Unnamed Historic Site (Tomb),,,Historic Site (Tomb),historic=tomb,way,1450687283,6.175303,102.200527,Kelantan,03,Tumpat,07,,,,,
OSM_way_1450687284,Unnamed Historic Site (Tomb),,,Historic Site (Tomb),historic=tomb,way,1450687284,6.175286,102.200556,Kelantan,03,Tumpat,07,,,,,
OSM_way_1450687285,Unnamed Historic Site (Tomb),,,Historic Site (Tomb),historic=tomb,way,1450687285,6.17528,102.200672,Kelantan,03,Tumpat,07,,,,,
OSM_way_1450687286,Unnamed Historic Site (Tomb),,,Historic Site (Tomb),historic=tomb,way,1450687286,6.17527,102.200701,Kelantan,03,Tumpat,07,,,,,
OSM_way_1450687287,Unnamed Historic Site (Tomb),,,Historic Site (Tomb),historic=tomb,way,1450687287,6.175263,102.200728,Kelantan,03,Tumpat,07,,,,,
OSM_way_1450687288,Unnamed Historic Site (Tomb),,,Historic Site (Tomb),historic=tomb,way,1450687288,6.175258,102.200757,Kelantan,03,Tumpat,07,,,,,
OSM_way_1450687289,Unnamed Historic Site (Tomb),,,Historic Site (Tomb),historic=tomb,way,1450687289,6.175245,102.200834,Kelantan,03,Tumpat,07,,,,,
OSM_way_1450687290,Unnamed Historic Site (Tomb),,,Historic Site (Tomb),historic=tomb,way,1450687290,6.175243,102.200864,Kelantan,03,Tumpat,07,,,,,
OSM_way_1450687291,Unnamed Historic Site (Tomb),,,Historic Site (Tomb),historic=tomb,way,1450687291,6.175243,102.200892,Kelantan,03,Tumpat,07,,,,,
OSM_way_1450687292,Unnamed Historic Site (Tomb),,,Historic Site (Tomb),historic=tomb,way,1450687292,6.175241,102.200925,Kelantan,03,Tumpat,07,,,,,
OSM_way_1450687293,Unnamed Historic Site (Tomb),,,Historic Site (Tomb),historic=tomb,way,1450687293,6.175264,102.200958,Kelantan,03,Tumpat,07,,,,,
OSM_way_1450687294,Unnamed Historic Site (Tomb),,,Historic Site (Tomb),historic=tomb,way,1450687294,6.175272,102.200992,Kelantan,03,Tumpat,07,,,,,
OSM_way_1450687295,Unnamed Historic Site (Tomb),,,Historic Site (Tomb),historic=tomb,way,1450687295,6.17528,102.201027,Kelantan,03,Tumpat,07,,,,,
OSM_way_1450687296,Unnamed Historic Site (Tomb),,,Historic Site (Tomb),historic=tomb,way,1450687296,6.175288,102.201057,Kelantan,03,Tumpat,07,,,,,
OSM_way_1450687298,Unnamed Historic Site (Tomb),,,Historic Site (Tomb),historic=tomb,way,1450687298,6.175133,102.200802,Kelantan,03,Tumpat,07,,,,,
OSM_way_1450687299,Unnamed Historic Site (Tomb),,,Historic Site (Tomb),historic=tomb,way,1450687299,6.175127,102.200835,Kelantan,03,Tumpat,07,,,,,
OSM_way_1450687300,Unnamed Historic Site (Tomb),,,Historic Site (Tomb),historic=tomb,way,1450687300,6.175125,102.200871,Kelantan,03,Tumpat,07,,,,,
OSM_way_1450687301,Unnamed Historic Site (Tomb),,,Historic Site (Tomb),historic=tomb,way,1450687301,6.175119,102.2009,Kelantan,03,Tumpat,07,,,,,
OSM_way_1450687302,Unnamed Historic Site (Tomb),,,Historic Site (Tomb),historic=tomb,way,1450687302,6.175116,102.200932,Kelantan,03,Tumpat,07,,,,,
OSM_way_1450687303,Unnamed Historic Site (Tomb),,,Historic Site (Tomb),historic=tomb,way,1450687303,6.175125,102.201063,Kelantan,03,Tumpat,07,,,,,
OSM_way_1450690087,Unnamed Historic Site (Tomb),,,Historic Site (Tomb),historic=tomb,way,1450690087,6.175113,102.201136,Kelantan,03,Tumpat,07,,,,,
OSM_way_1450690088,Unnamed Historic Site (Tomb),,,Historic Site (Tomb),historic=tomb,way,1450690088,6.175142,102.201158,Kelantan,03,Tumpat,07,,,,,
OSM_way_1450690089,Unnamed Historic Site (Tomb),,,Historic Site (Tomb),historic=tomb,way,1450690089,6.175178,102.201181,Kelantan,03,Tumpat,07,,,,,
OSM_way_1450690090,Unnamed Historic Site (Tomb),,,Historic Site (Tomb),historic=tomb,way,1450690090,6.175205,102.201206,Kelantan,03,Tumpat,07,,,,,
OSM_way_1450690091,Unnamed Historic Site (Tomb),,,Historic Site (Tomb),historic=tomb,way,1450690091,6.175252,102.201213,Kelantan,03,Tumpat,07,,,,,
OSM_way_1450690092,Unnamed Historic Site (Tomb),,,Historic Site (Tomb),historic=tomb,way,1450690092,6.175264,102.201257,Kelantan,03,Tumpat,07,,,,,
OSM_way_1450690093,Unnamed Historic Site (Tomb),,,Historic Site (Tomb),historic=tomb,way,1450690093,6.175256,102.2013,Kelantan,03,Tumpat,07,,,,,
OSM_way_1450690094,Unnamed Historic Site (Tomb),,,Historic Site (Tomb),historic=tomb,way,1450690094,6.175244,102.201336,Kelantan,03,Tumpat,07,,,,,
OSM_way_1450690095,Unnamed Historic Site (Tomb),,,Historic Site (Tomb),historic=tomb,way,1450690095,6.175233,102.201371,Kelantan,03,Tumpat,07,,,,,
OSM_way_1450690096,Unnamed Historic Site (Tomb),,,Historic Site (Tomb),historic=tomb,way,1450690096,6.17522,102.20141,Kelantan,03,Tumpat,07,,,,,
OSM_way_1450690097,Unnamed Historic Site (Tomb),,,Historic Site (Tomb),historic=tomb,way,1450690097,6.175211,102.201442,Kelantan,03,Tumpat,07,,,,,
OSM_way_1450690098,Unnamed Historic Site (Tomb),,,Historic Site (Tomb),historic=tomb,way,1450690098,6.175198,102.201476,Kelantan,03,Tumpat,07,,,,,
OSM_way_1450690099,Unnamed Historic Site (Tomb),,,Historic Site (Tomb),historic=tomb,way,1450690099,6.175207,102.20152,Kelantan,03,Tumpat,07,,,,,
OSM_way_1450690100,Unnamed Historic Site (Tomb),,,Historic Site (Tomb),historic=tomb,way,1450690100,6.175197,102.201554,Kelantan,03,Tumpat,07,,,,,
OSM_way_1450690101,Unnamed Historic Site (Tomb),,,Historic Site (Tomb),historic=tomb,way,1450690101,6.175183,102.201595,Kelantan,03,Tumpat,07,,,,,
OSM_way_1450690102,Unnamed Historic Site (Tomb),,,Historic Site (Tomb),historic=tomb,way,1450690102,6.175159,102.201622,Kelantan,03,Tumpat,07,,,,,
OSM_way_1450690104,Unnamed Historic Site (Tomb),,,Historic Site (Tomb),historic=tomb,way,1450690104,6.174978,102.201805,Kelantan,03,Tumpat,07,,,,,
OSM_way_1450690105,Unnamed Historic Site (Tomb),,,Historic Site (Tomb),historic=tomb,way,1450690105,6.174956,102.201836,Kelantan,03,Tumpat,07,,,,,
OSM_way_1450690106,Unnamed Historic Site (Tomb),,,Historic Site (Tomb),historic=tomb,way,1450690106,6.174933,102.201868,Kelantan,03,Tumpat,07,,,,,
OSM_way_1450690107,Unnamed Historic Site (Tomb),,,Historic Site (Tomb),historic=tomb,way,1450690107,6.17491,102.2019,Kelantan,03,Tumpat,07,,,,,
OSM_way_1450690108,Unnamed Historic Site (Tomb),,,Historic Site (Tomb),historic=tomb,way,1450690108,6.175084,102.201878,Kelantan,03,Tumpat,07,,,,,
OSM_way_1450690109,Unnamed Historic Site (Tomb),,,Historic Site (Tomb),historic=tomb,way,1450690109,6.175062,102.201908,Kelantan,03,Tumpat,07,,,,,
OSM_way_1450690110,Unnamed Historic Site (Tomb),,,Historic Site (Tomb),historic=tomb,way,1450690110,6.175123,102.201907,Kelantan,03,Tumpat,07,,,,,
OSM_way_1450690111,Unnamed Historic Site (Tomb),,,Historic Site (Tomb),historic=tomb,way,1450690111,6.175101,102.201939,Kelantan,03,Tumpat,07,,,,,
OSM_way_1450690112,Unnamed Historic Site (Tomb),,,Historic Site (Tomb),historic=tomb,way,1450690112,6.175076,102.201972,Kelantan,03,Tumpat,07,,,,,
OSM_way_1450690113,Unnamed Historic Site (Tomb),,,Historic Site (Tomb),historic=tomb,way,1450690113,6.175053,102.202003,Kelantan,03,Tumpat,07,,,,,
OSM_way_1450690114,Unnamed Historic Site (Tomb),,,Historic Site (Tomb),historic=tomb,way,1450690114,6.175031,102.202035,Kelantan,03,Tumpat,07,,,,,
OSM_way_1450690115,Unnamed Historic Site (Tomb),,,Historic Site (Tomb),historic=tomb,way,1450690115,6.175008,102.202067,Kelantan,03,Tumpat,07,,,,,
OSM_way_1450690116,Unnamed Historic Site (Tomb),,,Historic Site (Tomb),historic=tomb,way,1450690116,6.17506,102.202132,Kelantan,03,Tumpat,07,,,,,
OSM_way_1450690117,Unnamed Historic Site (Tomb),,,Historic Site (Tomb),historic=tomb,way,1450690117,6.175047,102.202169,Kelantan,03,Tumpat,07,,,,,
OSM_way_1450690118,Unnamed Historic Site (Tomb),,,Historic Site (Tomb),historic=tomb,way,1450690118,6.175045,102.202211,Kelantan,03,Tumpat,07,,,,,
OSM_way_1450690119,Unnamed Historic Site (Tomb),,,Historic Site (Tomb),historic=tomb,way,1450690119,6.175034,102.202246,Kelantan,03,Tumpat,07,,,,,
OSM_way_1450690120,Unnamed Historic Site (Tomb),,,Historic Site (Tomb),historic=tomb,way,1450690120,6.175013,102.20228,Kelantan,03,Tumpat,07,,,,,
OSM_way_1450690121,Unnamed Historic Site (Tomb),,,Historic Site (Tomb),historic=tomb,way,1450690121,6.17501,102.202322,Kelantan,03,Tumpat,07,,,,,
OSM_way_1450690122,Unnamed Historic Site (Tomb),,,Historic Site (Tomb),historic=tomb,way,1450690122,6.174995,102.202361,Kelantan,03,Tumpat,07,,,,,
OSM_way_1450690123,Unnamed Historic Site (Tomb),,,Historic Site (Tomb),historic=tomb,way,1450690123,6.174945,102.201777,Kelantan,03,Tumpat,07,,,,,
OSM_way_1450690124,Unnamed Historic Site (Tomb),,,Historic Site (Tomb),historic=tomb,way,1450690124,6.174928,102.201806,Kelantan,03,Tumpat,07,,,,,
OSM_way_1450690125,Unnamed Historic Site (Tomb),,,Historic Site (Tomb),historic=tomb,way,1450690125,6.174826,102.201869,Kelantan,03,Tumpat,07,,,,,
OSM_way_1450690126,Unnamed Historic Site (Tomb),,,Historic Site (Tomb),historic=tomb,way,1450690126,6.174825,102.201838,Kelantan,03,Tumpat,07,,,,,
OSM_way_1450690127,Unnamed Historic Site (Tomb),,,Historic Site (Tomb),historic=tomb,way,1450690127,6.174828,102.201807,Kelantan,03,Tumpat,07,,,,,
OSM_way_1450690128,Unnamed Historic Site (Tomb),,,Historic Site (Tomb),historic=tomb,way,1450690128,6.174828,102.201776,Kelantan,03,Tumpat,07,,,,,
OSM_way_1450690129,Unnamed Historic Site (Tomb),,,Historic Site (Tomb),historic=tomb,way,1450690129,6.174779,102.201868,Kelantan,03,Tumpat,07,,,,,
OSM_way_1450690130,Unnamed Historic Site (Tomb),,,Historic Site (Tomb),historic=tomb,way,1450690130,6.174782,102.201837,Kelantan,03,Tumpat,07,,,,,
OSM_way_1450690131,Unnamed Historic Site (Tomb),,,Historic Site (Tomb),historic=tomb,way,1450690131,6.174784,102.201806,Kelantan,03,Tumpat,07,,,,,
OSM_way_1450690132,Unnamed Historic Site (Tomb),,,Historic Site (Tomb),historic=tomb,way,1450690132,6.174785,102.201777,Kelantan,03,Tumpat,07,,,,,
OSM_way_1450690133,Unnamed Historic Site (Tomb),,,Historic Site (Tomb),historic=tomb,way,1450690133,6.174786,102.201746,Kelantan,03,Tumpat,07,,,,,
OSM_way_1450690134,Unnamed Historic Site (Tomb),,,Historic Site (Tomb),historic=tomb,way,1450690134,6.174786,102.201715,Kelantan,03,Tumpat,07,,,,,
OSM_way_1450694855,Unnamed Historic Site (Tomb),,,Historic Site (Tomb),historic=tomb,way,1450694855,6.176217,102.20057,Kelantan,03,Tumpat,07,,,,,
OSM_way_1450694856,Unnamed Historic Site (Tomb),,,Historic Site (Tomb),historic=tomb,way,1450694856,6.176265,102.200175,Kelantan,03,Tumpat,07,,,,,
OSM_node_6698428685,Muzium Wau Kite,Wau Kite Museum,Muzium Wau Kite,Museum,tourism=museum,node,6698428685,6.215673,102.126605,Kelantan,03,Tumpat,07,,,,,
OSM_node_5147923423,"Tanjung Kubur, Pangkalan Kubor",,"Tanjung Kubur, Pangkalan Kubor",Viewpoint,tourism=viewpoint,node,5147923423,6.231736,102.089547,Kelantan,03,Tumpat,07,,,,,
OSM_way_966545815,Unnamed Zoo,,,Zoo,tourism=zoo,way,966545815,6.199826,102.169457,Kelantan,03,Tumpat,07,,,,,
OSM_node_10964081190,Coach MY airplane,,,Attraction,tourism=attraction,node,10964081190,2.443509,102.203648,Melaka,04,Alor Gajah,01,,,,,
OSM_node_9172128014,Homestay Tanjung Bidara,,,Attraction,tourism=attraction,node,9172128014,2.333817,102.086898,Melaka,04,Alor Gajah,01,,,,,
OSM_node_359127274,Pusat Pelancongan Kampung Pengkalan Balak,Kampung Pengkalan Balak Tourism Center,,Attraction,tourism=attraction,node,359127274,2.32196,102.069325,Melaka,04,Alor Gajah,01,,,,,
OSM_node_417972281,Tanjung Tuan,Cape Rachado,,Attraction,tourism=attraction,node,417972281,2.40808,101.852315,Melaka,04,Alor Gajah,01,,,,,
OSM_way_197110335,Monkey Bay,,,Beach,natural=beach,way,197110335,2.413196,101.851255,Melaka,04,Alor Gajah,01,,,,,
OSM_way_1262249310,Pantai Keramat,,,Beach,natural=beach,way,1262249310,2.406831,101.856275,Melaka,04,Alor Gajah,01,,,,,
OSM_way_943471310,Pantai Pengkalan Balak,,,Beach,natural=beach,way,943471310,2.314036,102.072187,Melaka,04,Alor Gajah,01,,,,,
OSM_way_494766304,Pantai Tanjung Biru,Blue Lagoon,,Beach,natural=beach,way,494766304,2.415377,101.855886,Melaka,04,Alor Gajah,01,https://www.portdickson.net/tg.biru/,,,,
OSM_way_197110336,Unnamed Beach,,,Beach,natural=beach,way,197110336,2.409296,101.857958,Melaka,04,Alor Gajah,01,,,,,
OSM_way_540723677,Unnamed Beach,,,Beach,natural=beach,way,540723677,2.404027,101.854482,Melaka,04,Alor Gajah,01,,,,,
OSM_way_1421367917,Unnamed Beach,,,Beach,natural=beach,way,1421367917,2.404168,101.853272,Melaka,04,Alor Gajah,01,,,,,
OSM_way_1489382197,Unnamed Beach,,,Beach,natural=beach,way,1489382197,2.326054,102.067434,Melaka,04,Alor Gajah,01,,,,,
OSM_way_1489382199,Unnamed Beach,,,Beach,natural=beach,way,1489382199,2.327138,102.066981,Melaka,04,Alor Gajah,01,,,,,
OSM_way_1172686257,Masjid Lama Machap,,,Historic Site (Building),historic=building,way,1172686257,2.371833,102.32553,Melaka,04,Alor Gajah,01,,,,,
OSM_node_11351969593,Rumah Pengarah,,,Historic Site (Manor),historic=manor,node,11351969593,2.461682,102.16772,Melaka,04,Alor Gajah,01,,,,,
OSM_node_7124682398,Unnamed Historic Site (Wayside Shrine),,,Historic Site (Wayside Shrine),historic=wayside_shrine,node,7124682398,2.361384,102.03956,Melaka,04,Alor Gajah,01,,,,,
OSM_way_649754915,World's Bee Museum,,Muzium Lebah Sedunia,Museum,tourism=museum,way,649754915,2.300059,102.311448,Melaka,04,Alor Gajah,01,,,Mo-Su 09:00-18:00,,
OSM_way_612129311,A Famosa Water Park,,,Theme Park,tourism=theme_park,way,612129311,2.428246,102.212343,Melaka,04,Alor Gajah,01,,,,,
OSM_node_5794892070,Cowboy Town,Cowboy Town,,Theme Park,tourism=theme_park,node,5794892070,2.445394,102.207876,Melaka,04,Alor Gajah,01,,,,,
OSM_node_11727949434,Pakat Pasang Pakat Surut,,,Viewpoint,tourism=viewpoint,node,11727949434,2.404463,101.857835,Melaka,04,Alor Gajah,01,,,,,
OSM_node_9737952430,Pulau Intan,,,Viewpoint,tourism=viewpoint,node,9737952430,2.403119,101.853701,Melaka,04,Alor Gajah,01,,,,,
OSM_node_8780662174,Unnamed Viewpoint,,,Viewpoint,tourism=viewpoint,node,8780662174,2.411134,101.849255,Melaka,04,Alor Gajah,01,,,,,
OSM_node_9840170999,Unnamed Viewpoint,,,Viewpoint,tourism=viewpoint,node,9840170999,2.407047,101.852045,Melaka,04,Alor Gajah,01,,,,,
OSM_node_11727811408,Unnamed Viewpoint,,,Viewpoint,tourism=viewpoint,node,11727811408,2.414502,101.852568,Melaka,04,Alor Gajah,01,,,,,
OSM_node_13436828468,Unnamed Viewpoint,,,Viewpoint,tourism=viewpoint,node,13436828468,2.372348,102.148745,Melaka,04,Alor Gajah,01,,,,,
OSM_way_1262211546,Unnamed Viewpoint,,,Viewpoint,tourism=viewpoint,way,1262211546,2.409233,101.850704,Melaka,04,Alor Gajah,01,,,,,
OSM_node_6097098521,Malacca Butterfly & Reptile Sanctuary,,Taman Rama-rama & Reptilia Melaka,Zoo,tourism=zoo,node,6097098521,2.299735,102.311719,Melaka,04,Alor Gajah,01,,+60 6 232 0033,Mo-Su 08:30-17:30,,
OSM_node_5794891844,Zoo,,,Zoo,tourism=zoo,node,5794891844,2.428641,102.212843,Melaka,04,Alor Gajah,01,,,,,
OSM_node_4252575603,Jeti Pulau Besar,Big Island Ferry Jetty,Jeti Pulau Besar,Attraction,tourism=attraction,node,4252575603,2.143429,102.352642,Melaka,04,Jasin,02,,,,,
OSM_node_4337416190,Rumah pak teh,,,Attraction,tourism=attraction,node,4337416190,2.144126,102.417287,Melaka,04,Jasin,02,,,,,
OSM_way_724942954,Unnamed Beach,,,Beach,natural=beach,way,724942954,2.128979,102.358896,Melaka,04,Jasin,02,,,,,
OSM_node_12747376192,Unnamed Water Park,,,Water Park,leisure=water_park,node,12747376192,2.27437,102.483359,Melaka,04,Jasin,02,,,,,
OSM_node_11989674882,Unnamed Waterfall,,,Waterfall,waterway=waterfall,node,11989674882,2.46032,102.426035,Melaka,04,Jasin,02,,,,,
OSM_node_13462472745,Cross Street Bar,Cross Street Bar,,Attraction,tourism=attraction,node,13462472745,2.196695,102.249886,Melaka,04,Melaka Tengah,03,,,,,
OSM_way_197933039,Dutch Square,Dutch Square,,Attraction,tourism=attraction,way,197933039,2.194211,102.249392,Melaka,04,Melaka Tengah,03,,,,,
OSM_node_12916918902,Dutch Square (Red Square) Melaka,Dutch Square (Red Square) Melaka,,Attraction,tourism=attraction,node,12916918902,2.194422,102.249064,Melaka,04,Melaka Tengah,03,,,,,
OSM_node_4692455789,Heritage Gallery,Heritage Gallery,,Attraction,tourism=attraction,node,4692455789,2.190867,102.25074,Melaka,04,Melaka Tengah,03,,,,,
OSM_way_506162443,Jalan Hang Jebat,Jonker Street,Jalan Hang Jebat,Attraction,tourism=attraction,way,506162443,2.195317,102.24796,Melaka,04,Melaka Tengah,03,,,,,
OSM_way_103769547,Jambatan Tan Kim Seng,Tan Kim Seng Bridge,Jambatan Tan Kim Seng,Attraction,tourism=attraction,way,103769547,2.1946,102.248525,Melaka,04,Melaka Tengah,03,,,,,
OSM_way_945759715,Jonker Walk,Jonker Walk,,Attraction,tourism=attraction,way,945759715,2.196657,102.246564,Melaka,04,Melaka Tengah,03,,,Fr-Su 18:00-00:00,,
OSM_node_6616054086,Kee Ann Food Street,,,Attraction,tourism=attraction,node,6616054086,2.199291,102.250592,Melaka,04,Melaka Tengah,03,,,Fr-Su 18:00-00:00,,
OSM_node_9159387315,"Little India, Malacca","Little India, Malacca",,Attraction,tourism=attraction,node,9159387315,2.196033,102.251336,Melaka,04,Melaka Tengah,03,,,,,
OSM_node_4497878391,Malacca Water Wheel,Malacca Water Wheel,,Attraction,tourism=attraction,node,4497878391,2.193868,102.247724,Melaka,04,Melaka Tengah,03,,,,,
OSM_node_11903260169,Malim Night Market,,,Attraction,tourism=attraction,node,11903260169,2.24014,102.232796,Melaka,04,Melaka Tengah,03,,,,,
OSM_node_13736712687,Melaka Distillery Experience,,,Attraction,tourism=attraction,node,13736712687,2.200007,102.260674,Melaka,04,Melaka Tengah,03,https://melakadistillery.com,,Mo-Su 09:00-18:00,,
OSM_node_5880851085,Melaka Folks Art Gallery,Melaka Folks Art Gallery,,Attraction,tourism=attraction,node,5880851085,2.194946,102.249418,Melaka,04,Melaka Tengah,03,,,,,
OSM_way_105110213,Menara Taming Sari,Taming Sari Tower,Menara Taming Sari,Attraction,tourism=attraction,way,105110213,2.190976,102.247259,Melaka,04,Melaka Tengah,03,,,,,
OSM_node_11011358505,Murals Along This Side of The River,Murals Along This Side of The River,,Attraction,tourism=attraction,node,11011358505,2.195092,102.249395,Melaka,04,Melaka Tengah,03,,,,,
OSM_way_1293044482,Musical Fountain,,,Attraction,tourism=attraction,way,1293044482,2.199693,102.248472,Melaka,04,Melaka Tengah,03,,,Mo-Su 21:00-21:15,,
OSM_node_4547517990,Old House - Celebration,Old House - Celebration,,Attraction,tourism=attraction,node,4547517990,2.202644,102.251356,Melaka,04,Melaka Tengah,03,,,,,
OSM_node_11987388139,Pahlawan Walk,Pahlawan Walk,,Attraction,tourism=attraction,node,11987388139,2.190188,102.248503,Melaka,04,Melaka Tengah,03,,,,,
OSM_node_4950016421,Photo Point,Photo Point,,Attraction,tourism=attraction,node,4950016421,2.19758,102.250139,Melaka,04,Melaka Tengah,03,,,,,
OSM_node_6572412672,Silverscapes by Hatten Group,Silverscapes by Hatten Group,,Attraction,tourism=attraction,node,6572412672,2.18239,102.263039,Melaka,04,Melaka Tengah,03,,,,,
OSM_node_359127073,Taman Lanun Sungai Melaka,Melaka River Pirate Park,Taman Lanun Sungai Melaka,Attraction,tourism=attraction,node,359127073,2.201057,102.249328,Melaka,04,Melaka Tengah,03,,,17:00-24:00,,
OSM_node_4576375291,The City Cross (St. Francis Xavier's Stone),The City Cross (St. Francis Xavier's Stone),,Attraction,tourism=attraction,node,4576375291,2.191035,102.248211,Melaka,04,Melaka Tengah,03,,,,,
OSM_node_6572413683,The Elements Mall View,The Elements Mall View,,Attraction,tourism=attraction,node,6572413683,2.182654,102.265576,Melaka,04,Melaka Tengah,03,,,24/7,,
OSM_node_6725736685,The ruins of the st Lawrence’s chapel,,,Attraction,tourism=attraction,node,6725736685,2.20186,102.25118,Melaka,04,Melaka Tengah,03,,,,,
OSM_node_6471467385,Trees and Varang Seeing,Trees and Varang Seeing,,Attraction,tourism=attraction,node,6471467385,2.202609,102.249371,Melaka,04,Melaka Tengah,03,,,,,
OSM_node_6043095285,Unnamed Attraction,,,Attraction,tourism=attraction,node,6043095285,2.283213,102.3036,Melaka,04,Melaka Tengah,03,,,,,
OSM_node_3863232437,Upside Down House Gallery Melaka,Upside Down House Gallery Melaka,,Attraction,tourism=attraction,node,3863232437,2.18926,102.245779,Melaka,04,Melaka Tengah,03,,,,,
OSM_node_4682902990,Villa Sentosa,Villa Sentosa,Villa Sentosa,Attraction,tourism=attraction,node,4682902990,2.202948,102.251338,Melaka,04,Melaka Tengah,03,,,,,
OSM_node_10076179188,Visit Melaka Sign,Visit Melaka Sign,,Attraction,tourism=attraction,node,10076179188,2.190771,102.24838,Melaka,04,Melaka Tengah,03,,,,,
OSM_node_7277198085,Wah Aik Shoemaker,Wah Aik Shoemaker,,Attraction,tourism=attraction,node,7277198085,2.195974,102.245809,Melaka,04,Melaka Tengah,03,,,,,
OSM_node_11899742391,Welcome To Melaka Sign,Welcome To Melaka Sign,,Attraction,tourism=attraction,node,11899742391,2.194367,102.248943,Melaka,04,Melaka Tengah,03,,,,,
OSM_node_5884376285,abandonned building for nice pictures,,,Attraction,tourism=attraction,node,5884376285,2.198191,102.247748,Melaka,04,Melaka Tengah,03,,,,,
OSM_node_4184909691,jetty boat ferry to pulao bessar,,,Attraction,tourism=attraction,node,4184909691,2.156409,102.32641,Melaka,04,Melaka Tengah,03,,,Mo-Su 08:00-19:00,,
OSM_way_727712272,Pantai Kundor,,,Beach,natural=beach,way,727712272,2.234007,102.145555,Melaka,04,Melaka Tengah,03,,,,,
OSM_way_512774100,Unnamed Beach,,,Beach,natural=beach,way,512774100,2.11536,102.328593,Melaka,04,Melaka Tengah,03,,,,,
OSM_way_1037936110,Unnamed Beach,,,Beach,natural=beach,way,1037936110,2.178916,102.249586,Melaka,04,Melaka Tengah,03,,,,,
OSM_way_1364280183,Unnamed Beach,,,Beach,natural=beach,way,1364280183,2.184183,102.243835,Melaka,04,Melaka Tengah,03,,,,,
OSM_way_170829528,Galeri Warisan Kota Melaka,,Galeri Warisan Kota Melaka,Gallery,tourism=gallery,way,170829528,2.193368,102.24816,Melaka,04,Melaka Tengah,03,,,,no,
OSM_node_8864545080,Kompleks Kraf Melaka,,,Gallery,tourism=gallery,node,8864545080,2.285739,102.304686,Melaka,04,Melaka Tengah,03,,,,,
OSM_node_7134435548,Udara Art Gallery,Udara Art Gallery,,Gallery,tourism=gallery,node,7134435548,2.195067,102.247227,Melaka,04,Melaka Tengah,03,,,,,
OSM_node_10223044815,Unnamed Gallery,,,Gallery,tourism=gallery,node,10223044815,2.197038,102.247396,Melaka,04,Melaka Tengah,03,,,,,
OSM_node_13565867815,k7 Melaka Art Gallery,k7 Melaka Art Gallery,,Gallery,tourism=gallery,node,13565867815,2.20874,102.242491,Melaka,04,Melaka Tengah,03,,+60-129290739,,,
OSM_way_1252044158,Assumption Chapel,,,Historic Site,historic=yes,way,1252044158,2.187238,102.258954,Melaka,04,Melaka Tengah,03,,,,,
OSM_way_1419147294,Blok Warisan,,,Historic Site,historic=yes,way,1419147294,2.191965,102.254531,Melaka,04,Melaka Tengah,03,,,,,
OSM_way_1418824953,Gan Hong Hoe Market,,,Historic Site,historic=yes,way,1418824953,2.195483,102.253187,Melaka,04,Melaka Tengah,03,,,,,
OSM_way_285911176,Liu Men Melaka,Liu Men Melaka,Liu Men Melaka,Historic Site,historic=yes,way,285911176,2.19796,102.246488,Melaka,04,Melaka Tengah,03,https://www.liumenhotel.com,+60 6 288 1161;+60 6 288 1162,,,
OSM_way_1419186257,Seng Cheong Society 1928 Old Building,Seng Cheong Society 1928 Old Building,,Historic Site,historic=yes,way,1419186257,2.198352,102.243463,Melaka,04,Melaka Tengah,03,https://www.facebook.com/sengcheongyouth/,,,,
OSM_way_1252223239,St Peter's Catholic Church,,,Historic Site,historic=yes,way,1252223239,2.202323,102.253243,Melaka,04,Melaka Tengah,03,,,,,
OSM_way_1015253721,St. Theresa's Church,St. Theresa's Church,,Historic Site,historic=yes,way,1015253721,2.206729,102.242104,Melaka,04,Melaka Tengah,03,,,,,
OSM_way_1251914599,Tamil Methodist Church,Tamil Methodist Church,,Historic Site,historic=yes,way,1251914599,2.198362,102.244648,Melaka,04,Melaka Tengah,03,,,,,
OSM_way_104093866,Unnamed Historic Site,,,Historic Site,historic=yes,way,104093866,2.196776,102.247474,Melaka,04,Melaka Tengah,03,,,,,
OSM_way_197933063,Unnamed Historic Site,,,Historic Site,historic=yes,way,197933063,2.197074,102.248518,Melaka,04,Melaka Tengah,03,,,,,
OSM_way_284231390,Unnamed Historic Site,,,Historic Site,historic=yes,way,284231390,2.196902,102.247455,Melaka,04,Melaka Tengah,03,,,,,
OSM_way_285843748,Unnamed Historic Site,,,Historic Site,historic=yes,way,285843748,2.197962,102.24595,Melaka,04,Melaka Tengah,03,,,,,
OSM_way_287214372,Unnamed Historic Site,,,Historic Site,historic=yes,way,287214372,2.197042,102.248495,Melaka,04,Melaka Tengah,03,,,,,
OSM_way_321953098,Unnamed Historic Site,,,Historic Site,historic=yes,way,321953098,2.191642,102.249504,Melaka,04,Melaka Tengah,03,,,,,
OSM_way_1346051150,Unnamed Historic Site,,,Historic Site,historic=yes,way,1346051150,2.191097,102.253006,Melaka,04,Melaka Tengah,03,,,,,
OSM_way_1418866690,Unnamed Historic Site,,,Historic Site,historic=yes,way,1418866690,2.199461,102.240932,Melaka,04,Melaka Tengah,03,,,,,
OSM_way_1419147293,Unnamed Historic Site,,,Historic Site,historic=yes,way,1419147293,2.191185,102.254359,Melaka,04,Melaka Tengah,03,,,,,
OSM_way_1419151789,Unnamed Historic Site,,,Historic Site,historic=yes,way,1419151789,2.191117,102.252633,Melaka,04,Melaka Tengah,03,,,,,
OSM_way_1419151793,Unnamed Historic Site,,,Historic Site,historic=yes,way,1419151793,2.191361,102.252241,Melaka,04,Melaka Tengah,03,,,,,
OSM_node_11636679006,Lang Rajawali,Twin pioneer CC MK1,,Historic Site (Aircraft),historic=aircraft,node,11636679006,2.191425,102.248681,Melaka,04,Melaka Tengah,03,,,,,
OSM_way_1418818816,A&H House Hotel,A&H House Hotel,,Historic Site (Building),historic=building,way,1418818816,2.195572,102.25267,Melaka,04,Melaka Tengah,03,https://ahhousehotel.top,,,,
OSM_way_283914096,Aw Hai Thian,Aw Hai Thian,Aw Hai Thian,Historic Site (Building),historic=building,way,283914096,2.196585,102.249414,Melaka,04,Melaka Tengah,03,https://www.facebook.com/profile.php?id=100022757363393,,,,
OSM_way_1251888430,Balai Seni Lukis,,Balai Seni Lukis,Historic Site (Building),historic=building,way,1251888430,2.19461,102.249545,Melaka,04,Melaka Tengah,03,,,,,
OSM_way_1419624932,Bangunan Bintang 51,,,Historic Site (Building),historic=building,way,1419624932,2.199206,102.252519,Melaka,04,Melaka Tengah,03,,,,,
OSM_way_1421454277,CCIN,,,Historic Site (Building),historic=building,way,1421454277,2.204378,102.223923,Melaka,04,Melaka Tengah,03,,,,,
OSM_way_599120620,Chapel of the Holy Infant Jesus,Chapel of the Holy Infant Jesus,,Historic Site (Building),historic=building,way,599120620,2.189059,102.256359,Melaka,04,Melaka Tengah,03,,,,,
OSM_way_104954182,Gereja Christ,Christ Church,Gereja Christ,Historic Site (Building),historic=building,way,104954182,2.194338,102.249455,Melaka,04,Melaka Tengah,03,,,,,
OSM_way_1419916381,Gurdwara Sahib Melaka,Gurdwara Sahib Melaka,,Historic Site (Building),historic=building,way,1419916381,2.194673,102.254714,Melaka,04,Melaka Tengah,03,https://gurdwarasahibmelaka.net,,,,
OSM_way_1418818807,Hang Li Poh's Well,Hang Li Poh's Well,Perigi Hang Li Poh,Historic Site (Building),historic=building,way,1418818807,2.195791,102.255265,Melaka,04,Melaka Tengah,03,,,,,
OSM_way_1314408214,Heeren House,,,Historic Site (Building),historic=building,way,1314408214,2.194399,102.247649,Melaka,04,Melaka Tengah,03,,,,,
OSM_way_1251874678,"Jabatan Muzium Malaysia, Wilayah Selatan","Department of Museums Malaysia, Southern Region","Jabatan Muzium Malaysia, Wilayah Selatan",Historic Site (Building),historic=building,way,1251874678,2.192178,102.248666,Melaka,04,Melaka Tengah,03,,,,,
OSM_way_1418808934,Majestic Safe Sdn Bhd,,,Historic Site (Building),historic=building,way,1418808934,2.199374,102.252768,Melaka,04,Melaka Tengah,03,https://www.majesticsafe.com.my/safe-deposit-box.html,+60 6 2816336,Mo-Fr 09:00-18:00; Sa 09:00-14:00; Su off,,
OSM_way_764950697,Masjid Al-Hamideen,,Masjid Al-Hamideen,Historic Site (Building),historic=building,way,764950697,2.199248,102.254974,Melaka,04,Melaka Tengah,03,,,,,
OSM_way_904900821,Masjid Tengkera,Tranquerah Mosque,Masjid Tengkera,Historic Site (Building),historic=building,way,904900821,2.20404,102.231966,Melaka,04,Melaka Tengah,03,,,,,
OSM_way_1173222966,Melaka Golf Gallery,Melaka Golf Gallery,,Historic Site (Building),historic=building,way,1173222966,2.19456,102.251537,Melaka,04,Melaka Tengah,03,,,,,
OSM_way_816077087,Persatuan Kaum Hakka Melaka,Malacca Hakka Community Association,Persatuan Kaum Hakka Melaka,Historic Site (Building),historic=building,way,816077087,2.200925,102.246506,Melaka,04,Melaka Tengah,03,https://www.facebook.com/profile.php?id=100069604225314,+60-62822170,,,
OSM_way_514939878,Poh Sam Temple (Pih San Teng Temple),Poh Sam Temple (Pih San Teng Temple),,Historic Site (Building),historic=building,way,514939878,2.195963,102.255522,Melaka,04,Melaka Tengah,03,,,,,
OSM_way_104350340,Sanduo Temple,Sanduo Temple,,Historic Site (Building),historic=building,way,104350340,2.19607,102.248126,Melaka,04,Melaka Tengah,03,,,,,
OSM_way_561628302,The Majestic Malacca,,,Historic Site (Building),historic=building,way,561628302,2.201958,102.252134,Melaka,04,Melaka Tengah,03,,,,,
OSM_way_170830081,Unnamed Historic Site (Building),,,Historic Site (Building),historic=building,way,170830081,2.195096,102.249578,Melaka,04,Melaka Tengah,03,,,,,
OSM_way_197933060,Unnamed Historic Site (Building),,,Historic Site (Building),historic=building,way,197933060,2.19443,102.247396,Melaka,04,Melaka Tengah,03,,,,,
OSM_way_197933061,Unnamed Historic Site (Building),,,Historic Site (Building),historic=building,way,197933061,2.197102,102.248832,Melaka,04,Melaka Tengah,03,,,,,
OSM_way_197933065,Unnamed Historic Site (Building),,,Historic Site (Building),historic=building,way,197933065,2.197165,102.248655,Melaka,04,Melaka Tengah,03,,,,,
OSM_way_197933068,Unnamed Historic Site (Building),,,Historic Site (Building),historic=building,way,197933068,2.196432,102.249935,Melaka,04,Melaka Tengah,03,,,,,
OSM_way_197933121,Unnamed Historic Site (Building),,,Historic Site (Building),historic=building,way,197933121,2.195114,102.248929,Melaka,04,Melaka Tengah,03,,,,,
OSM_way_197933124,Unnamed Historic Site (Building),,,Historic Site (Building),historic=building,way,197933124,2.194365,102.249698,Melaka,04,Melaka Tengah,03,,,,,
OSM_way_283807867,Unnamed Historic Site (Building),,,Historic Site (Building),historic=building,way,283807867,2.197397,102.248787,Melaka,04,Melaka Tengah,03,,,,,
OSM_way_283807870,Unnamed Historic Site (Building),,,Historic Site (Building),historic=building,way,283807870,2.197707,102.247984,Melaka,04,Melaka Tengah,03,,,,,
OSM_way_283807871,Unnamed Historic Site (Building),,,Historic Site (Building),historic=building,way,283807871,2.197441,102.248701,Melaka,04,Melaka Tengah,03,,,,,
OSM_way_283807874,Unnamed Historic Site (Building),,,Historic Site (Building),historic=building,way,283807874,2.197696,102.248054,Melaka,04,Melaka Tengah,03,,,,,
OSM_way_283807875,Unnamed Historic Site (Building),,,Historic Site (Building),historic=building,way,283807875,2.197419,102.248745,Melaka,04,Melaka Tengah,03,,,,,
OSM_way_283807877,Unnamed Historic Site (Building),,,Historic Site (Building),historic=building,way,283807877,2.197684,102.248095,Melaka,04,Melaka Tengah,03,,,,,
OSM_way_283807880,Unnamed Historic Site (Building),,,Historic Site (Building),historic=building,way,283807880,2.197358,102.248861,Melaka,04,Melaka Tengah,03,,,,,
OSM_way_283807882,Unnamed Historic Site (Building),,,Historic Site (Building),historic=building,way,283807882,2.19746,102.248663,Melaka,04,Melaka Tengah,03,,,,,
OSM_way_283807884,Unnamed Historic Site (Building),,,Historic Site (Building),historic=building,way,283807884,2.197377,102.248826,Melaka,04,Melaka Tengah,03,,,,,
OSM_way_283807885,Unnamed Historic Site (Building),,,Historic Site (Building),historic=building,way,283807885,2.19748,102.24863,Melaka,04,Melaka Tengah,03,,,,,
OSM_way_283807886,Unnamed Historic Site (Building),,,Historic Site (Building),historic=building,way,283807886,2.197664,102.248353,Melaka,04,Melaka Tengah,03,,,,,
OSM_way_283807889,Unnamed Historic Site (Building),,,Historic Site (Building),historic=building,way,283807889,2.197501,102.248596,Melaka,04,Melaka Tengah,03,,,,,
OSM_way_284038217,Unnamed Historic Site (Building),,,Historic Site (Building),historic=building,way,284038217,2.196712,102.249381,Melaka,04,Melaka Tengah,03,,,,,
OSM_way_284038222,Unnamed Historic Site (Building),,,Historic Site (Building),historic=building,way,284038222,2.197017,102.248955,Melaka,04,Melaka Tengah,03,,,,,
OSM_way_284038227,Unnamed Historic Site (Building),,,Historic Site (Building),historic=building,way,284038227,2.197047,102.24891,Melaka,04,Melaka Tengah,03,,,,,
OSM_way_284038228,Unnamed Historic Site (Building),,,Historic Site (Building),historic=building,way,284038228,2.197143,102.248682,Melaka,04,Melaka Tengah,03,,,,,
OSM_way_284038229,Unnamed Historic Site (Building),,,Historic Site (Building),historic=building,way,284038229,2.19708,102.248862,Melaka,04,Melaka Tengah,03,,,,,
OSM_way_284038231,Unnamed Historic Site (Building),,,Historic Site (Building),historic=building,way,284038231,2.196955,102.249023,Melaka,04,Melaka Tengah,03,,,,,
OSM_way_284038234,Unnamed Historic Site (Building),,,Historic Site (Building),historic=building,way,284038234,2.197185,102.248616,Melaka,04,Melaka Tengah,03,,,,,
OSM_way_284038235,Unnamed Historic Site (Building),,,Historic Site (Building),historic=building,way,284038235,2.197207,102.248583,Melaka,04,Melaka Tengah,03,,,,,
OSM_way_284050873,Unnamed Historic Site (Building),,,Historic Site (Building),historic=building,way,284050873,2.19874,102.247985,Melaka,04,Melaka Tengah,03,,,,,
OSM_way_284050874,Unnamed Historic Site (Building),,,Historic Site (Building),historic=building,way,284050874,2.198155,102.248076,Melaka,04,Melaka Tengah,03,,,,,
OSM_way_284050876,Unnamed Historic Site (Building),,,Historic Site (Building),historic=building,way,284050876,2.198652,102.248031,Melaka,04,Melaka Tengah,03,,,,,
OSM_way_284050878,Unnamed Historic Site (Building),,,Historic Site (Building),historic=building,way,284050878,2.19821,102.248074,Melaka,04,Melaka Tengah,03,,,,,
OSM_way_284050879,Unnamed Historic Site (Building),,,Historic Site (Building),historic=building,way,284050879,2.198314,102.248068,Melaka,04,Melaka Tengah,03,,,,,
OSM_way_284050881,Unnamed Historic Site (Building),,,Historic Site (Building),historic=building,way,284050881,2.198038,102.248081,Melaka,04,Melaka Tengah,03,,,,,
OSM_way_284050887,Unnamed Historic Site (Building),,,Historic Site (Building),historic=building,way,284050887,2.198369,102.248064,Melaka,04,Melaka Tengah,03,,,,,
OSM_way_284050889,Unnamed Historic Site (Building),,,Historic Site (Building),historic=building,way,284050889,2.198096,102.248078,Melaka,04,Melaka Tengah,03,,,,,
OSM_way_284050890,Unnamed Historic Site (Building),,,Historic Site (Building),historic=building,way,284050890,2.198697,102.247987,Melaka,04,Melaka Tengah,03,,,,,
OSM_way_284053218,Unnamed Historic Site (Building),,,Historic Site (Building),historic=building,way,284053218,2.198929,102.249545,Melaka,04,Melaka Tengah,03,,,,,
OSM_way_284180659,Unnamed Historic Site (Building),,,Historic Site (Building),historic=building,way,284180659,2.195911,102.249849,Melaka,04,Melaka Tengah,03,,,,,
OSM_way_284180661,Unnamed Historic Site (Building),,,Historic Site (Building),historic=building,way,284180661,2.195746,102.249625,Melaka,04,Melaka Tengah,03,,,,,
OSM_way_284180670,Unnamed Historic Site (Building),,,Historic Site (Building),historic=building,way,284180670,2.195723,102.249588,Melaka,04,Melaka Tengah,03,,,,,
OSM_way_284180675,Unnamed Historic Site (Building),,,Historic Site (Building),historic=building,way,284180675,2.195771,102.249664,Melaka,04,Melaka Tengah,03,,,,,
OSM_way_284180681,Unnamed Historic Site (Building),,,Historic Site (Building),historic=building,way,284180681,2.195512,102.249313,Melaka,04,Melaka Tengah,03,,,,,
OSM_way_284213067,Unnamed Historic Site (Building),,,Historic Site (Building),historic=building,way,284213067,2.196675,102.249412,Melaka,04,Melaka Tengah,03,,,,,
OSM_way_284213069,Unnamed Historic Site (Building),,,Historic Site (Building),historic=building,way,284213069,2.197122,102.248802,Melaka,04,Melaka Tengah,03,,,,,
OSM_way_284239635,Unnamed Historic Site (Building),,,Historic Site (Building),historic=building,way,284239635,2.19522,102.24879,Melaka,04,Melaka Tengah,03,,,,,
OSM_way_284239640,Unnamed Historic Site (Building),,,Historic Site (Building),historic=building,way,284239640,2.195261,102.248848,Melaka,04,Melaka Tengah,03,,,,,
OSM_way_284239645,Unnamed Historic Site (Building),,,Historic Site (Building),historic=building,way,284239645,2.196465,102.24996,Melaka,04,Melaka Tengah,03,,,,,
OSM_way_284243251,Unnamed Historic Site (Building),,,Historic Site (Building),historic=building,way,284243251,2.195941,102.249887,Melaka,04,Melaka Tengah,03,,,,,
OSM_way_284373020,Unnamed Historic Site (Building),,,Historic Site (Building),historic=building,way,284373020,2.195527,102.248827,Melaka,04,Melaka Tengah,03,,,,,
OSM_way_284373031,Unnamed Historic Site (Building),,,Historic Site (Building),historic=building,way,284373031,2.196403,102.249906,Melaka,04,Melaka Tengah,03,,,,,
OSM_way_284373037,Unnamed Historic Site (Building),,,Historic Site (Building),historic=building,way,284373037,2.196401,102.249785,Melaka,04,Melaka Tengah,03,,,,,
OSM_way_284378080,Unnamed Historic Site (Building),,,Historic Site (Building),historic=building,way,284378080,2.196083,102.249381,Melaka,04,Melaka Tengah,03,,,,,
OSM_way_284378081,Unnamed Historic Site (Building),,,Historic Site (Building),historic=building,way,284378081,2.196107,102.249411,Melaka,04,Melaka Tengah,03,,,,,
OSM_way_284378086,Unnamed Historic Site (Building),,,Historic Site (Building),historic=building,way,284378086,2.1963,102.249544,Melaka,04,Melaka Tengah,03,,,,,
OSM_way_284378087,Unnamed Historic Site (Building),,,Historic Site (Building),historic=building,way,284378087,2.196327,102.249572,Melaka,04,Melaka Tengah,03,,,,,
OSM_way_284378088,Unnamed Historic Site (Building),,,Historic Site (Building),historic=building,way,284378088,2.196353,102.249599,Melaka,04,Melaka Tengah,03,,,,,
OSM_way_284378089,Unnamed Historic Site (Building),,,Historic Site (Building),historic=building,way,284378089,2.196375,102.24963,Melaka,04,Melaka Tengah,03,,,,,
OSM_way_284378090,Unnamed Historic Site (Building),,,Historic Site (Building),historic=building,way,284378090,2.196406,102.24966,Melaka,04,Melaka Tengah,03,,,,,
OSM_way_284378091,Unnamed Historic Site (Building),,,Historic Site (Building),historic=building,way,284378091,2.196374,102.249751,Melaka,04,Melaka Tengah,03,,,,,
OSM_way_284566399,Unnamed Historic Site (Building),,,Historic Site (Building),historic=building,way,284566399,2.195162,102.249679,Melaka,04,Melaka Tengah,03,,,,,
OSM_way_284566400,Unnamed Historic Site (Building),,,Historic Site (Building),historic=building,way,284566400,2.195179,102.249707,Melaka,04,Melaka Tengah,03,,,,,
OSM_way_284566401,Unnamed Historic Site (Building),,,Historic Site (Building),historic=building,way,284566401,2.195227,102.249724,Melaka,04,Melaka Tengah,03,,,,,
OSM_way_284566402,Unnamed Historic Site (Building),,,Historic Site (Building),historic=building,way,284566402,2.195251,102.249765,Melaka,04,Melaka Tengah,03,,,,,
OSM_way_284566403,Unnamed Historic Site (Building),,,Historic Site (Building),historic=building,way,284566403,2.195274,102.249804,Melaka,04,Melaka Tengah,03,,,,,
OSM_way_284566404,Unnamed Historic Site (Building),,,Historic Site (Building),historic=building,way,284566404,2.195294,102.249838,Melaka,04,Melaka Tengah,03,,,,,
OSM_way_284566405,Unnamed Historic Site (Building),,,Historic Site (Building),historic=building,way,284566405,2.195319,102.249877,Melaka,04,Melaka Tengah,03,,,,,
OSM_way_284566406,Unnamed Historic Site (Building),,,Historic Site (Building),historic=building,way,284566406,2.195337,102.249923,Melaka,04,Melaka Tengah,03,,,,,
OSM_way_284566407,Unnamed Historic Site (Building),,,Historic Site (Building),historic=building,way,284566407,2.195341,102.249997,Melaka,04,Melaka Tengah,03,,,,,
OSM_way_284566414,Unnamed Historic Site (Building),,,Historic Site (Building),historic=building,way,284566414,2.194989,102.249485,Melaka,04,Melaka Tengah,03,,,,,
OSM_way_284566415,Unnamed Historic Site (Building),,,Historic Site (Building),historic=building,way,284566415,2.195012,102.249514,Melaka,04,Melaka Tengah,03,,,,,
OSM_way_284566416,Unnamed Historic Site (Building),,,Historic Site (Building),historic=building,way,284566416,2.194948,102.249408,Melaka,04,Melaka Tengah,03,,,,,
OSM_way_285843734,Unnamed Historic Site (Building),,,Historic Site (Building),historic=building,way,285843734,2.197747,102.245624,Melaka,04,Melaka Tengah,03,,,,,
OSM_way_285843737,Unnamed Historic Site (Building),,,Historic Site (Building),historic=building,way,285843737,2.198066,102.245359,Melaka,04,Melaka Tengah,03,,,,,
OSM_way_285843754,Unnamed Historic Site (Building),,,Historic Site (Building),historic=building,way,285843754,2.19815,102.245258,Melaka,04,Melaka Tengah,03,,,,,
OSM_way_285843763,Unnamed Historic Site (Building),,,Historic Site (Building),historic=building,way,285843763,2.198063,102.245588,Melaka,04,Melaka Tengah,03,,,,,
OSM_way_285843764,Unnamed Historic Site (Building),,,Historic Site (Building),historic=building,way,285843764,2.197974,102.245814,Melaka,04,Melaka Tengah,03,,,,,
OSM_way_285843772,Unnamed Historic Site (Building),,,Historic Site (Building),historic=building,way,285843772,2.198031,102.245881,Melaka,04,Melaka Tengah,03,,,,,
OSM_way_285911167,Unnamed Historic Site (Building),,,Historic Site (Building),historic=building,way,285911167,2.197986,102.246239,Melaka,04,Melaka Tengah,03,,,,,
OSM_way_285911173,Unnamed Historic Site (Building),,,Historic Site (Building),historic=building,way,285911173,2.197976,102.246285,Melaka,04,Melaka Tengah,03,,,,,
OSM_way_286023439,Unnamed Historic Site (Building),,,Historic Site (Building),historic=building,way,286023439,2.196684,102.248569,Melaka,04,Melaka Tengah,03,,,,,
OSM_way_286023443,Unnamed Historic Site (Building),,,Historic Site (Building),historic=building,way,286023443,2.196188,102.249186,Melaka,04,Melaka Tengah,03,,,,,
OSM_way_286023444,Unnamed Historic Site (Building),,,Historic Site (Building),historic=building,way,286023444,2.196475,102.248971,Melaka,04,Melaka Tengah,03,,,,,
OSM_way_286023445,Unnamed Historic Site (Building),,,Historic Site (Building),historic=building,way,286023445,2.196497,102.248945,Melaka,04,Melaka Tengah,03,,,,,
OSM_way_286023446,Unnamed Historic Site (Building),,,Historic Site (Building),historic=building,way,286023446,2.196522,102.248917,Melaka,04,Melaka Tengah,03,,,,,
OSM_way_286023448,Unnamed Historic Site (Building),,,Historic Site (Building),historic=building,way,286023448,2.196541,102.248812,Melaka,04,Melaka Tengah,03,,,,,
OSM_way_286023449,Unnamed Historic Site (Building),,,Historic Site (Building),historic=building,way,286023449,2.196254,102.249181,Melaka,04,Melaka Tengah,03,,,,,
OSM_way_286023450,Unnamed Historic Site (Building),,,Historic Site (Building),historic=building,way,286023450,2.196302,102.249151,Melaka,04,Melaka Tengah,03,,,,,
OSM_way_286220846,Unnamed Historic Site (Building),,,Historic Site (Building),historic=building,way,286220846,2.196375,102.248241,Melaka,04,Melaka Tengah,03,,,,,
OSM_way_286220850,Unnamed Historic Site (Building),,,Historic Site (Building),historic=building,way,286220850,2.196534,102.248492,Melaka,04,Melaka Tengah,03,,,,,
OSM_way_286220851,Unnamed Historic Site (Building),,,Historic Site (Building),historic=building,way,286220851,2.19665,102.248546,Melaka,04,Melaka Tengah,03,,,,,
OSM_way_286244049,Unnamed Historic Site (Building),,,Historic Site (Building),historic=building,way,286244049,2.196092,102.248815,Melaka,04,Melaka Tengah,03,,,,,
OSM_way_286244056,Unnamed Historic Site (Building),,,Historic Site (Building),historic=building,way,286244056,2.196291,102.248642,Melaka,04,Melaka Tengah,03,,,,,
OSM_way_286244058,Unnamed Historic Site (Building),,,Historic Site (Building),historic=building,way,286244058,2.196347,102.248591,Melaka,04,Melaka Tengah,03,,,,,
OSM_way_286244060,Unnamed Historic Site (Building),,,Historic Site (Building),historic=building,way,286244060,2.196402,102.248542,Melaka,04,Melaka Tengah,03,,,,,
OSM_way_286244061,Unnamed Historic Site (Building),,,Historic Site (Building),historic=building,way,286244061,2.196016,102.248905,Melaka,04,Melaka Tengah,03,,,,,
OSM_way_286244062,Unnamed Historic Site (Building),,,Historic Site (Building),historic=building,way,286244062,2.196064,102.248855,Melaka,04,Melaka Tengah,03,,,,,
OSM_way_286244063,Unnamed Historic Site (Building),,,Historic Site (Building),historic=building,way,286244063,2.195857,102.249019,Melaka,04,Melaka Tengah,03,,,,,
OSM_way_286244064,Unnamed Historic Site (Building),,,Historic Site (Building),historic=building,way,286244064,2.195816,102.249189,Melaka,04,Melaka Tengah,03,,,,,
OSM_way_286244065,Unnamed Historic Site (Building),,,Historic Site (Building),historic=building,way,286244065,2.195954,102.248948,Melaka,04,Melaka Tengah,03,,,,,
OSM_way_286612799,Unnamed Historic Site (Building),,,Historic Site (Building),historic=building,way,286612799,2.196616,102.249708,Melaka,04,Melaka Tengah,03,,,,,
OSM_way_287214360,Unnamed Historic Site (Building),,,Historic Site (Building),historic=building,way,287214360,2.196619,102.248265,Melaka,04,Melaka Tengah,03,,,,,
OSM_way_287214361,Unnamed Historic Site (Building),,,Historic Site (Building),historic=building,way,287214361,2.196648,102.248289,Melaka,04,Melaka Tengah,03,,,,,
OSM_way_287214362,Unnamed Historic Site (Building),,,Historic Site (Building),historic=building,way,287214362,2.19676,102.24828,Melaka,04,Melaka Tengah,03,,,,,
OSM_way_287214364,Unnamed Historic Site (Building),,,Historic Site (Building),historic=building,way,287214364,2.196805,102.248326,Melaka,04,Melaka Tengah,03,,,,,
OSM_way_287214369,Unnamed Historic Site (Building),,,Historic Site (Building),historic=building,way,287214369,2.196924,102.248404,Melaka,04,Melaka Tengah,03,,,,,
OSM_way_287214371,Unnamed Historic Site (Building),,,Historic Site (Building),historic=building,way,287214371,2.197014,102.248475,Melaka,04,Melaka Tengah,03,,,,,
OSM_way_287214374,Unnamed Historic Site (Building),,,Historic Site (Building),historic=building,way,287214374,2.196678,102.248314,Melaka,04,Melaka Tengah,03,,,,,
OSM_way_355262930,Unnamed Historic Site (Building),,,Historic Site (Building),historic=building,way,355262930,2.195751,102.248434,Melaka,04,Melaka Tengah,03,,,,,
OSM_way_545598664,Unnamed Historic Site (Building),,,Historic Site (Building),historic=building,way,545598664,2.192685,102.247956,Melaka,04,Melaka Tengah,03,,,,,
OSM_way_599116177,Unnamed Historic Site (Building),,,Historic Site (Building),historic=building,way,599116177,2.189981,102.254801,Melaka,04,Melaka Tengah,03,,,,,
OSM_way_599116179,Unnamed Historic Site (Building),,,Historic Site (Building),historic=building,way,599116179,2.189759,102.2553,Melaka,04,Melaka Tengah,03,,,,,
OSM_way_599116192,Unnamed Historic Site (Building),,,Historic Site (Building),historic=building,way,599116192,2.18969,102.254617,Melaka,04,Melaka Tengah,03,,,,,
OSM_way_599116194,Unnamed Historic Site (Building),,,Historic Site (Building),historic=building,way,599116194,2.189431,102.255046,Melaka,04,Melaka Tengah,03,,,,,
OSM_way_599120610,Unnamed Historic Site (Building),,,Historic Site (Building),historic=building,way,599120610,2.190744,102.254462,Melaka,04,Melaka Tengah,03,,,,,
OSM_way_599120619,Unnamed Historic Site (Building),,,Historic Site (Building),historic=building,way,599120619,2.189071,102.256164,Melaka,04,Melaka Tengah,03,,,,,
OSM_way_599120621,Unnamed Historic Site (Building),,,Historic Site (Building),historic=building,way,599120621,2.188836,102.256547,Melaka,04,Melaka Tengah,03,,,,,
OSM_way_599120627,Unnamed Historic Site (Building),,,Historic Site (Building),historic=building,way,599120627,2.18867,102.255548,Melaka,04,Melaka Tengah,03,,,,,
OSM_way_599120632,Unnamed Historic Site (Building),,,Historic Site (Building),historic=building,way,599120632,2.188538,102.256751,Melaka,04,Melaka Tengah,03,,,,,
OSM_way_803610766,Unnamed Historic Site (Building),,,Historic Site (Building),historic=building,way,803610766,2.197269,102.249107,Melaka,04,Melaka Tengah,03,,,,,
OSM_way_803610767,Unnamed Historic Site (Building),,,Historic Site (Building),historic=building,way,803610767,2.197254,102.249147,Melaka,04,Melaka Tengah,03,,,,,
OSM_way_803640662,Unnamed Historic Site (Building),,,Historic Site (Building),historic=building,way,803640662,2.197331,102.248915,Melaka,04,Melaka Tengah,03,,,,,
OSM_way_1282328479,Unnamed Historic Site (Building),,,Historic Site (Building),historic=building,way,1282328479,2.199353,102.252066,Melaka,04,Melaka Tengah,03,,,,,
OSM_way_1293044459,Unnamed Historic Site (Building),,,Historic Site (Building),historic=building,way,1293044459,2.194496,102.24988,Melaka,04,Melaka Tengah,03,,,,,
OSM_way_1293044460,Unnamed Historic Site (Building),,,Historic Site (Building),historic=building,way,1293044460,2.194573,102.249993,Melaka,04,Melaka Tengah,03,,,,,
OSM_way_1293044461,Unnamed Historic Site (Building),,,Historic Site (Building),historic=building,way,1293044461,2.194635,102.250106,Melaka,04,Melaka Tengah,03,,,,,
OSM_way_1293044466,Unnamed Historic Site (Building),,,Historic Site (Building),historic=building,way,1293044466,2.197787,102.244515,Melaka,04,Melaka Tengah,03,,,,,
OSM_way_1293044469,Unnamed Historic Site (Building),,,Historic Site (Building),historic=building,way,1293044469,2.197529,102.244357,Melaka,04,Melaka Tengah,03,,,,,
OSM_way_1293060215,Unnamed Historic Site (Building),,,Historic Site (Building),historic=building,way,1293060215,2.195495,102.250199,Melaka,04,Melaka Tengah,03,,,,,
OSM_way_1293060216,Unnamed Historic Site (Building),,,Historic Site (Building),historic=building,way,1293060216,2.195474,102.250161,Melaka,04,Melaka Tengah,03,,,,,
OSM_way_1293060217,Unnamed Historic Site (Building),,,Historic Site (Building),historic=building,way,1293060217,2.195455,102.250126,Melaka,04,Melaka Tengah,03,,,,,
OSM_way_1293060218,Unnamed Historic Site (Building),,,Historic Site (Building),historic=building,way,1293060218,2.195436,102.25009,Melaka,04,Melaka Tengah,03,,,,,
OSM_way_1293060219,Unnamed Historic Site (Building),,,Historic Site (Building),historic=building,way,1293060219,2.195412,102.250056,Melaka,04,Melaka Tengah,03,,,,,
OSM_way_1293060220,Unnamed Historic Site (Building),,,Historic Site (Building),historic=building,way,1293060220,2.195365,102.250045,Melaka,04,Melaka Tengah,03,,,,,
OSM_way_1293103600,Unnamed Historic Site (Building),,,Historic Site (Building),historic=building,way,1293103600,2.201105,102.240546,Melaka,04,Melaka Tengah,03,,,,,
OSM_way_1300064087,Unnamed Historic Site (Building),,,Historic Site (Building),historic=building,way,1300064087,2.179561,102.305327,Melaka,04,Melaka Tengah,03,,,,,
OSM_way_1314408212,Unnamed Historic Site (Building),,,Historic Site (Building),historic=building,way,1314408212,2.195017,102.248153,Melaka,04,Melaka Tengah,03,,,,,
OSM_way_1314408213,Unnamed Historic Site (Building),,,Historic Site (Building),historic=building,way,1314408213,2.194375,102.247579,Melaka,04,Melaka Tengah,03,,,,,
OSM_way_1314692859,Unnamed Historic Site (Building),,,Historic Site (Building),historic=building,way,1314692859,2.209869,102.214605,Melaka,04,Melaka Tengah,03,,,,,
OSM_way_1333287811,Unnamed Historic Site (Building),,,Historic Site (Building),historic=building,way,1333287811,2.196621,102.245452,Melaka,04,Melaka Tengah,03,,,,,
OSM_way_1343976386,Unnamed Historic Site (Building),,,Historic Site (Building),historic=building,way,1343976386,2.194439,102.247447,Melaka,04,Melaka Tengah,03,,,,,
OSM_way_1343976387,Unnamed Historic Site (Building),,,Historic Site (Building),historic=building,way,1343976387,2.194417,102.247483,Melaka,04,Melaka Tengah,03,,,,,
OSM_way_1343976388,Unnamed Historic Site (Building),,,Historic Site (Building),historic=building,way,1343976388,2.194392,102.247527,Melaka,04,Melaka Tengah,03,,,,,
OSM_way_1343976389,Unnamed Historic Site (Building),,,Historic Site (Building),historic=building,way,1343976389,2.194893,102.246867,Melaka,04,Melaka Tengah,03,,,,,
OSM_way_1343976392,Unnamed Historic Site (Building),,,Historic Site (Building),historic=building,way,1343976392,2.194836,102.246877,Melaka,04,Melaka Tengah,03,,,,,
OSM_way_1346051148,Unnamed Historic Site (Building),,,Historic Site (Building),historic=building,way,1346051148,2.190268,102.254301,Melaka,04,Melaka Tengah,03,,,,,
OSM_way_1346051149,Unnamed Historic Site (Building),,,Historic Site (Building),historic=building,way,1346051149,2.190094,102.25491,Melaka,04,Melaka Tengah,03,,,,,
OSM_way_1346051841,Unnamed Historic Site (Building),,,Historic Site (Building),historic=building,way,1346051841,2.19485,102.246788,Melaka,04,Melaka Tengah,03,,,,,
OSM_way_1346051842,Unnamed Historic Site (Building),,,Historic Site (Building),historic=building,way,1346051842,2.194519,102.247253,Melaka,04,Melaka Tengah,03,,,,,
OSM_way_1346051843,Unnamed Historic Site (Building),,,Historic Site (Building),historic=building,way,1346051843,2.195118,102.247797,Melaka,04,Melaka Tengah,03,,,,,
OSM_way_1346855739,Unnamed Historic Site (Building),,,Historic Site (Building),historic=building,way,1346855739,2.194884,102.248006,Melaka,04,Melaka Tengah,03,,,,,
OSM_way_1346855740,Unnamed Historic Site (Building),,,Historic Site (Building),historic=building,way,1346855740,2.194861,102.247978,Melaka,04,Melaka Tengah,03,,,,,
OSM_way_1346855741,Unnamed Historic Site (Building),,,Historic Site (Building),historic=building,way,1346855741,2.194837,102.247949,Melaka,04,Melaka Tengah,03,,,,,
OSM_way_1346855743,Unnamed Historic Site (Building),,,Historic Site (Building),historic=building,way,1346855743,2.194794,102.247897,Melaka,04,Melaka Tengah,03,,,,,
OSM_way_1346857324,Unnamed Historic Site (Building),,,Historic Site (Building),historic=building,way,1346857324,2.194784,102.247584,Melaka,04,Melaka Tengah,03,,,,,
OSM_way_1346857325,Unnamed Historic Site (Building),,,Historic Site (Building),historic=building,way,1346857325,2.194985,102.247364,Melaka,04,Melaka Tengah,03,,,,,
OSM_way_1346859239,Unnamed Historic Site (Building),,,Historic Site (Building),historic=building,way,1346859239,2.195145,102.247762,Melaka,04,Melaka Tengah,03,,,,,
OSM_way_1346859240,Unnamed Historic Site (Building),,,Historic Site (Building),historic=building,way,1346859240,2.194807,102.247553,Melaka,04,Melaka Tengah,03,,,,,
OSM_way_1346859241,Unnamed Historic Site (Building),,,Historic Site (Building),historic=building,way,1346859241,2.195091,102.24783,Melaka,04,Melaka Tengah,03,,,,,
OSM_way_1346859242,Unnamed Historic Site (Building),,,Historic Site (Building),historic=building,way,1346859242,2.195107,102.247903,Melaka,04,Melaka Tengah,03,,,,,
OSM_way_1346859243,Unnamed Historic Site (Building),,,Historic Site (Building),historic=building,way,1346859243,2.195099,102.247946,Melaka,04,Melaka Tengah,03,,,,,
OSM_way_1346859244,Unnamed Historic Site (Building),,,Historic Site (Building),historic=building,way,1346859244,2.195069,102.247971,Melaka,04,Melaka Tengah,03,,,,,
OSM_way_1346859245,Unnamed Historic Site (Building),,,Historic Site (Building),historic=building,way,1346859245,2.195038,102.248,Melaka,04,Melaka Tengah,03,,,,,
OSM_way_1346860707,Unnamed Historic Site (Building),,,Historic Site (Building),historic=building,way,1346860707,2.195549,102.247644,Melaka,04,Melaka Tengah,03,,,,,
OSM_way_1346860708,Unnamed Historic Site (Building),,,Historic Site (Building),historic=building,way,1346860708,2.195469,102.247704,Melaka,04,Melaka Tengah,03,,,,,
OSM_way_1346860709,Unnamed Historic Site (Building),,,Historic Site (Building),historic=building,way,1346860709,2.195296,102.247619,Melaka,04,Melaka Tengah,03,,,,,
OSM_way_1346860711,Unnamed Historic Site (Building),,,Historic Site (Building),historic=building,way,1346860711,2.195215,102.247692,Melaka,04,Melaka Tengah,03,,,,,
OSM_way_1346860712,Unnamed Historic Site (Building),,,Historic Site (Building),historic=building,way,1346860712,2.195179,102.247728,Melaka,04,Melaka Tengah,03,,,,,
OSM_way_1347038417,Unnamed Historic Site (Building),,,Historic Site (Building),historic=building,way,1347038417,2.195517,102.247618,Melaka,04,Melaka Tengah,03,,,,,
OSM_way_1347038418,Unnamed Historic Site (Building),,,Historic Site (Building),historic=building,way,1347038418,2.194465,102.247321,Melaka,04,Melaka Tengah,03,,,,,
OSM_way_1347038419,Unnamed Historic Site (Building),,,Historic Site (Building),historic=building,way,1347038419,2.19502,102.247182,Melaka,04,Melaka Tengah,03,,,,,
OSM_way_1347038420,Unnamed Historic Site (Building),,,Historic Site (Building),historic=building,way,1347038420,2.194996,102.247216,Melaka,04,Melaka Tengah,03,,,,,
OSM_way_1347038421,Unnamed Historic Site (Building),,,Historic Site (Building),historic=building,way,1347038421,2.195036,102.2473,Melaka,04,Melaka Tengah,03,,,,,
OSM_way_1347038422,Unnamed Historic Site (Building),,,Historic Site (Building),historic=building,way,1347038422,2.19501,102.247331,Melaka,04,Melaka Tengah,03,,,,,
OSM_way_1347038425,Unnamed Historic Site (Building),,,Historic Site (Building),historic=building,way,1347038425,2.194894,102.247465,Melaka,04,Melaka Tengah,03,,,,,
OSM_way_1347038426,Unnamed Historic Site (Building),,,Historic Site (Building),historic=building,way,1347038426,2.194871,102.247502,Melaka,04,Melaka Tengah,03,,,,,
OSM_way_1347038427,Unnamed Historic Site (Building),,,Historic Site (Building),historic=building,way,1347038427,2.194854,102.24754,Melaka,04,Melaka Tengah,03,,,,,
OSM_way_1347038428,Unnamed Historic Site (Building),,,Historic Site (Building),historic=building,way,1347038428,2.194446,102.24736,Melaka,04,Melaka Tengah,03,,,,,
OSM_way_1347208273,Unnamed Historic Site (Building),,,Historic Site (Building),historic=building,way,1347208273,2.194706,102.24696,Melaka,04,Melaka Tengah,03,,,,,
OSM_way_1347208274,Unnamed Historic Site (Building),,,Historic Site (Building),historic=building,way,1347208274,2.194551,102.247323,Melaka,04,Melaka Tengah,03,,,,,
OSM_way_1365761358,Unnamed Historic Site (Building),,,Historic Site (Building),historic=building,way,1365761358,2.196441,102.246503,Melaka,04,Melaka Tengah,03,,,,,
OSM_way_1365761364,Unnamed Historic Site (Building),,,Historic Site (Building),historic=building,way,1365761364,2.196253,102.247234,Melaka,04,Melaka Tengah,03,,,,,
OSM_way_1365761365,Unnamed Historic Site (Building),,,Historic Site (Building),historic=building,way,1365761365,2.196217,102.247269,Melaka,04,Melaka Tengah,03,,,,,
OSM_way_1365761367,Unnamed Historic Site (Building),,,Historic Site (Building),historic=building,way,1365761367,2.19636,102.247117,Melaka,04,Melaka Tengah,03,,,,,
OSM_way_1365761368,Unnamed Historic Site (Building),,,Historic Site (Building),historic=building,way,1365761368,2.196393,102.247079,Melaka,04,Melaka Tengah,03,,,,,
OSM_way_1365761976,Unnamed Historic Site (Building),,,Historic Site (Building),historic=building,way,1365761976,2.196271,102.244634,Melaka,04,Melaka Tengah,03,,,,,
OSM_way_1365761979,Unnamed Historic Site (Building),,,Historic Site (Building),historic=building,way,1365761979,2.200051,102.246293,Melaka,04,Melaka Tengah,03,,,,,
OSM_way_1418806141,Unnamed Historic Site (Building),,,Historic Site (Building),historic=building,way,1418806141,2.196781,102.249878,Melaka,04,Melaka Tengah,03,,,,,
OSM_way_1418807087,Unnamed Historic Site (Building),,,Historic Site (Building),historic=building,way,1418807087,2.197373,102.250696,Melaka,04,Melaka Tengah,03,,,,,
OSM_way_1418807088,Unnamed Historic Site (Building),,,Historic Site (Building),historic=building,way,1418807088,2.197425,102.250702,Melaka,04,Melaka Tengah,03,,,,,
OSM_way_1418807089,Unnamed Historic Site (Building),,,Historic Site (Building),historic=building,way,1418807089,2.197479,102.250712,Melaka,04,Melaka Tengah,03,,,,,
OSM_way_1418807090,Unnamed Historic Site (Building),,,Historic Site (Building),historic=building,way,1418807090,2.197531,102.25072,Melaka,04,Melaka Tengah,03,,,,,
OSM_way_1418807092,Unnamed Historic Site (Building),,,Historic Site (Building),historic=building,way,1418807092,2.197685,102.250733,Melaka,04,Melaka Tengah,03,,,,,
OSM_way_1418807093,Unnamed Historic Site (Building),,,Historic Site (Building),historic=building,way,1418807093,2.197739,102.250742,Melaka,04,Melaka Tengah,03,,,,,
OSM_way_1418807094,Unnamed Historic Site (Building),,,Historic Site (Building),historic=building,way,1418807094,2.197792,102.250751,Melaka,04,Melaka Tengah,03,,,,,
OSM_way_1418807095,Unnamed Historic Site (Building),,,Historic Site (Building),historic=building,way,1418807095,2.197858,102.250731,Melaka,04,Melaka Tengah,03,,,,,
OSM_way_1418807096,Unnamed Historic Site (Building),,,Historic Site (Building),historic=building,way,1418807096,2.197907,102.250739,Melaka,04,Melaka Tengah,03,,,,,
OSM_way_1418807097,Unnamed Historic Site (Building),,,Historic Site (Building),historic=building,way,1418807097,2.197968,102.250749,Melaka,04,Melaka Tengah,03,,,,,
OSM_way_1418807098,Unnamed Historic Site (Building),,,Historic Site (Building),historic=building,way,1418807098,2.198017,102.250757,Melaka,04,Melaka Tengah,03,,,,,
OSM_way_1418807099,Unnamed Historic Site (Building),,,Historic Site (Building),historic=building,way,1418807099,2.198076,102.250767,Melaka,04,Melaka Tengah,03,,,,,
OSM_way_1418807100,Unnamed Historic Site (Building),,,Historic Site (Building),historic=building,way,1418807100,2.198125,102.250775,Melaka,04,Melaka Tengah,03,,,,,
OSM_way_1418807101,Unnamed Historic Site (Building),,,Historic Site (Building),historic=building,way,1418807101,2.19819,102.250785,Melaka,04,Melaka Tengah,03,,,,,
OSM_way_1418808932,Unnamed Historic Site (Building),,,Historic Site (Building),historic=building,way,1418808932,2.19886,102.251066,Melaka,04,Melaka Tengah,03,,,,,
OSM_way_1418808937,Unnamed Historic Site (Building),,,Historic Site (Building),historic=building,way,1418808937,2.200248,102.252352,Melaka,04,Melaka Tengah,03,,,,,
OSM_way_1418808939,Unnamed Historic Site (Building),,,Historic Site (Building),historic=building,way,1418808939,2.202435,102.252847,Melaka,04,Melaka Tengah,03,,,,,
OSM_way_1418808940,Unnamed Historic Site (Building),,,Historic Site (Building),historic=building,way,1418808940,2.204468,102.252707,Melaka,04,Melaka Tengah,03,,,,,
OSM_way_1418808943,Unnamed Historic Site (Building),,,Historic Site (Building),historic=building,way,1418808943,2.205492,102.253059,Melaka,04,Melaka Tengah,03,,,,,
OSM_way_1418811225,Unnamed Historic Site (Building),,,Historic Site (Building),historic=building,way,1418811225,2.200585,102.251169,Melaka,04,Melaka Tengah,03,,,,,
OSM_way_1418811226,Unnamed Historic Site (Building),,,Historic Site (Building),historic=building,way,1418811226,2.200439,102.251242,Melaka,04,Melaka Tengah,03,,,,,
OSM_way_1418811227,Unnamed Historic Site (Building),,,Historic Site (Building),historic=building,way,1418811227,2.203017,102.252151,Melaka,04,Melaka Tengah,03,,,,,
OSM_way_1418811228,Unnamed Historic Site (Building),,,Historic Site (Building),historic=building,way,1418811228,2.202702,102.252186,Melaka,04,Melaka Tengah,03,,,,,
OSM_way_1418811229,Unnamed Historic Site (Building),,,Historic Site (Building),historic=building,way,1418811229,2.202814,102.252337,Melaka,04,Melaka Tengah,03,,,,,
OSM_way_1418811230,Unnamed Historic Site (Building),,,Historic Site (Building),historic=building,way,1418811230,2.20277,102.252404,Melaka,04,Melaka Tengah,03,,,,,
OSM_way_1418811231,Unnamed Historic Site (Building),,,Historic Site (Building),historic=building,way,1418811231,2.201741,102.256213,Melaka,04,Melaka Tengah,03,,,,,
OSM_way_1418814945,Unnamed Historic Site (Building),,,Historic Site (Building),historic=building,way,1418814945,2.197898,102.25997,Melaka,04,Melaka Tengah,03,,,,,
OSM_way_1418814947,Unnamed Historic Site (Building),,,Historic Site (Building),historic=building,way,1418814947,2.197912,102.259802,Melaka,04,Melaka Tengah,03,,,,,
OSM_way_1418814948,Unnamed Historic Site (Building),,,Historic Site (Building),historic=building,way,1418814948,2.197967,102.259555,Melaka,04,Melaka Tengah,03,,,,,
OSM_way_1418814949,Unnamed Historic Site (Building),,,Historic Site (Building),historic=building,way,1418814949,2.197604,102.259424,Melaka,04,Melaka Tengah,03,,,,,
OSM_way_1418814950,Unnamed Historic Site (Building),,,Historic Site (Building),historic=building,way,1418814950,2.197377,102.259624,Melaka,04,Melaka Tengah,03,,,,,
OSM_way_1418818806,Unnamed Historic Site (Building),,,Historic Site (Building),historic=building,way,1418818806,2.194992,102.255134,Melaka,04,Melaka Tengah,03,,,,,
OSM_way_1418818808,Unnamed Historic Site (Building),,,Historic Site (Building),historic=building,way,1418818808,2.196554,102.25324,Melaka,04,Melaka Tengah,03,,,,,
OSM_way_1418818809,Unnamed Historic Site (Building),,,Historic Site (Building),historic=building,way,1418818809,2.196514,102.253203,Melaka,04,Melaka Tengah,03,,,,,
OSM_way_1418818810,Unnamed Historic Site (Building),,,Historic Site (Building),historic=building,way,1418818810,2.196469,102.253181,Melaka,04,Melaka Tengah,03,,,,,
OSM_way_1418818811,Unnamed Historic Site (Building),,,Historic Site (Building),historic=building,way,1418818811,2.196423,102.253161,Melaka,04,Melaka Tengah,03,,,,,
OSM_way_1418818812,Unnamed Historic Site (Building),,,Historic Site (Building),historic=building,way,1418818812,2.196379,102.253141,Melaka,04,Melaka Tengah,03,,,,,
OSM_way_1418818813,Unnamed Historic Site (Building),,,Historic Site (Building),historic=building,way,1418818813,2.196334,102.253121,Melaka,04,Melaka Tengah,03,,,,,
OSM_way_1418818814,Unnamed Historic Site (Building),,,Historic Site (Building),historic=building,way,1418818814,2.196162,102.253032,Melaka,04,Melaka Tengah,03,,,,,
OSM_way_1418818815,Unnamed Historic Site (Building),,,Historic Site (Building),historic=building,way,1418818815,2.196089,102.252988,Melaka,04,Melaka Tengah,03,,,,,
OSM_way_1418818817,Unnamed Historic Site (Building),,,Historic Site (Building),historic=building,way,1418818817,2.195743,102.252848,Melaka,04,Melaka Tengah,03,,,,,
OSM_way_1418818818,Unnamed Historic Site (Building),,,Historic Site (Building),historic=building,way,1418818818,2.195779,102.252865,Melaka,04,Melaka Tengah,03,,,,,
OSM_way_1418818819,Unnamed Historic Site (Building),,,Historic Site (Building),historic=building,way,1418818819,2.195814,102.252881,Melaka,04,Melaka Tengah,03,,,,,
OSM_way_1418818820,Unnamed Historic Site (Building),,,Historic Site (Building),historic=building,way,1418818820,2.195861,102.252902,Melaka,04,Melaka Tengah,03,,,,,
OSM_way_1418818821,Unnamed Historic Site (Building),,,Historic Site (Building),historic=building,way,1418818821,2.195896,102.252919,Melaka,04,Melaka Tengah,03,,,,,
OSM_way_1418818822,Unnamed Historic Site (Building),,,Historic Site (Building),historic=building,way,1418818822,2.195933,102.252936,Melaka,04,Melaka Tengah,03,,,,,
OSM_way_1418824950,Unnamed Historic Site (Building),,,Historic Site (Building),historic=building,way,1418824950,2.195379,102.252552,Melaka,04,Melaka Tengah,03,,,,,
OSM_way_1418824952,Unnamed Historic Site (Building),,,Historic Site (Building),historic=building,way,1418824952,2.195036,102.252106,Melaka,04,Melaka Tengah,03,,,,,
OSM_way_1418828009,Unnamed Historic Site (Building),,,Historic Site (Building),historic=building,way,1418828009,2.195219,102.250897,Melaka,04,Melaka Tengah,03,,,,,
OSM_way_1418828011,Unnamed Historic Site (Building),,,Historic Site (Building),historic=building,way,1418828011,2.196833,102.253396,Melaka,04,Melaka Tengah,03,,,,,
OSM_way_1418828014,Unnamed Historic Site (Building),,,Historic Site (Building),historic=building,way,1418828014,2.196486,102.249842,Melaka,04,Melaka Tengah,03,,,,,
OSM_way_1418866361,Unnamed Historic Site (Building),,,Historic Site (Building),historic=building,way,1418866361,2.197698,102.245248,Melaka,04,Melaka Tengah,03,,,,,
OSM_way_1418866363,Unnamed Historic Site (Building),,,Historic Site (Building),historic=building,way,1418866363,2.197528,102.245478,Melaka,04,Melaka Tengah,03,,,,,
OSM_way_1418866364,Unnamed Historic Site (Building),,,Historic Site (Building),historic=building,way,1418866364,2.197583,102.245419,Melaka,04,Melaka Tengah,03,,,,,
OSM_way_1418866365,Unnamed Historic Site (Building),,,Historic Site (Building),historic=building,way,1418866365,2.197642,102.24535,Melaka,04,Melaka Tengah,03,,,,,
OSM_way_1418866366,Unnamed Historic Site (Building),,,Historic Site (Building),historic=building,way,1418866366,2.19774,102.245128,Melaka,04,Melaka Tengah,03,,,,,
OSM_way_1418866368,Unnamed Historic Site (Building),,,Historic Site (Building),historic=building,way,1418866368,2.197866,102.245028,Melaka,04,Melaka Tengah,03,,,,,
OSM_way_1418866369,Unnamed Historic Site (Building),,,Historic Site (Building),historic=building,way,1418866369,2.197881,102.244915,Melaka,04,Melaka Tengah,03,,,,,
OSM_way_1418866371,Unnamed Historic Site (Building),,,Historic Site (Building),historic=building,way,1418866371,2.197294,102.244222,Melaka,04,Melaka Tengah,03,,,,,
OSM_way_1418871183,Unnamed Historic Site (Building),,,Historic Site (Building),historic=building,way,1418871183,2.193135,102.25161,Melaka,04,Melaka Tengah,03,,,,,
OSM_way_1418871184,Unnamed Historic Site (Building),,,Historic Site (Building),historic=building,way,1418871184,2.193105,102.251804,Melaka,04,Melaka Tengah,03,,,,,
OSM_way_1418871185,Unnamed Historic Site (Building),,,Historic Site (Building),historic=building,way,1418871185,2.192824,102.251733,Melaka,04,Melaka Tengah,03,,,,,
OSM_way_1418871186,Unnamed Historic Site (Building),,,Historic Site (Building),historic=building,way,1418871186,2.192776,102.251886,Melaka,04,Melaka Tengah,03,,,,,
OSM_way_1418871187,Unnamed Historic Site (Building),,,Historic Site (Building),historic=building,way,1418871187,2.192868,102.252231,Melaka,04,Melaka Tengah,03,,,,,
OSM_way_1418871188,Unnamed Historic Site (Building),,,Historic Site (Building),historic=building,way,1418871188,2.193092,102.252489,Melaka,04,Melaka Tengah,03,,,,,
OSM_way_1418871190,Unnamed Historic Site (Building),,,Historic Site (Building),historic=building,way,1418871190,2.192307,102.252379,Melaka,04,Melaka Tengah,03,,,,,
OSM_way_1418871196,Unnamed Historic Site (Building),,,Historic Site (Building),historic=building,way,1418871196,2.193088,102.253896,Melaka,04,Melaka Tengah,03,,,,,
OSM_way_1418871199,Unnamed Historic Site (Building),,,Historic Site (Building),historic=building,way,1418871199,2.194963,102.252976,Melaka,04,Melaka Tengah,03,,,,,
OSM_way_1418871200,Unnamed Historic Site (Building),,,Historic Site (Building),historic=building,way,1418871200,2.194919,102.253634,Melaka,04,Melaka Tengah,03,,,,,
OSM_way_1418871201,Unnamed Historic Site (Building),,,Historic Site (Building),historic=building,way,1418871201,2.194915,102.253681,Melaka,04,Melaka Tengah,03,,,,,
OSM_way_1418871203,Unnamed Historic Site (Building),,,Historic Site (Building),historic=building,way,1418871203,2.195383,102.253398,Melaka,04,Melaka Tengah,03,,,,,
OSM_way_1418936027,Unnamed Historic Site (Building),,,Historic Site (Building),historic=building,way,1418936027,2.195366,102.259384,Melaka,04,Melaka Tengah,03,,,,,
OSM_way_1418936039,Unnamed Historic Site (Building),,,Historic Site (Building),historic=building,way,1418936039,2.188739,102.259079,Melaka,04,Melaka Tengah,03,,,,,
OSM_way_1418936041,Unnamed Historic Site (Building),,,Historic Site (Building),historic=building,way,1418936041,2.188714,102.259542,Melaka,04,Melaka Tengah,03,,,,,
OSM_way_1418936042,Unnamed Historic Site (Building),,,Historic Site (Building),historic=building,way,1418936042,2.188638,102.260249,Melaka,04,Melaka Tengah,03,,,,,
OSM_way_1418936043,Unnamed Historic Site (Building),,,Historic Site (Building),historic=building,way,1418936043,2.18886,102.260451,Melaka,04,Melaka Tengah,03,,,,,
OSM_way_1419060939,Unnamed Historic Site (Building),,,Historic Site (Building),historic=building,way,1419060939,2.189016,102.262351,Melaka,04,Melaka Tengah,03,,,,,
OSM_way_1419060940,Unnamed Historic Site (Building),,,Historic Site (Building),historic=building,way,1419060940,2.188978,102.263555,Melaka,04,Melaka Tengah,03,,,,,
OSM_way_1419141047,Unnamed Historic Site (Building),,,Historic Site (Building),historic=building,way,1419141047,2.189296,102.262119,Melaka,04,Melaka Tengah,03,,,,,
OSM_way_1419141048,Unnamed Historic Site (Building),,,Historic Site (Building),historic=building,way,1419141048,2.187301,102.258752,Melaka,04,Melaka Tengah,03,,,,,
OSM_way_1419141049,Unnamed Historic Site (Building),,,Historic Site (Building),historic=building,way,1419141049,2.1889,102.257559,Melaka,04,Melaka Tengah,03,,,,,
OSM_way_1419141050,Unnamed Historic Site (Building),,,Historic Site (Building),historic=building,way,1419141050,2.189262,102.257743,Melaka,04,Melaka Tengah,03,,,,,
OSM_way_1419141053,Unnamed Historic Site (Building),,,Historic Site (Building),historic=building,way,1419141053,2.188019,102.258367,Melaka,04,Melaka Tengah,03,,,,,
OSM_way_1419141054,Unnamed Historic Site (Building),,,Historic Site (Building),historic=building,way,1419141054,2.189717,102.255867,Melaka,04,Melaka Tengah,03,,,,,
OSM_way_1419141055,Unnamed Historic Site (Building),,,Historic Site (Building),historic=building,way,1419141055,2.189686,102.255363,Melaka,04,Melaka Tengah,03,,,,,
OSM_way_1419141057,Unnamed Historic Site (Building),,,Historic Site (Building),historic=building,way,1419141057,2.189392,102.255111,Melaka,04,Melaka Tengah,03,,,,,
OSM_way_1419141058,Unnamed Historic Site (Building),,,Historic Site (Building),historic=building,way,1419141058,2.189357,102.255161,Melaka,04,Melaka Tengah,03,,,,,
OSM_way_1419147282,Unnamed Historic Site (Building),,,Historic Site (Building),historic=building,way,1419147282,2.190023,102.254691,Melaka,04,Melaka Tengah,03,,,,,
OSM_way_1419147283,Unnamed Historic Site (Building),,,Historic Site (Building),historic=building,way,1419147283,2.190033,102.254635,Melaka,04,Melaka Tengah,03,,,,,
OSM_way_1419147284,Unnamed Historic Site (Building),,,Historic Site (Building),historic=building,way,1419147284,2.190143,102.254553,Melaka,04,Melaka Tengah,03,,,,,
OSM_way_1419147288,Unnamed Historic Site (Building),,,Historic Site (Building),historic=building,way,1419147288,2.189711,102.254582,Melaka,04,Melaka Tengah,03,,,,,
OSM_way_1419147289,Unnamed Historic Site (Building),,,Historic Site (Building),historic=building,way,1419147289,2.190898,102.254548,Melaka,04,Melaka Tengah,03,,,,,
OSM_way_1419147290,Unnamed Historic Site (Building),,,Historic Site (Building),historic=building,way,1419147290,2.190977,102.254594,Melaka,04,Melaka Tengah,03,,,,,
OSM_way_1419147291,Unnamed Historic Site (Building),,,Historic Site (Building),historic=building,way,1419147291,2.190938,102.254572,Melaka,04,Melaka Tengah,03,,,,,
OSM_way_1419147292,Unnamed Historic Site (Building),,,Historic Site (Building),historic=building,way,1419147292,2.190859,102.254524,Melaka,04,Melaka Tengah,03,,,,,
OSM_way_1419153790,Unnamed Historic Site (Building),,,Historic Site (Building),historic=building,way,1419153790,2.192684,102.252904,Melaka,04,Melaka Tengah,03,,,,,
OSM_way_1419153791,Unnamed Historic Site (Building),,,Historic Site (Building),historic=building,way,1419153791,2.192682,102.252946,Melaka,04,Melaka Tengah,03,,,,,
OSM_way_1419153793,Unnamed Historic Site (Building),,,Historic Site (Building),historic=building,way,1419153793,2.192656,102.253037,Melaka,04,Melaka Tengah,03,,,,,
OSM_way_1419186258,Unnamed Historic Site (Building),,,Historic Site (Building),historic=building,way,1419186258,2.198156,102.247675,Melaka,04,Melaka Tengah,03,,,,,
OSM_way_1419311939,Unnamed Historic Site (Building),,,Historic Site (Building),historic=building,way,1419311939,2.19695,102.248426,Melaka,04,Melaka Tengah,03,,,,,
OSM_way_1419313006,Unnamed Historic Site (Building),,,Historic Site (Building),historic=building,way,1419313006,2.197304,102.248428,Melaka,04,Melaka Tengah,03,,,,,
OSM_way_1419313007,Unnamed Historic Site (Building),,,Historic Site (Building),historic=building,way,1419313007,2.197287,102.248308,Melaka,04,Melaka Tengah,03,,,,,
OSM_way_1419313008,Unnamed Historic Site (Building),,,Historic Site (Building),historic=building,way,1419313008,2.197341,102.248264,Melaka,04,Melaka Tengah,03,,,,,
OSM_way_1419313009,Unnamed Historic Site (Building),,,Historic Site (Building),historic=building,way,1419313009,2.197301,102.248277,Melaka,04,Melaka Tengah,03,,,,,
OSM_way_1419313018,Unnamed Historic Site (Building),,,Historic Site (Building),historic=building,way,1419313018,2.197363,102.24792,Melaka,04,Melaka Tengah,03,,,,,
OSM_way_1419313019,Unnamed Historic Site (Building),,,Historic Site (Building),historic=building,way,1419313019,2.197321,102.24788,Melaka,04,Melaka Tengah,03,,,,,
OSM_way_1419313022,Unnamed Historic Site (Building),,,Historic Site (Building),historic=building,way,1419313022,2.197257,102.247814,Melaka,04,Melaka Tengah,03,,,,,
OSM_way_1419313024,Unnamed Historic Site (Building),,,Historic Site (Building),historic=building,way,1419313024,2.197024,102.247679,Melaka,04,Melaka Tengah,03,,,,,
OSM_way_1419313025,Unnamed Historic Site (Building),,,Historic Site (Building),historic=building,way,1419313025,2.197078,102.247831,Melaka,04,Melaka Tengah,03,,,,,
OSM_way_1419313028,Unnamed Historic Site (Building),,,Historic Site (Building),historic=building,way,1419313028,2.19688,102.247882,Melaka,04,Melaka Tengah,03,,,,,
OSM_way_1419313030,Unnamed Historic Site (Building),,,Historic Site (Building),historic=building,way,1419313030,2.196859,102.248013,Melaka,04,Melaka Tengah,03,,,,,
OSM_way_1419313031,Unnamed Historic Site (Building),,,Historic Site (Building),historic=building,way,1419313031,2.19682,102.248043,Melaka,04,Melaka Tengah,03,,,,,
OSM_way_1419313033,Unnamed Historic Site (Building),,,Historic Site (Building),historic=building,way,1419313033,2.196675,102.248046,Melaka,04,Melaka Tengah,03,,,,,
OSM_way_1419315061,Unnamed Historic Site (Building),,,Historic Site (Building),historic=building,way,1419315061,2.196314,102.247823,Melaka,04,Melaka Tengah,03,,,,,
OSM_way_1419315066,Unnamed Historic Site (Building),,,Historic Site (Building),historic=building,way,1419315066,2.195786,102.24759,Melaka,04,Melaka Tengah,03,,,,,
OSM_way_1419325281,Unnamed Historic Site (Building),,,Historic Site (Building),historic=building,way,1419325281,2.197526,102.247658,Melaka,04,Melaka Tengah,03,,,,,
OSM_way_1419325282,Unnamed Historic Site (Building),,,Historic Site (Building),historic=building,way,1419325282,2.197444,102.247637,Melaka,04,Melaka Tengah,03,,,,,
OSM_way_1419325285,Unnamed Historic Site (Building),,,Historic Site (Building),historic=building,way,1419325285,2.197553,102.247707,Melaka,04,Melaka Tengah,03,,,,,
OSM_way_1419325287,Unnamed Historic Site (Building),,,Historic Site (Building),historic=building,way,1419325287,2.197668,102.247766,Melaka,04,Melaka Tengah,03,,,,,
OSM_way_1419325289,Unnamed Historic Site (Building),,,Historic Site (Building),historic=building,way,1419325289,2.19777,102.247758,Melaka,04,Melaka Tengah,03,,,,,
OSM_way_1419325290,Unnamed Historic Site (Building),,,Historic Site (Building),historic=building,way,1419325290,2.197818,102.247757,Melaka,04,Melaka Tengah,03,,,,,
OSM_way_1419325292,Unnamed Historic Site (Building),,,Historic Site (Building),historic=building,way,1419325292,2.197952,102.247689,Melaka,04,Melaka Tengah,03,,,,,
OSM_way_1419325296,Unnamed Historic Site (Building),,,Historic Site (Building),historic=building,way,1419325296,2.198379,102.247727,Melaka,04,Melaka Tengah,03,,,,,
OSM_way_1419325297,Unnamed Historic Site (Building),,,Historic Site (Building),historic=building,way,1419325297,2.198462,102.247682,Melaka,04,Melaka Tengah,03,,,,,
OSM_way_1419325298,Unnamed Historic Site (Building),,,Historic Site (Building),historic=building,way,1419325298,2.198541,102.247737,Melaka,04,Melaka Tengah,03,,,,,
OSM_way_1419325301,Unnamed Historic Site (Building),,,Historic Site (Building),historic=building,way,1419325301,2.198808,102.247633,Melaka,04,Melaka Tengah,03,,,,,
OSM_way_1419353523,Unnamed Historic Site (Building),,,Historic Site (Building),historic=building,way,1419353523,2.196689,102.250926,Melaka,04,Melaka Tengah,03,,,,,
OSM_way_1419353524,Unnamed Historic Site (Building),,,Historic Site (Building),historic=building,way,1419353524,2.196645,102.250923,Melaka,04,Melaka Tengah,03,,,,,
OSM_way_1419353525,Unnamed Historic Site (Building),,,Historic Site (Building),historic=building,way,1419353525,2.196599,102.25092,Melaka,04,Melaka Tengah,03,,,,,
OSM_way_1419353526,Unnamed Historic Site (Building),,,Historic Site (Building),historic=building,way,1419353526,2.196547,102.250917,Melaka,04,Melaka Tengah,03,,,,,
OSM_way_1419353527,Unnamed Historic Site (Building),,,Historic Site (Building),historic=building,way,1419353527,2.196498,102.250914,Melaka,04,Melaka Tengah,03,,,,,
OSM_way_1419353528,Unnamed Historic Site (Building),,,Historic Site (Building),historic=building,way,1419353528,2.196449,102.25091,Melaka,04,Melaka Tengah,03,,,,,
OSM_way_1419353529,Unnamed Historic Site (Building),,,Historic Site (Building),historic=building,way,1419353529,2.196401,102.250907,Melaka,04,Melaka Tengah,03,,,,,
OSM_way_1419353530,Unnamed Historic Site (Building),,,Historic Site (Building),historic=building,way,1419353530,2.196811,102.25088,Melaka,04,Melaka Tengah,03,,,,,
OSM_way_1419353531,Unnamed Historic Site (Building),,,Historic Site (Building),historic=building,way,1419353531,2.196868,102.250884,Melaka,04,Melaka Tengah,03,,,,,
OSM_way_1419353532,Unnamed Historic Site (Building),,,Historic Site (Building),historic=building,way,1419353532,2.196937,102.250863,Melaka,04,Melaka Tengah,03,,,,,
OSM_way_1419353533,Unnamed Historic Site (Building),,,Historic Site (Building),historic=building,way,1419353533,2.197047,102.250881,Melaka,04,Melaka Tengah,03,,,,,
OSM_way_1419353534,Unnamed Historic Site (Building),,,Historic Site (Building),historic=building,way,1419353534,2.197207,102.25097,Melaka,04,Melaka Tengah,03,,,,,
OSM_way_1419353537,Unnamed Historic Site (Building),,,Historic Site (Building),historic=building,way,1419353537,2.197367,102.251004,Melaka,04,Melaka Tengah,03,,,,,
OSM_way_1419353538,Unnamed Historic Site (Building),,,Historic Site (Building),historic=building,way,1419353538,2.197457,102.251017,Melaka,04,Melaka Tengah,03,,,,,
OSM_way_1419353540,Unnamed Historic Site (Building),,,Historic Site (Building),historic=building,way,1419353540,2.197562,102.250988,Melaka,04,Melaka Tengah,03,,,,,
OSM_way_1419353542,Unnamed Historic Site (Building),,,Historic Site (Building),historic=building,way,1419353542,2.197766,102.251015,Melaka,04,Melaka Tengah,03,,,,,
OSM_way_1419353546,Unnamed Historic Site (Building),,,Historic Site (Building),historic=building,way,1419353546,2.198735,102.251083,Melaka,04,Melaka Tengah,03,,,,,
OSM_way_1419353547,Unnamed Historic Site (Building),,,Historic Site (Building),historic=building,way,1419353547,2.198583,102.250991,Melaka,04,Melaka Tengah,03,,,,,
OSM_way_1419353549,Unnamed Historic Site (Building),,,Historic Site (Building),historic=building,way,1419353549,2.198656,102.251388,Melaka,04,Melaka Tengah,03,,,,,
OSM_way_1419353552,Unnamed Historic Site (Building),,,Historic Site (Building),historic=building,way,1419353552,2.198452,102.251402,Melaka,04,Melaka Tengah,03,,,,,
OSM_way_1419353554,Unnamed Historic Site (Building),,,Historic Site (Building),historic=building,way,1419353554,2.198165,102.25139,Melaka,04,Melaka Tengah,03,,,,,
OSM_way_1419353557,Unnamed Historic Site (Building),,,Historic Site (Building),historic=building,way,1419353557,2.197608,102.251261,Melaka,04,Melaka Tengah,03,,,,,
OSM_way_1419353558,Unnamed Historic Site (Building),,,Historic Site (Building),historic=building,way,1419353558,2.197578,102.251257,Melaka,04,Melaka Tengah,03,,,,,
OSM_way_1419353559,Unnamed Historic Site (Building),,,Historic Site (Building),historic=building,way,1419353559,2.197527,102.251232,Melaka,04,Melaka Tengah,03,,,,,
OSM_way_1419355007,Unnamed Historic Site (Building),,,Historic Site (Building),historic=building,way,1419355007,2.197413,102.251221,Melaka,04,Melaka Tengah,03,,,,,
OSM_way_1419355009,Unnamed Historic Site (Building),,,Historic Site (Building),historic=building,way,1419355009,2.197262,102.251244,Melaka,04,Melaka Tengah,03,,,,,
OSM_way_1419355010,Unnamed Historic Site (Building),,,Historic Site (Building),historic=building,way,1419355010,2.197221,102.251241,Melaka,04,Melaka Tengah,03,,,,,
OSM_way_1419355011,Unnamed Historic Site (Building),,,Historic Site (Building),historic=building,way,1419355011,2.197183,102.251237,Melaka,04,Melaka Tengah,03,,,,,
OSM_way_1419355012,Unnamed Historic Site (Building),,,Historic Site (Building),historic=building,way,1419355012,2.197143,102.251234,Melaka,04,Melaka Tengah,03,,,,,
OSM_way_1419355020,Unnamed Historic Site (Building),,,Historic Site (Building),historic=building,way,1419355020,2.197251,102.251656,Melaka,04,Melaka Tengah,03,,,,,
OSM_way_1419588728,Unnamed Historic Site (Building),,,Historic Site (Building),historic=building,way,1419588728,2.203304,102.25272,Melaka,04,Melaka Tengah,03,,,,,
OSM_way_1419588730,Unnamed Historic Site (Building),,,Historic Site (Building),historic=building,way,1419588730,2.202635,102.254184,Melaka,04,Melaka Tengah,03,,,,,
OSM_way_1419588731,Unnamed Historic Site (Building),,,Historic Site (Building),historic=building,way,1419588731,2.201004,102.252558,Melaka,04,Melaka Tengah,03,,,,,
OSM_way_1419588733,Unnamed Historic Site (Building),,,Historic Site (Building),historic=building,way,1419588733,2.201881,102.251829,Melaka,04,Melaka Tengah,03,,,,,
OSM_way_1419588738,Unnamed Historic Site (Building),,,Historic Site (Building),historic=building,way,1419588738,2.200306,102.249713,Melaka,04,Melaka Tengah,03,,,,,
OSM_way_1419588741,Unnamed Historic Site (Building),,,Historic Site (Building),historic=building,way,1419588741,2.199959,102.249628,Melaka,04,Melaka Tengah,03,,,,,
OSM_way_1419588743,Unnamed Historic Site (Building),,,Historic Site (Building),historic=building,way,1419588743,2.200038,102.249965,Melaka,04,Melaka Tengah,03,,,,,
OSM_way_1419588750,Unnamed Historic Site (Building),,,Historic Site (Building),historic=building,way,1419588750,2.200141,102.25074,Melaka,04,Melaka Tengah,03,,,,,
OSM_way_1419590368,Unnamed Historic Site (Building),,,Historic Site (Building),historic=building,way,1419590368,2.200118,102.251203,Melaka,04,Melaka Tengah,03,,,,,
OSM_way_1419590369,Unnamed Historic Site (Building),,,Historic Site (Building),historic=building,way,1419590369,2.199788,102.251582,Melaka,04,Melaka Tengah,03,,,,,
OSM_way_1419590370,Unnamed Historic Site (Building),,,Historic Site (Building),historic=building,way,1419590370,2.199744,102.251143,Melaka,04,Melaka Tengah,03,,,,,
OSM_way_1419590374,Unnamed Historic Site (Building),,,Historic Site (Building),historic=building,way,1419590374,2.199413,102.251557,Melaka,04,Melaka Tengah,03,,,,,
OSM_way_1419590376,Unnamed Historic Site (Building),,,Historic Site (Building),historic=building,way,1419590376,2.199438,102.251097,Melaka,04,Melaka Tengah,03,,,,,
OSM_way_1419590378,Unnamed Historic Site (Building),,,Historic Site (Building),historic=building,way,1419590378,2.199457,102.250644,Melaka,04,Melaka Tengah,03,,,,,
OSM_way_1419590379,Unnamed Historic Site (Building),,,Historic Site (Building),historic=building,way,1419590379,2.199521,102.249485,Melaka,04,Melaka Tengah,03,,,,,
OSM_way_1419590380,Unnamed Historic Site (Building),,,Historic Site (Building),historic=building,way,1419590380,2.199502,102.249575,Melaka,04,Melaka Tengah,03,,,,,
OSM_way_1419590381,Unnamed Historic Site (Building),,,Historic Site (Building),historic=building,way,1419590381,2.199511,102.249701,Melaka,04,Melaka Tengah,03,,,,,
OSM_way_1419590382,Unnamed Historic Site (Building),,,Historic Site (Building),historic=building,way,1419590382,2.19957,102.249805,Melaka,04,Melaka Tengah,03,,,,,
OSM_way_1419591854,Unnamed Historic Site (Building),,,Historic Site (Building),historic=building,way,1419591854,2.199025,102.25028,Melaka,04,Melaka Tengah,03,,,,,
OSM_way_1419624933,Unnamed Historic Site (Building),,,Historic Site (Building),historic=building,way,1419624933,2.199082,102.252482,Melaka,04,Melaka Tengah,03,,,,,
OSM_way_1419624940,Unnamed Historic Site (Building),,,Historic Site (Building),historic=building,way,1419624940,2.198903,102.252036,Melaka,04,Melaka Tengah,03,,,,,
OSM_way_1419624941,Unnamed Historic Site (Building),,,Historic Site (Building),historic=building,way,1419624941,2.19859,102.25196,Melaka,04,Melaka Tengah,03,,,,,
OSM_way_1419624942,Unnamed Historic Site (Building),,,Historic Site (Building),historic=building,way,1419624942,2.198732,102.251982,Melaka,04,Melaka Tengah,03,,,,,
OSM_way_1419624943,Unnamed Historic Site (Building),,,Historic Site (Building),historic=building,way,1419624943,2.198359,102.251919,Melaka,04,Melaka Tengah,03,,,,,
OSM_way_1419624945,Unnamed Historic Site (Building),,,Historic Site (Building),historic=building,way,1419624945,2.197736,102.251806,Melaka,04,Melaka Tengah,03,,,,,
OSM_way_1419627889,Unnamed Historic Site (Building),,,Historic Site (Building),historic=building,way,1419627889,2.196904,102.251861,Melaka,04,Melaka Tengah,03,,,,,
OSM_way_1419627890,Unnamed Historic Site (Building),,,Historic Site (Building),historic=building,way,1419627890,2.196858,102.251844,Melaka,04,Melaka Tengah,03,,,,,
OSM_way_1419627891,Unnamed Historic Site (Building),,,Historic Site (Building),historic=building,way,1419627891,2.196535,102.251731,Melaka,04,Melaka Tengah,03,,,,,
OSM_way_1419627892,Unnamed Historic Site (Building),,,Historic Site (Building),historic=building,way,1419627892,2.196263,102.251634,Melaka,04,Melaka Tengah,03,,,,,
OSM_way_1419627894,Unnamed Historic Site (Building),,,Historic Site (Building),historic=building,way,1419627894,2.196051,102.251651,Melaka,04,Melaka Tengah,03,,,,,
OSM_way_1419627895,Unnamed Historic Site (Building),,,Historic Site (Building),historic=building,way,1419627895,2.196084,102.251734,Melaka,04,Melaka Tengah,03,,,,,
OSM_way_1419627896,Unnamed Historic Site (Building),,,Historic Site (Building),historic=building,way,1419627896,2.196074,102.251779,Melaka,04,Melaka Tengah,03,,,,,
OSM_way_1419627897,Unnamed Historic Site (Building),,,Historic Site (Building),historic=building,way,1419627897,2.196165,102.251866,Melaka,04,Melaka Tengah,03,,,,,
OSM_way_1419627898,Unnamed Historic Site (Building),,,Historic Site (Building),historic=building,way,1419627898,2.196238,102.251962,Melaka,04,Melaka Tengah,03,,,,,
OSM_way_1419643893,Unnamed Historic Site (Building),,,Historic Site (Building),historic=building,way,1419643893,2.196955,102.253514,Melaka,04,Melaka Tengah,03,,,,,
OSM_way_1419643894,Unnamed Historic Site (Building),,,Historic Site (Building),historic=building,way,1419643894,2.196423,102.253472,Melaka,04,Melaka Tengah,03,,,,,
OSM_way_1419643895,Unnamed Historic Site (Building),,,Historic Site (Building),historic=building,way,1419643895,2.196339,102.253669,Melaka,04,Melaka Tengah,03,,,,,
OSM_way_1419643896,Unnamed Historic Site (Building),,,Historic Site (Building),historic=building,way,1419643896,2.19632,102.253748,Melaka,04,Melaka Tengah,03,,,,,
OSM_way_1419643897,Unnamed Historic Site (Building),,,Historic Site (Building),historic=building,way,1419643897,2.196334,102.253806,Melaka,04,Melaka Tengah,03,,,,,
OSM_way_1419643898,Unnamed Historic Site (Building),,,Historic Site (Building),historic=building,way,1419643898,2.196324,102.253858,Melaka,04,Melaka Tengah,03,,,,,
OSM_way_1419643899,Unnamed Historic Site (Building),,,Historic Site (Building),historic=building,way,1419643899,2.196305,102.253907,Melaka,04,Melaka Tengah,03,,,,,
OSM_way_1419643900,Unnamed Historic Site (Building),,,Historic Site (Building),historic=building,way,1419643900,2.196578,102.254823,Melaka,04,Melaka Tengah,03,,,,,
OSM_way_1419643901,Unnamed Historic Site (Building),,,Historic Site (Building),historic=building,way,1419643901,2.196596,102.254768,Melaka,04,Melaka Tengah,03,,,,,
OSM_way_1419643902,Unnamed Historic Site (Building),,,Historic Site (Building),historic=building,way,1419643902,2.196599,102.254722,Melaka,04,Melaka Tengah,03,,,,,
OSM_way_1419643903,Unnamed Historic Site (Building),,,Historic Site (Building),historic=building,way,1419643903,2.196575,102.254628,Melaka,04,Melaka Tengah,03,,,,,
OSM_way_1419643904,Unnamed Historic Site (Building),,,Historic Site (Building),historic=building,way,1419643904,2.196608,102.254689,Melaka,04,Melaka Tengah,03,,,,,
OSM_way_1419643906,Unnamed Historic Site (Building),,,Historic Site (Building),historic=building,way,1419643906,2.196688,102.254451,Melaka,04,Melaka Tengah,03,,,,,
OSM_way_1419643907,Unnamed Historic Site (Building),,,Historic Site (Building),historic=building,way,1419643907,2.196664,102.254256,Melaka,04,Melaka Tengah,03,,,,,
OSM_way_1419643908,Unnamed Historic Site (Building),,,Historic Site (Building),historic=building,way,1419643908,2.196701,102.25422,Melaka,04,Melaka Tengah,03,,,,,
OSM_way_1419643909,Unnamed Historic Site (Building),,,Historic Site (Building),historic=building,way,1419643909,2.196709,102.254095,Melaka,04,Melaka Tengah,03,,,,,
OSM_way_1419643910,Unnamed Historic Site (Building),,,Historic Site (Building),historic=building,way,1419643910,2.196756,102.253973,Melaka,04,Melaka Tengah,03,,,,,
OSM_way_1419643912,Unnamed Historic Site (Building),,,Historic Site (Building),historic=building,way,1419643912,2.196784,102.253888,Melaka,04,Melaka Tengah,03,,,,,
OSM_way_1419643915,Unnamed Historic Site (Building),,,Historic Site (Building),historic=building,way,1419643915,2.195359,102.254915,Melaka,04,Melaka Tengah,03,,,,,
OSM_way_1419643916,Unnamed Historic Site (Building),,,Historic Site (Building),historic=building,way,1419643916,2.195255,102.254499,Melaka,04,Melaka Tengah,03,,,,,
OSM_way_1419643917,Unnamed Historic Site (Building),,,Historic Site (Building),historic=building,way,1419643917,2.195236,102.25455,Melaka,04,Melaka Tengah,03,,,,,
OSM_way_1419887751,Unnamed Historic Site (Building),,,Historic Site (Building),historic=building,way,1419887751,2.195166,102.250201,Melaka,04,Melaka Tengah,03,,,,,
OSM_way_1419887752,Unnamed Historic Site (Building),,,Historic Site (Building),historic=building,way,1419887752,2.195077,102.249992,Melaka,04,Melaka Tengah,03,,,,,
OSM_way_1419920594,Unnamed Historic Site (Building),,,Historic Site (Building),historic=building,way,1419920594,2.195229,102.253901,Melaka,04,Melaka Tengah,03,,,,,
OSM_way_1419920596,Unnamed Historic Site (Building),,,Historic Site (Building),historic=building,way,1419920596,2.195344,102.253497,Melaka,04,Melaka Tengah,03,,,,,
OSM_way_1419920597,Unnamed Historic Site (Building),,,Historic Site (Building),historic=building,way,1419920597,2.195069,102.253231,Melaka,04,Melaka Tengah,03,,,,,
OSM_way_1419920598,Unnamed Historic Site (Building),,,Historic Site (Building),historic=building,way,1419920598,2.195086,102.253195,Melaka,04,Melaka Tengah,03,,,,,
OSM_way_1419920599,Unnamed Historic Site (Building),,,Historic Site (Building),historic=building,way,1419920599,2.195103,102.253159,Melaka,04,Melaka Tengah,03,,,,,
OSM_way_1419920600,Unnamed Historic Site (Building),,,Historic Site (Building),historic=building,way,1419920600,2.195121,102.253122,Melaka,04,Melaka Tengah,03,,,,,
OSM_way_1419920601,Unnamed Historic Site (Building),,,Historic Site (Building),historic=building,way,1419920601,2.195235,102.25252,Melaka,04,Melaka Tengah,03,,,,,
OSM_way_1420164443,Unnamed Historic Site (Building),,,Historic Site (Building),historic=building,way,1420164443,2.197611,102.246696,Melaka,04,Melaka Tengah,03,,,,,
OSM_way_1420164444,Unnamed Historic Site (Building),,,Historic Site (Building),historic=building,way,1420164444,2.197496,102.246625,Melaka,04,Melaka Tengah,03,,,,,
OSM_way_1420164445,Unnamed Historic Site (Building),,,Historic Site (Building),historic=building,way,1420164445,2.197292,102.246773,Melaka,04,Melaka Tengah,03,,,,,
OSM_way_1420164446,Unnamed Historic Site (Building),,,Historic Site (Building),historic=building,way,1420164446,2.197326,102.246904,Melaka,04,Melaka Tengah,03,,,,,
OSM_way_1420334724,Unnamed Historic Site (Building),,,Historic Site (Building),historic=building,way,1420334724,2.196893,102.249162,Melaka,04,Melaka Tengah,03,,,,,
OSM_way_1420334725,Unnamed Historic Site (Building),,,Historic Site (Building),historic=building,way,1420334725,2.196869,102.249193,Melaka,04,Melaka Tengah,03,,,,,
OSM_way_1420334726,Unnamed Historic Site (Building),,,Historic Site (Building),historic=building,way,1420334726,2.196844,102.249224,Melaka,04,Melaka Tengah,03,,,,,
OSM_way_1420334727,Unnamed Historic Site (Building),,,Historic Site (Building),historic=building,way,1420334727,2.19682,102.249253,Melaka,04,Melaka Tengah,03,,,,,
OSM_way_1420334728,Unnamed Historic Site (Building),,,Historic Site (Building),historic=building,way,1420334728,2.196793,102.249285,Melaka,04,Melaka Tengah,03,,,,,
OSM_way_1420334729,Unnamed Historic Site (Building),,,Historic Site (Building),historic=building,way,1420334729,2.196753,102.249333,Melaka,04,Melaka Tengah,03,,,,,
OSM_way_1420401849,Unnamed Historic Site (Building),,,Historic Site (Building),historic=building,way,1420401849,2.193962,102.250215,Melaka,04,Melaka Tengah,03,,,,,
OSM_way_1420426593,Unnamed Historic Site (Building),,,Historic Site (Building),historic=building,way,1420426593,2.269808,102.167014,Melaka,04,Melaka Tengah,03,,,,,
OSM_way_1420426594,Unnamed Historic Site (Building),,,Historic Site (Building),historic=building,way,1420426594,2.269144,102.167434,Melaka,04,Melaka Tengah,03,,,,,
OSM_way_1420682215,Unnamed Historic Site (Building),,,Historic Site (Building),historic=building,way,1420682215,2.188388,102.263018,Melaka,04,Melaka Tengah,03,,,,,
OSM_way_1420682216,Unnamed Historic Site (Building),,,Historic Site (Building),historic=building,way,1420682216,2.187104,102.264124,Melaka,04,Melaka Tengah,03,,,,,
OSM_way_1420733320,Unnamed Historic Site (Building),,,Historic Site (Building),historic=building,way,1420733320,2.20487,102.241245,Melaka,04,Melaka Tengah,03,,,,,
OSM_way_1420734293,Unnamed Historic Site (Building),,,Historic Site (Building),historic=building,way,1420734293,2.203519,102.241372,Melaka,04,Melaka Tengah,03,,,,,
OSM_way_1420735606,Unnamed Historic Site (Building),,,Historic Site (Building),historic=building,way,1420735606,2.20433,102.239352,Melaka,04,Melaka Tengah,03,,,,,
OSM_way_1420858252,Unnamed Historic Site (Building),,,Historic Site (Building),historic=building,way,1420858252,2.216076,102.201998,Melaka,04,Melaka Tengah,03,,,,,
OSM_way_1420858253,Unnamed Historic Site (Building),,,Historic Site (Building),historic=building,way,1420858253,2.216313,102.201578,Melaka,04,Melaka Tengah,03,,,,,
OSM_way_1420858254,Unnamed Historic Site (Building),,,Historic Site (Building),historic=building,way,1420858254,2.216459,102.201206,Melaka,04,Melaka Tengah,03,,,,,
OSM_way_1420858255,Unnamed Historic Site (Building),,,Historic Site (Building),historic=building,way,1420858255,2.216976,102.201124,Melaka,04,Melaka Tengah,03,,,,,
OSM_way_1420858256,Unnamed Historic Site (Building),,,Historic Site (Building),historic=building,way,1420858256,2.217515,102.201392,Melaka,04,Melaka Tengah,03,,,,,
OSM_way_1420858257,Unnamed Historic Site (Building),,,Historic Site (Building),historic=building,way,1420858257,2.217596,102.201429,Melaka,04,Melaka Tengah,03,,,,,
OSM_way_1420859122,Unnamed Historic Site (Building),,,Historic Site (Building),historic=building,way,1420859122,2.220311,102.191096,Melaka,04,Melaka Tengah,03,,,,,
OSM_way_1420859123,Unnamed Historic Site (Building),,,Historic Site (Building),historic=building,way,1420859123,2.220349,102.1899,Melaka,04,Melaka Tengah,03,,,,,
OSM_way_1420889255,Unnamed Historic Site (Building),,,Historic Site (Building),historic=building,way,1420889255,2.216967,102.259558,Melaka,04,Melaka Tengah,03,,,,,
OSM_way_1420903086,Unnamed Historic Site (Building),,,Historic Site (Building),historic=building,way,1420903086,2.194665,102.250365,Melaka,04,Melaka Tengah,03,,,,,
OSM_way_1420903087,Unnamed Historic Site (Building),,,Historic Site (Building),historic=building,way,1420903087,2.194793,102.250551,Melaka,04,Melaka Tengah,03,,,,,
OSM_way_1420903090,Unnamed Historic Site (Building),,,Historic Site (Building),historic=building,way,1420903090,2.194923,102.250512,Melaka,04,Melaka Tengah,03,,,,,
OSM_way_1420921212,Unnamed Historic Site (Building),,,Historic Site (Building),historic=building,way,1420921212,2.194433,102.252201,Melaka,04,Melaka Tengah,03,,,,,
OSM_way_1420921213,Unnamed Historic Site (Building),,,Historic Site (Building),historic=building,way,1420921213,2.194483,102.252226,Melaka,04,Melaka Tengah,03,,,,,
OSM_way_1420921217,Unnamed Historic Site (Building),,,Historic Site (Building),historic=building,way,1420921217,2.194596,102.251886,Melaka,04,Melaka Tengah,03,,,,,
OSM_way_1420921218,Unnamed Historic Site (Building),,,Historic Site (Building),historic=building,way,1420921218,2.194655,102.251916,Melaka,04,Melaka Tengah,03,,,,,
OSM_way_1420921219,Unnamed Historic Site (Building),,,Historic Site (Building),historic=building,way,1420921219,2.194766,102.251973,Melaka,04,Melaka Tengah,03,,,,,
OSM_way_1420921222,Unnamed Historic Site (Building),,,Historic Site (Building),historic=building,way,1420921222,2.195199,102.252187,Melaka,04,Melaka Tengah,03,,,,,
OSM_way_1420921224,Unnamed Historic Site (Building),,,Historic Site (Building),historic=building,way,1420921224,2.195403,102.2524,Melaka,04,Melaka Tengah,03,,,,,
OSM_way_1420921225,Unnamed Historic Site (Building),,,Historic Site (Building),historic=building,way,1420921225,2.195424,102.252365,Melaka,04,Melaka Tengah,03,,,,,
OSM_way_1420921226,Unnamed Historic Site (Building),,,Historic Site (Building),historic=building,way,1420921226,2.195466,102.252341,Melaka,04,Melaka Tengah,03,,,,,
OSM_way_1420921228,Unnamed Historic Site (Building),,,Historic Site (Building),historic=building,way,1420921228,2.195587,102.251968,Melaka,04,Melaka Tengah,03,,,,,
OSM_way_1420921230,Unnamed Historic Site (Building),,,Historic Site (Building),historic=building,way,1420921230,2.19567,102.251709,Melaka,04,Melaka Tengah,03,,,,,
OSM_way_1420925974,Unnamed Historic Site (Building),,,Historic Site (Building),historic=building,way,1420925974,2.213325,102.206923,Melaka,04,Melaka Tengah,03,,,,,
OSM_way_1421062182,Unnamed Historic Site (Building),,,Historic Site (Building),historic=building,way,1421062182,2.214821,102.207683,Melaka,04,Melaka Tengah,03,,,,,
OSM_way_1421095079,Unnamed Historic Site (Building),,,Historic Site (Building),historic=building,way,1421095079,2.219584,102.262652,Melaka,04,Melaka Tengah,03,,,,,
OSM_way_1421095080,Unnamed Historic Site (Building),,,Historic Site (Building),historic=building,way,1421095080,2.21989,102.262558,Melaka,04,Melaka Tengah,03,,,,,
OSM_way_1421095081,Unnamed Historic Site (Building),,,Historic Site (Building),historic=building,way,1421095081,2.220714,102.261547,Melaka,04,Melaka Tengah,03,,,,,
OSM_way_1421095082,Unnamed Historic Site (Building),,,Historic Site (Building),historic=building,way,1421095082,2.219924,102.26097,Melaka,04,Melaka Tengah,03,,,,,
OSM_way_1421097271,Unnamed Historic Site (Building),,,Historic Site (Building),historic=building,way,1421097271,2.219185,102.260303,Melaka,04,Melaka Tengah,03,,,,,
OSM_way_1421097272,Unnamed Historic Site (Building),,,Historic Site (Building),historic=building,way,1421097272,2.22154,102.258676,Melaka,04,Melaka Tengah,03,,,,,
OSM_way_1421097273,Unnamed Historic Site (Building),,,Historic Site (Building),historic=building,way,1421097273,2.221872,102.258066,Melaka,04,Melaka Tengah,03,,,,,
OSM_way_1421097274,Unnamed Historic Site (Building),,,Historic Site (Building),historic=building,way,1421097274,2.221033,102.257017,Melaka,04,Melaka Tengah,03,,,,,
OSM_way_1421097275,Unnamed Historic Site (Building),,,Historic Site (Building),historic=building,way,1421097275,2.221523,102.256309,Melaka,04,Melaka Tengah,03,,,,,
OSM_way_1421097276,Unnamed Historic Site (Building),,,Historic Site (Building),historic=building,way,1421097276,2.220306,102.256557,Melaka,04,Melaka Tengah,03,,,,,
OSM_way_1421097277,Unnamed Historic Site (Building),,,Historic Site (Building),historic=building,way,1421097277,2.221191,102.255148,Melaka,04,Melaka Tengah,03,,,,,
OSM_way_1421097278,Unnamed Historic Site (Building),,,Historic Site (Building),historic=building,way,1421097278,2.220489,102.255031,Melaka,04,Melaka Tengah,03,,,,,
OSM_way_1421097279,Unnamed Historic Site (Building),,,Historic Site (Building),historic=building,way,1421097279,2.222249,102.256636,Melaka,04,Melaka Tengah,03,,,,,
OSM_way_1421097280,Unnamed Historic Site (Building),,,Historic Site (Building),historic=building,way,1421097280,2.22222,102.255769,Melaka,04,Melaka Tengah,03,,,,,
OSM_way_1421097281,Unnamed Historic Site (Building),,,Historic Site (Building),historic=building,way,1421097281,2.223311,102.256839,Melaka,04,Melaka Tengah,03,,,,,
OSM_way_1421097282,Unnamed Historic Site (Building),,,Historic Site (Building),historic=building,way,1421097282,2.222678,102.257983,Melaka,04,Melaka Tengah,03,,,,,
OSM_way_1421097283,Unnamed Historic Site (Building),,,Historic Site (Building),historic=building,way,1421097283,2.223267,102.257759,Melaka,04,Melaka Tengah,03,,,,,
OSM_way_1421097284,Unnamed Historic Site (Building),,,Historic Site (Building),historic=building,way,1421097284,2.222759,102.258935,Melaka,04,Melaka Tengah,03,,,,,
OSM_way_1421097285,Unnamed Historic Site (Building),,,Historic Site (Building),historic=building,way,1421097285,2.222216,102.257313,Melaka,04,Melaka Tengah,03,,,,,
OSM_way_1421097286,Unnamed Historic Site (Building),,,Historic Site (Building),historic=building,way,1421097286,2.223929,102.257612,Melaka,04,Melaka Tengah,03,,,,,
OSM_way_1421098188,Unnamed Historic Site (Building),,,Historic Site (Building),historic=building,way,1421098188,2.216291,102.261281,Melaka,04,Melaka Tengah,03,,,,,
OSM_way_1421126596,Unnamed Historic Site (Building),,,Historic Site (Building),historic=building,way,1421126596,2.20524,102.242873,Melaka,04,Melaka Tengah,03,,,,,
OSM_way_1421126597,Unnamed Historic Site (Building),,,Historic Site (Building),historic=building,way,1421126597,2.205009,102.242472,Melaka,04,Melaka Tengah,03,,,,,
OSM_way_1421126598,Unnamed Historic Site (Building),,,Historic Site (Building),historic=building,way,1421126598,2.203006,102.24112,Melaka,04,Melaka Tengah,03,,,,,
OSM_way_1421126599,Unnamed Historic Site (Building),,,Historic Site (Building),historic=building,way,1421126599,2.202367,102.240723,Melaka,04,Melaka Tengah,03,,,,,
OSM_way_1421130736,Unnamed Historic Site (Building),,,Historic Site (Building),historic=building,way,1421130736,2.201522,102.240706,Melaka,04,Melaka Tengah,03,,,,,
OSM_way_1421130737,Unnamed Historic Site (Building),,,Historic Site (Building),historic=building,way,1421130737,2.201365,102.240707,Melaka,04,Melaka Tengah,03,,,,,
OSM_way_1421130738,Unnamed Historic Site (Building),,,Historic Site (Building),historic=building,way,1421130738,2.200978,102.240463,Melaka,04,Melaka Tengah,03,,,,,
OSM_way_1421130739,Unnamed Historic Site (Building),,,Historic Site (Building),historic=building,way,1421130739,2.201181,102.240594,Melaka,04,Melaka Tengah,03,,,,,
OSM_way_1421135611,Unnamed Historic Site (Building),,,Historic Site (Building),historic=building,way,1421135611,2.200927,102.239968,Melaka,04,Melaka Tengah,03,,,,,
OSM_way_1421135612,Unnamed Historic Site (Building),,,Historic Site (Building),historic=building,way,1421135612,2.20067,102.239904,Melaka,04,Melaka Tengah,03,,,,,
OSM_way_1421135614,Unnamed Historic Site (Building),,,Historic Site (Building),historic=building,way,1421135614,2.200711,102.239672,Melaka,04,Melaka Tengah,03,,,,,
OSM_way_1421135615,Unnamed Historic Site (Building),,,Historic Site (Building),historic=building,way,1421135615,2.200808,102.239582,Melaka,04,Melaka Tengah,03,,,,,
OSM_way_1421135616,Unnamed Historic Site (Building),,,Historic Site (Building),historic=building,way,1421135616,2.200859,102.239444,Melaka,04,Melaka Tengah,03,,,,,
OSM_way_1421135619,Unnamed Historic Site (Building),,,Historic Site (Building),historic=building,way,1421135619,2.201085,102.239145,Melaka,04,Melaka Tengah,03,,,,,
OSM_way_1421135620,Unnamed Historic Site (Building),,,Historic Site (Building),historic=building,way,1421135620,2.201151,102.239014,Melaka,04,Melaka Tengah,03,,,,,
OSM_way_1421135621,Unnamed Historic Site (Building),,,Historic Site (Building),historic=building,way,1421135621,2.201356,102.23809,Melaka,04,Melaka Tengah,03,,,,,
OSM_way_1421135622,Unnamed Historic Site (Building),,,Historic Site (Building),historic=building,way,1421135622,2.201292,102.23811,Melaka,04,Melaka Tengah,03,,,,,
OSM_way_1421135623,Unnamed Historic Site (Building),,,Historic Site (Building),historic=building,way,1421135623,2.200894,102.238717,Melaka,04,Melaka Tengah,03,,,,,
OSM_way_1421135624,Unnamed Historic Site (Building),,,Historic Site (Building),historic=building,way,1421135624,2.201077,102.238637,Melaka,04,Melaka Tengah,03,,,,,
OSM_way_1421135625,Unnamed Historic Site (Building),,,Historic Site (Building),historic=building,way,1421135625,2.201033,102.238702,Melaka,04,Melaka Tengah,03,,,,,
OSM_way_1421135626,Unnamed Historic Site (Building),,,Historic Site (Building),historic=building,way,1421135626,2.200918,102.238812,Melaka,04,Melaka Tengah,03,,,,,
OSM_way_1421135627,Unnamed Historic Site (Building),,,Historic Site (Building),historic=building,way,1421135627,2.200592,102.239365,Melaka,04,Melaka Tengah,03,,,,,
OSM_way_1421135628,Unnamed Historic Site (Building),,,Historic Site (Building),historic=building,way,1421135628,2.20064,102.239283,Melaka,04,Melaka Tengah,03,,,,,
OSM_way_1421135629,Unnamed Historic Site (Building),,,Historic Site (Building),historic=building,way,1421135629,2.200662,102.239247,Melaka,04,Melaka Tengah,03,,,,,
OSM_way_1421135630,Unnamed Historic Site (Building),,,Historic Site (Building),historic=building,way,1421135630,2.200685,102.239211,Melaka,04,Melaka Tengah,03,,,,,
OSM_way_1421135631,Unnamed Historic Site (Building),,,Historic Site (Building),historic=building,way,1421135631,2.200711,102.239168,Melaka,04,Melaka Tengah,03,,,,,
OSM_way_1421165784,Unnamed Historic Site (Building),,,Historic Site (Building),historic=building,way,1421165784,2.217466,102.19944,Melaka,04,Melaka Tengah,03,,,,,
OSM_way_1421165785,Unnamed Historic Site (Building),,,Historic Site (Building),historic=building,way,1421165785,2.215931,102.206437,Melaka,04,Melaka Tengah,03,,,,,
OSM_way_1421165786,Unnamed Historic Site (Building),,,Historic Site (Building),historic=building,way,1421165786,2.210933,102.211432,Melaka,04,Melaka Tengah,03,,,,,
OSM_way_1421330127,Unnamed Historic Site (Building),,,Historic Site (Building),historic=building,way,1421330127,2.220583,102.166511,Melaka,04,Melaka Tengah,03,,,,,
OSM_way_1421330129,Unnamed Historic Site (Building),,,Historic Site (Building),historic=building,way,1421330129,2.221947,102.170119,Melaka,04,Melaka Tengah,03,,,,,
OSM_way_1421339630,Unnamed Historic Site (Building),,,Historic Site (Building),historic=building,way,1421339630,2.209997,102.213003,Melaka,04,Melaka Tengah,03,,,,,
OSM_way_1421339631,Unnamed Historic Site (Building),,,Historic Site (Building),historic=building,way,1421339631,2.209483,102.21364,Melaka,04,Melaka Tengah,03,,,,,
OSM_way_1421339632,Unnamed Historic Site (Building),,,Historic Site (Building),historic=building,way,1421339632,2.209533,102.21511,Melaka,04,Melaka Tengah,03,,,,,
OSM_way_1421339633,Unnamed Historic Site (Building),,,Historic Site (Building),historic=building,way,1421339633,2.208617,102.214972,Melaka,04,Melaka Tengah,03,,,,,
OSM_way_1421339634,Unnamed Historic Site (Building),,,Historic Site (Building),historic=building,way,1421339634,2.208366,102.214965,Melaka,04,Melaka Tengah,03,,,,,
OSM_way_1421339635,Unnamed Historic Site (Building),,,Historic Site (Building),historic=building,way,1421339635,2.206799,102.217499,Melaka,04,Melaka Tengah,03,,,,,
OSM_way_1421344808,Unnamed Historic Site (Building),,,Historic Site (Building),historic=building,way,1421344808,2.205606,102.219873,Melaka,04,Melaka Tengah,03,,,,,
OSM_way_1421344810,Unnamed Historic Site (Building),,,Historic Site (Building),historic=building,way,1421344810,2.205107,102.22145,Melaka,04,Melaka Tengah,03,,,,,
OSM_way_1421344811,Unnamed Historic Site (Building),,,Historic Site (Building),historic=building,way,1421344811,2.205172,102.222766,Melaka,04,Melaka Tengah,03,,,,,
OSM_way_1421351438,Unnamed Historic Site (Building),,,Historic Site (Building),historic=building,way,1421351438,2.204883,102.223213,Melaka,04,Melaka Tengah,03,,,,,
OSM_way_1421351439,Unnamed Historic Site (Building),,,Historic Site (Building),historic=building,way,1421351439,2.205046,102.223933,Melaka,04,Melaka Tengah,03,,,,,
OSM_way_1421351441,Unnamed Historic Site (Building),,,Historic Site (Building),historic=building,way,1421351441,2.204734,102.224568,Melaka,04,Melaka Tengah,03,,,,,
OSM_way_1421351443,Unnamed Historic Site (Building),,,Historic Site (Building),historic=building,way,1421351443,2.204794,102.225419,Melaka,04,Melaka Tengah,03,,,,,
OSM_way_1421351445,Unnamed Historic Site (Building),,,Historic Site (Building),historic=building,way,1421351445,2.205024,102.226123,Melaka,04,Melaka Tengah,03,,,,,
OSM_way_1421351446,Unnamed Historic Site (Building),,,Historic Site (Building),historic=building,way,1421351446,2.205164,102.226586,Melaka,04,Melaka Tengah,03,,,,,
OSM_way_1421351447,Unnamed Historic Site (Building),,,Historic Site (Building),historic=building,way,1421351447,2.205373,102.226603,Melaka,04,Melaka Tengah,03,,,,,
OSM_way_1421351448,Unnamed Historic Site (Building),,,Historic Site (Building),historic=building,way,1421351448,2.205597,102.226645,Melaka,04,Melaka Tengah,03,,,,,
OSM_way_1421351449,Unnamed Historic Site (Building),,,Historic Site (Building),historic=building,way,1421351449,2.205359,102.226165,Melaka,04,Melaka Tengah,03,,,,,
OSM_way_1421351451,Unnamed Historic Site (Building),,,Historic Site (Building),historic=building,way,1421351451,2.205874,102.226517,Melaka,04,Melaka Tengah,03,,,,,
OSM_way_1421351452,Unnamed Historic Site (Building),,,Historic Site (Building),historic=building,way,1421351452,2.206177,102.226536,Melaka,04,Melaka Tengah,03,,,,,
OSM_way_1421351453,Unnamed Historic Site (Building),,,Historic Site (Building),historic=building,way,1421351453,2.20623,102.226361,Melaka,04,Melaka Tengah,03,,,,,
OSM_way_1421351454,Unnamed Historic Site (Building),,,Historic Site (Building),historic=building,way,1421351454,2.206249,102.226176,Melaka,04,Melaka Tengah,03,,,,,
OSM_way_1421351455,Unnamed Historic Site (Building),,,Historic Site (Building),historic=building,way,1421351455,2.206291,102.225984,Melaka,04,Melaka Tengah,03,,,,,
OSM_way_1421351456,Unnamed Historic Site (Building),,,Historic Site (Building),historic=building,way,1421351456,2.205983,102.225856,Melaka,04,Melaka Tengah,03,,,,,
OSM_way_1421351457,Unnamed Historic Site (Building),,,Historic Site (Building),historic=building,way,1421351457,2.205974,102.234806,Melaka,04,Melaka Tengah,03,,,,,
OSM_way_1421351458,Unnamed Historic Site (Building),,,Historic Site (Building),historic=building,way,1421351458,2.204653,102.23392,Melaka,04,Melaka Tengah,03,,,,,
OSM_way_1421352115,Unnamed Historic Site (Building),,,Historic Site (Building),historic=building,way,1421352115,2.203938,102.227074,Melaka,04,Melaka Tengah,03,,,,,
OSM_way_1421352116,Unnamed Historic Site (Building),,,Historic Site (Building),historic=building,way,1421352116,2.203809,102.227435,Melaka,04,Melaka Tengah,03,,,,,
OSM_way_1421352117,Unnamed Historic Site (Building),,,Historic Site (Building),historic=building,way,1421352117,2.203831,102.228316,Melaka,04,Melaka Tengah,03,,,,,
OSM_way_1421454275,Unnamed Historic Site (Building),,,Historic Site (Building),historic=building,way,1421454275,2.204076,102.229493,Melaka,04,Melaka Tengah,03,,,,,
OSM_way_1421454276,Unnamed Historic Site (Building),,,Historic Site (Building),historic=building,way,1421454276,2.204555,102.22999,Melaka,04,Melaka Tengah,03,,,,,
OSM_way_1421454278,Unnamed Historic Site (Building),,,Historic Site (Building),historic=building,way,1421454278,2.204056,102.230143,Melaka,04,Melaka Tengah,03,,,,,
OSM_way_1421454284,Unnamed Historic Site (Building),,,Historic Site (Building),historic=building,way,1421454284,2.203982,102.232097,Melaka,04,Melaka Tengah,03,,,,,
OSM_way_1421454285,Unnamed Historic Site (Building),,,Historic Site (Building),historic=building,way,1421454285,2.203251,102.23151,Melaka,04,Melaka Tengah,03,,,,,
OSM_way_1421454286,Unnamed Historic Site (Building),,,Historic Site (Building),historic=building,way,1421454286,2.203171,102.231616,Melaka,04,Melaka Tengah,03,,,,,
OSM_way_1421454287,Unnamed Historic Site (Building),,,Historic Site (Building),historic=building,way,1421454287,2.203674,102.231901,Melaka,04,Melaka Tengah,03,,,,,
OSM_way_1421454288,Unnamed Historic Site (Building),,,Historic Site (Building),historic=building,way,1421454288,2.203874,102.232673,Melaka,04,Melaka Tengah,03,,,,,
OSM_way_1421454289,Unnamed Historic Site (Building),,,Historic Site (Building),historic=building,way,1421454289,2.20357,102.232611,Melaka,04,Melaka Tengah,03,,,,,
OSM_way_1421454291,Unnamed Historic Site (Building),,,Historic Site (Building),historic=building,way,1421454291,2.203428,102.233212,Melaka,04,Melaka Tengah,03,,,,,
OSM_way_1421454293,Unnamed Historic Site (Building),,,Historic Site (Building),historic=building,way,1421454293,2.203334,102.233689,Melaka,04,Melaka Tengah,03,,,,,
OSM_way_1421454294,Unnamed Historic Site (Building),,,Historic Site (Building),historic=building,way,1421454294,2.203344,102.234321,Melaka,04,Melaka Tengah,03,,,,,
OSM_way_1421454295,Unnamed Historic Site (Building),,,Historic Site (Building),historic=building,way,1421454295,2.203412,102.234201,Melaka,04,Melaka Tengah,03,,,,,
OSM_way_1421454296,Unnamed Historic Site (Building),,,Historic Site (Building),historic=building,way,1421454296,2.203471,102.234054,Melaka,04,Melaka Tengah,03,,,,,
OSM_way_1421454297,Unnamed Historic Site (Building),,,Historic Site (Building),historic=building,way,1421454297,2.203202,102.234088,Melaka,04,Melaka Tengah,03,,,,,
OSM_way_1421454298,Unnamed Historic Site (Building),,,Historic Site (Building),historic=building,way,1421454298,2.202704,102.232969,Melaka,04,Melaka Tengah,03,,,,,
OSM_way_1421454302,Unnamed Historic Site (Building),,,Historic Site (Building),historic=building,way,1421454302,2.202705,102.23401,Melaka,04,Melaka Tengah,03,,,,,
OSM_way_1421454304,Unnamed Historic Site (Building),,,Historic Site (Building),historic=building,way,1421454304,2.202506,102.234532,Melaka,04,Melaka Tengah,03,,,,,
OSM_way_1421454306,Unnamed Historic Site (Building),,,Historic Site (Building),historic=building,way,1421454306,2.203647,102.234748,Melaka,04,Melaka Tengah,03,,,,,
OSM_way_1421486154,Unnamed Historic Site (Building),,,Historic Site (Building),historic=building,way,1421486154,2.201419,102.236262,Melaka,04,Melaka Tengah,03,,,,,
OSM_way_1421486155,Unnamed Historic Site (Building),,,Historic Site (Building),historic=building,way,1421486155,2.201391,102.236427,Melaka,04,Melaka Tengah,03,,,,,
OSM_way_1421486156,Unnamed Historic Site (Building),,,Historic Site (Building),historic=building,way,1421486156,2.201371,102.236583,Melaka,04,Melaka Tengah,03,,,,,
OSM_way_1421486160,Unnamed Historic Site (Building),,,Historic Site (Building),historic=building,way,1421486160,2.202883,102.234932,Melaka,04,Melaka Tengah,03,,,,,
OSM_way_1421486161,Unnamed Historic Site (Building),,,Historic Site (Building),historic=building,way,1421486161,2.20225,102.236476,Melaka,04,Melaka Tengah,03,,,,,
OSM_way_1421486162,Unnamed Historic Site (Building),,,Historic Site (Building),historic=building,way,1421486162,2.202072,102.236897,Melaka,04,Melaka Tengah,03,,,,,
OSM_way_1421486163,Unnamed Historic Site (Building),,,Historic Site (Building),historic=building,way,1421486163,2.202049,102.236944,Melaka,04,Melaka Tengah,03,,,,,
OSM_way_1421486164,Unnamed Historic Site (Building),,,Historic Site (Building),historic=building,way,1421486164,2.201993,102.236975,Melaka,04,Melaka Tengah,03,,,,,
OSM_way_1421486166,Unnamed Historic Site (Building),,,Historic Site (Building),historic=building,way,1421486166,2.201953,102.237049,Melaka,04,Melaka Tengah,03,,,,,
OSM_way_1421486167,Unnamed Historic Site (Building),,,Historic Site (Building),historic=building,way,1421486167,2.201933,102.237089,Melaka,04,Melaka Tengah,03,,,,,
OSM_way_1421486168,Unnamed Historic Site (Building),,,Historic Site (Building),historic=building,way,1421486168,2.202293,102.237024,Melaka,04,Melaka Tengah,03,,,,,
OSM_way_1421486169,Unnamed Historic Site (Building),,,Historic Site (Building),historic=building,way,1421486169,2.201863,102.237237,Melaka,04,Melaka Tengah,03,,,,,
OSM_way_1421486170,Unnamed Historic Site (Building),,,Historic Site (Building),historic=building,way,1421486170,2.201742,102.237375,Melaka,04,Melaka Tengah,03,,,,,
OSM_way_1421486171,Unnamed Historic Site (Building),,,Historic Site (Building),historic=building,way,1421486171,2.201712,102.237424,Melaka,04,Melaka Tengah,03,,,,,
OSM_way_1421486172,Unnamed Historic Site (Building),,,Historic Site (Building),historic=building,way,1421486172,2.201756,102.237527,Melaka,04,Melaka Tengah,03,,,,,
OSM_way_1421486173,Unnamed Historic Site (Building),,,Historic Site (Building),historic=building,way,1421486173,2.201845,102.237849,Melaka,04,Melaka Tengah,03,,,,,
OSM_way_1421486174,Unnamed Historic Site (Building),,,Historic Site (Building),historic=building,way,1421486174,2.201664,102.238137,Melaka,04,Melaka Tengah,03,,,,,
OSM_way_1421515191,Unnamed Historic Site (Building),,,Historic Site (Building),historic=building,way,1421515191,2.20756,102.25399,Melaka,04,Melaka Tengah,03,,,,,
OSM_way_1421515192,Unnamed Historic Site (Building),,,Historic Site (Building),historic=building,way,1421515192,2.207415,102.254221,Melaka,04,Melaka Tengah,03,,,,,
OSM_way_1421707540,Unnamed Historic Site (Building),,,Historic Site (Building),historic=building,way,1421707540,2.192662,102.254102,Melaka,04,Melaka Tengah,03,,,,,
OSM_way_1421930310,Unnamed Historic Site (Building),,,Historic Site (Building),historic=building,way,1421930310,2.189354,102.257839,Melaka,04,Melaka Tengah,03,,,,,
OSM_way_1421930311,Unnamed Historic Site (Building),,,Historic Site (Building),historic=building,way,1421930311,2.19207,102.254637,Melaka,04,Melaka Tengah,03,,,,,
OSM_way_1421930886,Unnamed Historic Site (Building),,,Historic Site (Building),historic=building,way,1421930886,2.200464,102.240088,Melaka,04,Melaka Tengah,03,,,,,
OSM_way_1421930887,Unnamed Historic Site (Building),,,Historic Site (Building),historic=building,way,1421930887,2.2005,102.240168,Melaka,04,Melaka Tengah,03,,,,,
OSM_way_1421930888,Unnamed Historic Site (Building),,,Historic Site (Building),historic=building,way,1421930888,2.200433,102.240171,Melaka,04,Melaka Tengah,03,,,,,
OSM_way_1421930889,Unnamed Historic Site (Building),,,Historic Site (Building),historic=building,way,1421930889,2.200371,102.240274,Melaka,04,Melaka Tengah,03,,,,,
OSM_way_1421930890,Unnamed Historic Site (Building),,,Historic Site (Building),historic=building,way,1421930890,2.200398,102.240358,Melaka,04,Melaka Tengah,03,,,,,
OSM_way_1421930891,Unnamed Historic Site (Building),,,Historic Site (Building),historic=building,way,1421930891,2.200384,102.240428,Melaka,04,Melaka Tengah,03,,,,,
OSM_way_1421930892,Unnamed Historic Site (Building),,,Historic Site (Building),historic=building,way,1421930892,2.200227,102.240555,Melaka,04,Melaka Tengah,03,,,,,
OSM_way_1421930894,Unnamed Historic Site (Building),,,Historic Site (Building),historic=building,way,1421930894,2.200089,102.240793,Melaka,04,Melaka Tengah,03,,,,,
OSM_way_1421930896,Unnamed Historic Site (Building),,,Historic Site (Building),historic=building,way,1421930896,2.199958,102.240838,Melaka,04,Melaka Tengah,03,,,,,
OSM_way_1421930897,Unnamed Historic Site (Building),,,Historic Site (Building),historic=building,way,1421930897,2.199878,102.240927,Melaka,04,Melaka Tengah,03,,,,,
OSM_way_1421930899,Unnamed Historic Site (Building),,,Historic Site (Building),historic=building,way,1421930899,2.199781,102.241051,Melaka,04,Melaka Tengah,03,,,,,
OSM_way_1421930900,Unnamed Historic Site (Building),,,Historic Site (Building),historic=building,way,1421930900,2.199774,102.241086,Melaka,04,Melaka Tengah,03,,,,,
OSM_way_1421930901,Unnamed Historic Site (Building),,,Historic Site (Building),historic=building,way,1421930901,2.199749,102.241111,Melaka,04,Melaka Tengah,03,,,,,
OSM_way_1421930902,Unnamed Historic Site (Building),,,Historic Site (Building),historic=building,way,1421930902,2.199724,102.241134,Melaka,04,Melaka Tengah,03,,,,,
OSM_way_1421930903,Unnamed Historic Site (Building),,,Historic Site (Building),historic=building,way,1421930903,2.199699,102.241166,Melaka,04,Melaka Tengah,03,,,,,
OSM_way_1421931118,Unnamed Historic Site (Building),,,Historic Site (Building),historic=building,way,1421931118,2.199724,102.241261,Melaka,04,Melaka Tengah,03,,,,,
OSM_way_1421931119,Unnamed Historic Site (Building),,,Historic Site (Building),historic=building,way,1421931119,2.199676,102.241283,Melaka,04,Melaka Tengah,03,,,,,
OSM_way_1421932637,Unnamed Historic Site (Building),,,Historic Site (Building),historic=building,way,1421932637,2.199256,102.241163,Melaka,04,Melaka Tengah,03,,,,,
OSM_way_1421932639,Unnamed Historic Site (Building),,,Historic Site (Building),historic=building,way,1421932639,2.199329,102.241049,Melaka,04,Melaka Tengah,03,,,,,
OSM_way_1421932640,Unnamed Historic Site (Building),,,Historic Site (Building),historic=building,way,1421932640,2.19952,102.240857,Melaka,04,Melaka Tengah,03,,,,,
OSM_way_1421932641,Unnamed Historic Site (Building),,,Historic Site (Building),historic=building,way,1421932641,2.199556,102.240792,Melaka,04,Melaka Tengah,03,,,,,
OSM_way_1421932643,Unnamed Historic Site (Building),,,Historic Site (Building),historic=building,way,1421932643,2.199603,102.240726,Melaka,04,Melaka Tengah,03,,,,,
OSM_way_1421932645,Unnamed Historic Site (Building),,,Historic Site (Building),historic=building,way,1421932645,2.199685,102.240667,Melaka,04,Melaka Tengah,03,,,,,
OSM_way_1421932646,Unnamed Historic Site (Building),,,Historic Site (Building),historic=building,way,1421932646,2.199671,102.240587,Melaka,04,Melaka Tengah,03,,,,,
OSM_way_1421932647,Unnamed Historic Site (Building),,,Historic Site (Building),historic=building,way,1421932647,2.199743,102.240592,Melaka,04,Melaka Tengah,03,,,,,
OSM_way_1421932648,Unnamed Historic Site (Building),,,Historic Site (Building),historic=building,way,1421932648,2.199774,102.240555,Melaka,04,Melaka Tengah,03,,,,,
OSM_way_1421932649,Unnamed Historic Site (Building),,,Historic Site (Building),historic=building,way,1421932649,2.199802,102.240512,Melaka,04,Melaka Tengah,03,,,,,
OSM_way_1421932652,Unnamed Historic Site (Building),,,Historic Site (Building),historic=building,way,1421932652,2.199794,102.24024,Melaka,04,Melaka Tengah,03,,,,,
OSM_way_1421932655,Unnamed Historic Site (Building),,,Historic Site (Building),historic=building,way,1421932655,2.199896,102.240106,Melaka,04,Melaka Tengah,03,,,,,
OSM_way_1421932657,Unnamed Historic Site (Building),,,Historic Site (Building),historic=building,way,1421932657,2.200194,102.239901,Melaka,04,Melaka Tengah,03,,,,,
OSM_way_1421932658,Unnamed Historic Site (Building),,,Historic Site (Building),historic=building,way,1421932658,2.200059,102.23998,Melaka,04,Melaka Tengah,03,,,,,
OSM_way_1421934019,Unnamed Historic Site (Building),,,Historic Site (Building),historic=building,way,1421934019,2.199311,102.245072,Melaka,04,Melaka Tengah,03,,,,,
OSM_way_1421934020,Unnamed Historic Site (Building),,,Historic Site (Building),historic=building,way,1421934020,2.19941,102.245146,Melaka,04,Melaka Tengah,03,,,,,
OSM_way_1421934021,Unnamed Historic Site (Building),,,Historic Site (Building),historic=building,way,1421934021,2.199497,102.245222,Melaka,04,Melaka Tengah,03,,,,,
OSM_way_1421934023,Unnamed Historic Site (Building),,,Historic Site (Building),historic=building,way,1421934023,2.199832,102.245566,Melaka,04,Melaka Tengah,03,,,,,
OSM_way_1421934024,Unnamed Historic Site (Building),,,Historic Site (Building),historic=building,way,1421934024,2.200174,102.245941,Melaka,04,Melaka Tengah,03,,,,,
OSM_way_1421934025,Unnamed Historic Site (Building),,,Historic Site (Building),historic=building,way,1421934025,2.200528,102.24644,Melaka,04,Melaka Tengah,03,,,,,
OSM_way_1421934026,Unnamed Historic Site (Building),,,Historic Site (Building),historic=building,way,1421934026,2.200581,102.246447,Melaka,04,Melaka Tengah,03,,,,,
OSM_way_1421934027,Unnamed Historic Site (Building),,,Historic Site (Building),historic=building,way,1421934027,2.20061,102.246561,Melaka,04,Melaka Tengah,03,,,,,
OSM_way_1421934030,Unnamed Historic Site (Building),,,Historic Site (Building),historic=building,way,1421934030,2.200916,102.24692,Melaka,04,Melaka Tengah,03,,,,,
OSM_way_1421934031,Unnamed Historic Site (Building),,,Historic Site (Building),historic=building,way,1421934031,2.200959,102.246976,Melaka,04,Melaka Tengah,03,,,,,
OSM_way_1421934667,Unnamed Historic Site (Building),,,Historic Site (Building),historic=building,way,1421934667,2.199905,102.246088,Melaka,04,Melaka Tengah,03,,,,,
OSM_way_1421934670,Unnamed Historic Site (Building),,,Historic Site (Building),historic=building,way,1421934670,2.199524,102.245658,Melaka,04,Melaka Tengah,03,,,,,
OSM_way_1421934672,Unnamed Historic Site (Building),,,Historic Site (Building),historic=building,way,1421934672,2.19971,102.245866,Melaka,04,Melaka Tengah,03,,,,,
OSM_way_1421939331,Unnamed Historic Site (Building),,,Historic Site (Building),historic=building,way,1421939331,2.19918,102.241841,Melaka,04,Melaka Tengah,03,,,,,
OSM_way_1421946663,Unnamed Historic Site (Building),,,Historic Site (Building),historic=building,way,1421946663,2.198958,102.241559,Melaka,04,Melaka Tengah,03,,,,,
OSM_way_1421946664,Unnamed Historic Site (Building),,,Historic Site (Building),historic=building,way,1421946664,2.198921,102.241594,Melaka,04,Melaka Tengah,03,,,,,
OSM_way_1421946665,Unnamed Historic Site (Building),,,Historic Site (Building),historic=building,way,1421946665,2.198899,102.241648,Melaka,04,Melaka Tengah,03,,,,,
OSM_way_1421946670,Unnamed Historic Site (Building),,,Historic Site (Building),historic=building,way,1421946670,2.198834,102.242484,Melaka,04,Melaka Tengah,03,,,,,
OSM_way_1421946672,Unnamed Historic Site (Building),,,Historic Site (Building),historic=building,way,1421946672,2.198679,102.242537,Melaka,04,Melaka Tengah,03,,,,,
OSM_way_1421946674,Unnamed Historic Site (Building),,,Historic Site (Building),historic=building,way,1421946674,2.19865,102.242611,Melaka,04,Melaka Tengah,03,,,,,
OSM_way_1421946675,Unnamed Historic Site (Building),,,Historic Site (Building),historic=building,way,1421946675,2.198169,102.243515,Melaka,04,Melaka Tengah,03,,,,,
OSM_way_1421946676,Unnamed Historic Site (Building),,,Historic Site (Building),historic=building,way,1421946676,2.198176,102.243581,Melaka,04,Melaka Tengah,03,,,,,
OSM_way_1421946677,Unnamed Historic Site (Building),,,Historic Site (Building),historic=building,way,1421946677,2.198065,102.243704,Melaka,04,Melaka Tengah,03,,,,,
OSM_way_1421946679,Unnamed Historic Site (Building),,,Historic Site (Building),historic=building,way,1421946679,2.197746,102.243762,Melaka,04,Melaka Tengah,03,,,,,
OSM_way_1421946680,Unnamed Historic Site (Building),,,Historic Site (Building),historic=building,way,1421946680,2.197502,102.243416,Melaka,04,Melaka Tengah,03,,,,,
OSM_way_1421946682,Unnamed Historic Site (Building),,,Historic Site (Building),historic=building,way,1421946682,2.198226,102.24257,Melaka,04,Melaka Tengah,03,,,,,
OSM_way_1421946683,Unnamed Historic Site (Building),,,Historic Site (Building),historic=building,way,1421946683,2.19826,102.242541,Melaka,04,Melaka Tengah,03,,,,,
OSM_way_1421946685,Unnamed Historic Site (Building),,,Historic Site (Building),historic=building,way,1421946685,2.198274,102.242416,Melaka,04,Melaka Tengah,03,,,,,
OSM_way_1421946686,Unnamed Historic Site (Building),,,Historic Site (Building),historic=building,way,1421946686,2.19825,102.242323,Melaka,04,Melaka Tengah,03,,,,,
OSM_way_1421946691,Unnamed Historic Site (Building),,,Historic Site (Building),historic=building,way,1421946691,2.198557,102.242184,Melaka,04,Melaka Tengah,03,,,,,
OSM_way_1421946692,Unnamed Historic Site (Building),,,Historic Site (Building),historic=building,way,1421946692,2.198723,102.241973,Melaka,04,Melaka Tengah,03,,,,,
OSM_way_1421946693,Unnamed Historic Site (Building),,,Historic Site (Building),historic=building,way,1421946693,2.198723,102.241837,Melaka,04,Melaka Tengah,03,,,,,
OSM_way_1421948950,Unnamed Historic Site (Building),,,Historic Site (Building),historic=building,way,1421948950,2.197354,102.24368,Melaka,04,Melaka Tengah,03,,,,,
OSM_way_1421948951,Unnamed Historic Site (Building),,,Historic Site (Building),historic=building,way,1421948951,2.197248,102.243821,Melaka,04,Melaka Tengah,03,,,,,
OSM_way_1421948952,Unnamed Historic Site (Building),,,Historic Site (Building),historic=building,way,1421948952,2.19716,102.243934,Melaka,04,Melaka Tengah,03,,,,,
OSM_way_1421948953,Unnamed Historic Site (Building),,,Historic Site (Building),historic=building,way,1421948953,2.197098,102.243991,Melaka,04,Melaka Tengah,03,,,,,
OSM_way_1421948954,Unnamed Historic Site (Building),,,Historic Site (Building),historic=building,way,1421948954,2.197067,102.244025,Melaka,04,Melaka Tengah,03,,,,,
OSM_way_1421948955,Unnamed Historic Site (Building),,,Historic Site (Building),historic=building,way,1421948955,2.197046,102.244068,Melaka,04,Melaka Tengah,03,,,,,
OSM_way_1421948956,Unnamed Historic Site (Building),,,Historic Site (Building),historic=building,way,1421948956,2.197007,102.244096,Melaka,04,Melaka Tengah,03,,,,,
OSM_way_1421948957,Unnamed Historic Site (Building),,,Historic Site (Building),historic=building,way,1421948957,2.196922,102.244075,Melaka,04,Melaka Tengah,03,,,,,
OSM_way_1421948958,Unnamed Historic Site (Building),,,Historic Site (Building),historic=building,way,1421948958,2.196893,102.244108,Melaka,04,Melaka Tengah,03,,,,,
OSM_way_1421948959,Unnamed Historic Site (Building),,,Historic Site (Building),historic=building,way,1421948959,2.19685,102.244149,Melaka,04,Melaka Tengah,03,,,,,
OSM_way_1421948960,Unnamed Historic Site (Building),,,Historic Site (Building),historic=building,way,1421948960,2.196765,102.244165,Melaka,04,Melaka Tengah,03,,,,,
OSM_way_1421948961,Unnamed Historic Site (Building),,,Historic Site (Building),historic=building,way,1421948961,2.196705,102.244186,Melaka,04,Melaka Tengah,03,,,,,
OSM_way_1421948962,Unnamed Historic Site (Building),,,Historic Site (Building),historic=building,way,1421948962,2.196683,102.244224,Melaka,04,Melaka Tengah,03,,,,,
OSM_way_1421948963,Unnamed Historic Site (Building),,,Historic Site (Building),historic=building,way,1421948963,2.196655,102.244258,Melaka,04,Melaka Tengah,03,,,,,
OSM_way_1421948964,Unnamed Historic Site (Building),,,Historic Site (Building),historic=building,way,1421948964,2.196623,102.244298,Melaka,04,Melaka Tengah,03,,,,,
OSM_way_1421948965,Unnamed Historic Site (Building),,,Historic Site (Building),historic=building,way,1421948965,2.196523,102.24447,Melaka,04,Melaka Tengah,03,,,,,
OSM_way_1421948966,Unnamed Historic Site (Building),,,Historic Site (Building),historic=building,way,1421948966,2.196432,102.244474,Melaka,04,Melaka Tengah,03,,,,,
OSM_way_1421948967,Unnamed Historic Site (Building),,,Historic Site (Building),historic=building,way,1421948967,2.196531,102.244694,Melaka,04,Melaka Tengah,03,,,,,
OSM_way_1421948968,Unnamed Historic Site (Building),,,Historic Site (Building),historic=building,way,1421948968,2.196309,102.244756,Melaka,04,Melaka Tengah,03,,,,,
OSM_way_1421948969,Unnamed Historic Site (Building),,,Historic Site (Building),historic=building,way,1421948969,2.196276,102.244795,Melaka,04,Melaka Tengah,03,,,,,
OSM_way_1421948970,Unnamed Historic Site (Building),,,Historic Site (Building),historic=building,way,1421948970,2.196373,102.244942,Melaka,04,Melaka Tengah,03,,,,,
OSM_way_1421948971,Unnamed Historic Site (Building),,,Historic Site (Building),historic=building,way,1421948971,2.196338,102.24499,Melaka,04,Melaka Tengah,03,,,,,
OSM_way_1421948972,Unnamed Historic Site (Building),,,Historic Site (Building),historic=building,way,1421948972,2.196149,102.244917,Melaka,04,Melaka Tengah,03,,,,,
OSM_way_1421948973,Unnamed Historic Site (Building),,,Historic Site (Building),historic=building,way,1421948973,2.196059,102.24511,Melaka,04,Melaka Tengah,03,,,,,
OSM_way_1421948974,Unnamed Historic Site (Building),,,Historic Site (Building),historic=building,way,1421948974,2.196023,102.24515,Melaka,04,Melaka Tengah,03,,,,,
OSM_way_1421948975,Unnamed Historic Site (Building),,,Historic Site (Building),historic=building,way,1421948975,2.196023,102.245233,Melaka,04,Melaka Tengah,03,,,,,
OSM_way_1421948976,Unnamed Historic Site (Building),,,Historic Site (Building),historic=building,way,1421948976,2.195982,102.245291,Melaka,04,Melaka Tengah,03,,,,,
OSM_way_1421948977,Unnamed Historic Site (Building),,,Historic Site (Building),historic=building,way,1421948977,2.195944,102.245345,Melaka,04,Melaka Tengah,03,,,,,
OSM_way_1421948978,Unnamed Historic Site (Building),,,Historic Site (Building),historic=building,way,1421948978,2.195906,102.245394,Melaka,04,Melaka Tengah,03,,,,,
OSM_way_1421948979,Unnamed Historic Site (Building),,,Historic Site (Building),historic=building,way,1421948979,2.195889,102.245466,Melaka,04,Melaka Tengah,03,,,,,
OSM_way_1421948981,Unnamed Historic Site (Building),,,Historic Site (Building),historic=building,way,1421948981,2.195728,102.245516,Melaka,04,Melaka Tengah,03,,,,,
OSM_way_1421948982,Unnamed Historic Site (Building),,,Historic Site (Building),historic=building,way,1421948982,2.195739,102.245613,Melaka,04,Melaka Tengah,03,,,,,
OSM_way_1421948983,Unnamed Historic Site (Building),,,Historic Site (Building),historic=building,way,1421948983,2.19559,102.245578,Melaka,04,Melaka Tengah,03,,,,,
OSM_way_1421948984,Unnamed Historic Site (Building),,,Historic Site (Building),historic=building,way,1421948984,2.195626,102.245689,Melaka,04,Melaka Tengah,03,,,,,
OSM_way_1421948985,Unnamed Historic Site (Building),,,Historic Site (Building),historic=building,way,1421948985,2.195495,102.245671,Melaka,04,Melaka Tengah,03,,,,,
OSM_way_1421948986,Unnamed Historic Site (Building),,,Historic Site (Building),historic=building,way,1421948986,2.195567,102.245802,Melaka,04,Melaka Tengah,03,,,,,
OSM_way_1421948987,Unnamed Historic Site (Building),,,Historic Site (Building),historic=building,way,1421948987,2.195584,102.245899,Melaka,04,Melaka Tengah,03,,,,,
OSM_way_1421948988,Unnamed Historic Site (Building),,,Historic Site (Building),historic=building,way,1421948988,2.195428,102.245923,Melaka,04,Melaka Tengah,03,,,,,
OSM_way_1421948989,Unnamed Historic Site (Building),,,Historic Site (Building),historic=building,way,1421948989,2.195429,102.246095,Melaka,04,Melaka Tengah,03,,,,,
OSM_way_1421948990,Unnamed Historic Site (Building),,,Historic Site (Building),historic=building,way,1421948990,2.195373,102.246192,Melaka,04,Melaka Tengah,03,,,,,
OSM_way_1421948991,Unnamed Historic Site (Building),,,Historic Site (Building),historic=building,way,1421948991,2.195144,102.246141,Melaka,04,Melaka Tengah,03,,,,,
OSM_way_1421948992,Unnamed Historic Site (Building),,,Historic Site (Building),historic=building,way,1421948992,2.195282,102.24629,Melaka,04,Melaka Tengah,03,,,,,
OSM_way_1421948993,Unnamed Historic Site (Building),,,Historic Site (Building),historic=building,way,1421948993,2.195244,102.246321,Melaka,04,Melaka Tengah,03,,,,,
OSM_way_1421948994,Unnamed Historic Site (Building),,,Historic Site (Building),historic=building,way,1421948994,2.19523,102.24636,Melaka,04,Melaka Tengah,03,,,,,
OSM_way_1421948995,Unnamed Historic Site (Building),,,Historic Site (Building),historic=building,way,1421948995,2.195064,102.246312,Melaka,04,Melaka Tengah,03,,,,,
OSM_way_1421948996,Unnamed Historic Site (Building),,,Historic Site (Building),historic=building,way,1421948996,2.195216,102.246506,Melaka,04,Melaka Tengah,03,,,,,
OSM_way_1421948997,Unnamed Historic Site (Building),,,Historic Site (Building),historic=building,way,1421948997,2.195141,102.246577,Melaka,04,Melaka Tengah,03,,,,,
OSM_way_1421948998,Unnamed Historic Site (Building),,,Historic Site (Building),historic=building,way,1421948998,2.195078,102.246673,Melaka,04,Melaka Tengah,03,,,,,
OSM_way_1421948999,Unnamed Historic Site (Building),,,Historic Site (Building),historic=building,way,1421948999,2.194989,102.246709,Melaka,04,Melaka Tengah,03,,,,,
OSM_way_1421949000,Unnamed Historic Site (Building),,,Historic Site (Building),historic=building,way,1421949000,2.194944,102.246739,Melaka,04,Melaka Tengah,03,,,,,
OSM_way_1421949001,Unnamed Historic Site (Building),,,Historic Site (Building),historic=building,way,1421949001,2.194814,102.24671,Melaka,04,Melaka Tengah,03,,,,,
OSM_way_1421958810,Unnamed Historic Site (Building),,,Historic Site (Building),historic=building,way,1421958810,2.194633,102.24698,Melaka,04,Melaka Tengah,03,,,,,
OSM_way_1421958811,Unnamed Historic Site (Building),,,Historic Site (Building),historic=building,way,1421958811,2.194691,102.247135,Melaka,04,Melaka Tengah,03,,,,,
OSM_way_1421958812,Unnamed Historic Site (Building),,,Historic Site (Building),historic=building,way,1421958812,2.194639,102.247155,Melaka,04,Melaka Tengah,03,,,,,
OSM_way_1421958813,Unnamed Historic Site (Building),,,Historic Site (Building),historic=building,way,1421958813,2.194606,102.247188,Melaka,04,Melaka Tengah,03,,,,,
OSM_way_1421958814,Unnamed Historic Site (Building),,,Historic Site (Building),historic=building,way,1421958814,2.194586,102.247234,Melaka,04,Melaka Tengah,03,,,,,
OSM_way_1421961216,Unnamed Historic Site (Building),,,Historic Site (Building),historic=building,way,1421961216,2.195089,102.24709,Melaka,04,Melaka Tengah,03,,,,,
OSM_way_1421961217,Unnamed Historic Site (Building),,,Historic Site (Building),historic=building,way,1421961217,2.195108,102.246995,Melaka,04,Melaka Tengah,03,,,,,
OSM_way_1421961218,Unnamed Historic Site (Building),,,Historic Site (Building),historic=building,way,1421961218,2.195189,102.246952,Melaka,04,Melaka Tengah,03,,,,,
OSM_way_1421961219,Unnamed Historic Site (Building),,,Historic Site (Building),historic=building,way,1421961219,2.195187,102.246889,Melaka,04,Melaka Tengah,03,,,,,
OSM_way_1421961220,Unnamed Historic Site (Building),,,Historic Site (Building),historic=building,way,1421961220,2.195254,102.24688,Melaka,04,Melaka Tengah,03,,,,,
OSM_way_1421961221,Unnamed Historic Site (Building),,,Historic Site (Building),historic=building,way,1421961221,2.195269,102.246831,Melaka,04,Melaka Tengah,03,,,,,
OSM_way_1421961222,Unnamed Historic Site (Building),,,Historic Site (Building),historic=building,way,1421961222,2.195343,102.246827,Melaka,04,Melaka Tengah,03,,,,,
OSM_way_1421961223,Unnamed Historic Site (Building),,,Historic Site (Building),historic=building,way,1421961223,2.195461,102.246789,Melaka,04,Melaka Tengah,03,,,,,
OSM_way_1421981310,Unnamed Historic Site (Building),,,Historic Site (Building),historic=building,way,1421981310,2.195514,102.246672,Melaka,04,Melaka Tengah,03,,,,,
OSM_way_1421981311,Unnamed Historic Site (Building),,,Historic Site (Building),historic=building,way,1421981311,2.195524,102.246576,Melaka,04,Melaka Tengah,03,,,,,
OSM_way_1421981312,Unnamed Historic Site (Building),,,Historic Site (Building),historic=building,way,1421981312,2.195565,102.246519,Melaka,04,Melaka Tengah,03,,,,,
OSM_way_1421981313,Unnamed Historic Site (Building),,,Historic Site (Building),historic=building,way,1421981313,2.195616,102.246362,Melaka,04,Melaka Tengah,03,,,,,
OSM_way_1421981314,Unnamed Historic Site (Building),,,Historic Site (Building),historic=building,way,1421981314,2.195629,102.246436,Melaka,04,Melaka Tengah,03,,,,,
OSM_way_1421981315,Unnamed Historic Site (Building),,,Historic Site (Building),historic=building,way,1421981315,2.19563,102.246494,Melaka,04,Melaka Tengah,03,,,,,
OSM_way_1421981316,Unnamed Historic Site (Building),,,Historic Site (Building),historic=building,way,1421981316,2.195782,102.246403,Melaka,04,Melaka Tengah,03,,,,,
OSM_way_1421991766,Unnamed Historic Site (Building),,,Historic Site (Building),historic=building,way,1421991766,2.19569,102.246275,Melaka,04,Melaka Tengah,03,,,,,
OSM_way_1421991767,Unnamed Historic Site (Building),,,Historic Site (Building),historic=building,way,1421991767,2.19571,102.246221,Melaka,04,Melaka Tengah,03,,,,,
OSM_way_1421991768,Unnamed Historic Site (Building),,,Historic Site (Building),historic=building,way,1421991768,2.195868,102.246262,Melaka,04,Melaka Tengah,03,,,,,
OSM_way_1421991769,Unnamed Historic Site (Building),,,Historic Site (Building),historic=building,way,1421991769,2.195938,102.246251,Melaka,04,Melaka Tengah,03,,,,,
OSM_way_1421991770,Unnamed Historic Site (Building),,,Historic Site (Building),historic=building,way,1421991770,2.195907,102.246157,Melaka,04,Melaka Tengah,03,,,,,
OSM_way_1421991771,Unnamed Historic Site (Building),,,Historic Site (Building),historic=building,way,1421991771,2.195991,102.246132,Melaka,04,Melaka Tengah,03,,,,,
OSM_way_1421991772,Unnamed Historic Site (Building),,,Historic Site (Building),historic=building,way,1421991772,2.195972,102.246037,Melaka,04,Melaka Tengah,03,,,,,
OSM_way_1421991773,Unnamed Historic Site (Building),,,Historic Site (Building),historic=building,way,1421991773,2.196085,102.246051,Melaka,04,Melaka Tengah,03,,,,,
OSM_way_1421991774,Unnamed Historic Site (Building),,,Historic Site (Building),historic=building,way,1421991774,2.196046,102.245963,Melaka,04,Melaka Tengah,03,,,,,
OSM_way_1421991775,Unnamed Historic Site (Building),,,Historic Site (Building),historic=building,way,1421991775,2.196062,102.245922,Melaka,04,Melaka Tengah,03,,,,,
OSM_way_1421991776,Unnamed Historic Site (Building),,,Historic Site (Building),historic=building,way,1421991776,2.196054,102.245858,Melaka,04,Melaka Tengah,03,,,,,
OSM_way_1421991779,Unnamed Historic Site (Building),,,Historic Site (Building),historic=building,way,1421991779,2.196216,102.245682,Melaka,04,Melaka Tengah,03,,,,,
OSM_way_1421991780,Unnamed Historic Site (Building),,,Historic Site (Building),historic=building,way,1421991780,2.196241,102.245649,Melaka,04,Melaka Tengah,03,,,,,
OSM_way_1421991781,Unnamed Historic Site (Building),,,Historic Site (Building),historic=building,way,1421991781,2.19627,102.245617,Melaka,04,Melaka Tengah,03,,,,,
OSM_way_1421991782,Unnamed Historic Site (Building),,,Historic Site (Building),historic=building,way,1421991782,2.196318,102.245553,Melaka,04,Melaka Tengah,03,,,,,
OSM_way_1421991783,Unnamed Historic Site (Building),,,Historic Site (Building),historic=building,way,1421991783,2.196438,102.245536,Melaka,04,Melaka Tengah,03,,,,,
OSM_way_1421991784,Unnamed Historic Site (Building),,,Historic Site (Building),historic=building,way,1421991784,2.196535,102.245533,Melaka,04,Melaka Tengah,03,,,,,
OSM_way_1421991785,Unnamed Historic Site (Building),,,Historic Site (Building),historic=building,way,1421991785,2.196456,102.245403,Melaka,04,Melaka Tengah,03,,,,,
OSM_way_1421991786,Unnamed Historic Site (Building),,,Historic Site (Building),historic=building,way,1421991786,2.196489,102.245282,Melaka,04,Melaka Tengah,03,,,,,
OSM_way_1421991787,Unnamed Historic Site (Building),,,Historic Site (Building),historic=building,way,1421991787,2.19652,102.245243,Melaka,04,Melaka Tengah,03,,,,,
OSM_way_1421991788,Unnamed Historic Site (Building),,,Historic Site (Building),historic=building,way,1421991788,2.196543,102.245198,Melaka,04,Melaka Tengah,03,,,,,
OSM_way_1421991789,Unnamed Historic Site (Building),,,Historic Site (Building),historic=building,way,1421991789,2.196769,102.245291,Melaka,04,Melaka Tengah,03,,,,,
OSM_way_1421991791,Unnamed Historic Site (Building),,,Historic Site (Building),historic=building,way,1421991791,2.196657,102.245084,Melaka,04,Melaka Tengah,03,,,,,
OSM_way_1421991792,Unnamed Historic Site (Building),,,Historic Site (Building),historic=building,way,1421991792,2.196693,102.24506,Melaka,04,Melaka Tengah,03,,,,,
OSM_way_1421991793,Unnamed Historic Site (Building),,,Historic Site (Building),historic=building,way,1421991793,2.196734,102.24504,Melaka,04,Melaka Tengah,03,,,,,
OSM_way_1421991794,Unnamed Historic Site (Building),,,Historic Site (Building),historic=building,way,1421991794,2.19671,102.244969,Melaka,04,Melaka Tengah,03,,,,,
OSM_way_1421991795,Unnamed Historic Site (Building),,,Historic Site (Building),historic=building,way,1421991795,2.196738,102.244939,Melaka,04,Melaka Tengah,03,,,,,
OSM_way_1421991796,Unnamed Historic Site (Building),,,Historic Site (Building),historic=building,way,1421991796,2.196774,102.244917,Melaka,04,Melaka Tengah,03,,,,,
OSM_way_1421991797,Unnamed Historic Site (Building),,,Historic Site (Building),historic=building,way,1421991797,2.1968,102.244885,Melaka,04,Melaka Tengah,03,,,,,
OSM_way_1421991798,Unnamed Historic Site (Building),,,Historic Site (Building),historic=building,way,1421991798,2.196998,102.244985,Melaka,04,Melaka Tengah,03,,,,,
OSM_way_1421991799,Unnamed Historic Site (Building),,,Historic Site (Building),historic=building,way,1421991799,2.196949,102.244884,Melaka,04,Melaka Tengah,03,,,,,
OSM_way_1421991800,Unnamed Historic Site (Building),,,Historic Site (Building),historic=building,way,1421991800,2.196954,102.244732,Melaka,04,Melaka Tengah,03,,,,,
OSM_way_1421991801,Unnamed Historic Site (Building),,,Historic Site (Building),historic=building,way,1421991801,2.196982,102.244693,Melaka,04,Melaka Tengah,03,,,,,
OSM_way_1421991802,Unnamed Historic Site (Building),,,Historic Site (Building),historic=building,way,1421991802,2.197069,102.244705,Melaka,04,Melaka Tengah,03,,,,,
OSM_way_1421991803,Unnamed Historic Site (Building),,,Historic Site (Building),historic=building,way,1421991803,2.197025,102.244615,Melaka,04,Melaka Tengah,03,,,,,
OSM_way_1421991804,Unnamed Historic Site (Building),,,Historic Site (Building),historic=building,way,1421991804,2.19705,102.244586,Melaka,04,Melaka Tengah,03,,,,,
OSM_way_1421991805,Unnamed Historic Site (Building),,,Historic Site (Building),historic=building,way,1421991805,2.197076,102.24455,Melaka,04,Melaka Tengah,03,,,,,
OSM_way_1421991806,Unnamed Historic Site (Building),,,Historic Site (Building),historic=building,way,1421991806,2.197108,102.244511,Melaka,04,Melaka Tengah,03,,,,,
OSM_way_1421991807,Unnamed Historic Site (Building),,,Historic Site (Building),historic=building,way,1421991807,2.197137,102.244468,Melaka,04,Melaka Tengah,03,,,,,
OSM_way_1421991808,Unnamed Historic Site (Building),,,Historic Site (Building),historic=building,way,1421991808,2.197165,102.244438,Melaka,04,Melaka Tengah,03,,,,,
OSM_way_1421991809,Unnamed Historic Site (Building),,,Historic Site (Building),historic=building,way,1421991809,2.197258,102.244457,Melaka,04,Melaka Tengah,03,,,,,
OSM_way_1421991810,Unnamed Historic Site (Building),,,Historic Site (Building),historic=building,way,1421991810,2.197182,102.244297,Melaka,04,Melaka Tengah,03,,,,,
OSM_way_1422250415,Unnamed Historic Site (Building),,,Historic Site (Building),historic=building,way,1422250415,2.202036,102.255172,Melaka,04,Melaka Tengah,03,,,,,
OSM_way_1422253487,Unnamed Historic Site (Building),,,Historic Site (Building),historic=building,way,1422253487,2.202614,102.254289,Melaka,04,Melaka Tengah,03,,,,,
OSM_way_1422256442,Unnamed Historic Site (Building),,,Historic Site (Building),historic=building,way,1422256442,2.207679,102.253547,Melaka,04,Melaka Tengah,03,,,,,
OSM_way_1422272749,Unnamed Historic Site (Building),,,Historic Site (Building),historic=building,way,1422272749,2.198272,102.244829,Melaka,04,Melaka Tengah,03,,,,,
OSM_way_1422272750,Unnamed Historic Site (Building),,,Historic Site (Building),historic=building,way,1422272750,2.198272,102.244886,Melaka,04,Melaka Tengah,03,,,,,
OSM_way_1422272751,Unnamed Historic Site (Building),,,Historic Site (Building),historic=building,way,1422272751,2.198242,102.244923,Melaka,04,Melaka Tengah,03,,,,,
OSM_way_1422272752,Unnamed Historic Site (Building),,,Historic Site (Building),historic=building,way,1422272752,2.198227,102.244963,Melaka,04,Melaka Tengah,03,,,,,
OSM_way_1422272753,Unnamed Historic Site (Building),,,Historic Site (Building),historic=building,way,1422272753,2.198211,102.245005,Melaka,04,Melaka Tengah,03,,,,,
OSM_way_1422272754,Unnamed Historic Site (Building),,,Historic Site (Building),historic=building,way,1422272754,2.198194,102.24505,Melaka,04,Melaka Tengah,03,,,,,
OSM_way_1422272755,Unnamed Historic Site (Building),,,Historic Site (Building),historic=building,way,1422272755,2.198179,102.245096,Melaka,04,Melaka Tengah,03,,,,,
OSM_way_1422272756,Unnamed Historic Site (Building),,,Historic Site (Building),historic=building,way,1422272756,2.198163,102.245136,Melaka,04,Melaka Tengah,03,,,,,
OSM_way_1422272757,Unnamed Historic Site (Building),,,Historic Site (Building),historic=building,way,1422272757,2.198218,102.245213,Melaka,04,Melaka Tengah,03,,,,,
OSM_way_1422272759,Unnamed Historic Site (Building),,,Historic Site (Building),historic=building,way,1422272759,2.197652,102.246384,Melaka,04,Melaka Tengah,03,,,,,
OSM_way_1422272760,Unnamed Historic Site (Building),,,Historic Site (Building),historic=building,way,1422272760,2.197658,102.246339,Melaka,04,Melaka Tengah,03,,,,,
OSM_way_1422272761,Unnamed Historic Site (Building),,,Historic Site (Building),historic=building,way,1422272761,2.197663,102.246276,Melaka,04,Melaka Tengah,03,,,,,
OSM_way_1422272762,Unnamed Historic Site (Building),,,Historic Site (Building),historic=building,way,1422272762,2.197696,102.246218,Melaka,04,Melaka Tengah,03,,,,,
OSM_way_1422272763,Unnamed Historic Site (Building),,,Historic Site (Building),historic=building,way,1422272763,2.197711,102.246144,Melaka,04,Melaka Tengah,03,,,,,
OSM_way_1422272765,Unnamed Historic Site (Building),,,Historic Site (Building),historic=building,way,1422272765,2.197739,102.24597,Melaka,04,Melaka Tengah,03,,,,,
OSM_way_1422272766,Unnamed Historic Site (Building),,,Historic Site (Building),historic=building,way,1422272766,2.197795,102.245938,Melaka,04,Melaka Tengah,03,,,,,
OSM_way_1422272768,Unnamed Historic Site (Building),,,Historic Site (Building),historic=building,way,1422272768,2.19779,102.245545,Melaka,04,Melaka Tengah,03,,,,,
OSM_way_1422272769,Unnamed Historic Site (Building),,,Historic Site (Building),historic=building,way,1422272769,2.197644,102.245773,Melaka,04,Melaka Tengah,03,,,,,
OSM_way_1422272770,Unnamed Historic Site (Building),,,Historic Site (Building),historic=building,way,1422272770,2.19756,102.245806,Melaka,04,Melaka Tengah,03,,,,,
OSM_way_1422272771,Unnamed Historic Site (Building),,,Historic Site (Building),historic=building,way,1422272771,2.197565,102.245888,Melaka,04,Melaka Tengah,03,,,,,
OSM_way_1422272773,Unnamed Historic Site (Building),,,Historic Site (Building),historic=building,way,1422272773,2.197485,102.245951,Melaka,04,Melaka Tengah,03,,,,,
OSM_way_1422274160,Unnamed Historic Site (Building),,,Historic Site (Building),historic=building,way,1422274160,2.197056,102.245875,Melaka,04,Melaka Tengah,03,,,,,
OSM_way_1422274161,Unnamed Historic Site (Building),,,Historic Site (Building),historic=building,way,1422274161,2.197139,102.245828,Melaka,04,Melaka Tengah,03,,,,,
OSM_way_1422274162,Unnamed Historic Site (Building),,,Historic Site (Building),historic=building,way,1422274162,2.19739,102.245649,Melaka,04,Melaka Tengah,03,,,,,
OSM_way_1422274163,Unnamed Historic Site (Building),,,Historic Site (Building),historic=building,way,1422274163,2.197343,102.245694,Melaka,04,Melaka Tengah,03,,,,,
OSM_way_1422274164,Unnamed Historic Site (Building),,,Historic Site (Building),historic=building,way,1422274164,2.197271,102.245728,Melaka,04,Melaka Tengah,03,,,,,
OSM_way_1422274165,Unnamed Historic Site (Building),,,Historic Site (Building),historic=building,way,1422274165,2.197186,102.245758,Melaka,04,Melaka Tengah,03,,,,,
OSM_way_1422289141,Unnamed Historic Site (Building),,,Historic Site (Building),historic=building,way,1422289141,2.197047,102.245979,Melaka,04,Melaka Tengah,03,,,,,
OSM_way_1422289142,Unnamed Historic Site (Building),,,Historic Site (Building),historic=building,way,1422289142,2.196983,102.245996,Melaka,04,Melaka Tengah,03,,,,,
OSM_way_1422289143,Unnamed Historic Site (Building),,,Historic Site (Building),historic=building,way,1422289143,2.196913,102.245997,Melaka,04,Melaka Tengah,03,,,,,
OSM_way_1422289144,Unnamed Historic Site (Building),,,Historic Site (Building),historic=building,way,1422289144,2.196926,102.246131,Melaka,04,Melaka Tengah,03,,,,,
OSM_way_1422289145,Unnamed Historic Site (Building),,,Historic Site (Building),historic=building,way,1422289145,2.196882,102.246235,Melaka,04,Melaka Tengah,03,,,,,
OSM_way_1422289148,Unnamed Historic Site (Building),,,Historic Site (Building),historic=building,way,1422289148,2.196806,102.246114,Melaka,04,Melaka Tengah,03,,,,,
OSM_way_1422289151,Unnamed Historic Site (Building),,,Historic Site (Building),historic=building,way,1422289151,2.19669,102.24606,Melaka,04,Melaka Tengah,03,,,,,
OSM_way_1422289153,Unnamed Historic Site (Building),,,Historic Site (Building),historic=building,way,1422289153,2.196631,102.245997,Melaka,04,Melaka Tengah,03,,,,,
OSM_way_1422289154,Unnamed Historic Site (Building),,,Historic Site (Building),historic=building,way,1422289154,2.196642,102.24592,Melaka,04,Melaka Tengah,03,,,,,
OSM_way_1422289156,Unnamed Historic Site (Building),,,Historic Site (Building),historic=building,way,1422289156,2.196395,102.245797,Melaka,04,Melaka Tengah,03,,,,,
OSM_way_1422289157,Unnamed Historic Site (Building),,,Historic Site (Building),historic=building,way,1422289157,2.196425,102.245817,Melaka,04,Melaka Tengah,03,,,,,
OSM_way_1422293403,Unnamed Historic Site (Building),,,Historic Site (Building),historic=building,way,1422293403,2.19727,102.24616,Melaka,04,Melaka Tengah,03,,,,,
OSM_way_1422293404,Unnamed Historic Site (Building),,,Historic Site (Building),historic=building,way,1422293404,2.197352,102.24631,Melaka,04,Melaka Tengah,03,,,,,
OSM_way_1422293405,Unnamed Historic Site (Building),,,Historic Site (Building),historic=building,way,1422293405,2.19732,102.246335,Melaka,04,Melaka Tengah,03,,,,,
OSM_way_1422293406,Unnamed Historic Site (Building),,,Historic Site (Building),historic=building,way,1422293406,2.197296,102.246371,Melaka,04,Melaka Tengah,03,,,,,
OSM_way_1422293407,Unnamed Historic Site (Building),,,Historic Site (Building),historic=building,way,1422293407,2.197257,102.246404,Melaka,04,Melaka Tengah,03,,,,,
OSM_way_1422293408,Unnamed Historic Site (Building),,,Historic Site (Building),historic=building,way,1422293408,2.197219,102.246434,Melaka,04,Melaka Tengah,03,,,,,
OSM_way_1422293409,Unnamed Historic Site (Building),,,Historic Site (Building),historic=building,way,1422293409,2.197197,102.246474,Melaka,04,Melaka Tengah,03,,,,,
OSM_way_1422293410,Unnamed Historic Site (Building),,,Historic Site (Building),historic=building,way,1422293410,2.19716,102.246501,Melaka,04,Melaka Tengah,03,,,,,
OSM_way_1422293411,Unnamed Historic Site (Building),,,Historic Site (Building),historic=building,way,1422293411,2.197129,102.246529,Melaka,04,Melaka Tengah,03,,,,,
OSM_way_1422293412,Unnamed Historic Site (Building),,,Historic Site (Building),historic=building,way,1422293412,2.196961,102.246444,Melaka,04,Melaka Tengah,03,,,,,
OSM_way_1422293414,Unnamed Historic Site (Building),,,Historic Site (Building),historic=building,way,1422293414,2.196845,102.246539,Melaka,04,Melaka Tengah,03,,,,,
OSM_way_1422293415,Unnamed Historic Site (Building),,,Historic Site (Building),historic=building,way,1422293415,2.19679,102.246736,Melaka,04,Melaka Tengah,03,,,,,
OSM_way_1422293416,Unnamed Historic Site (Building),,,Historic Site (Building),historic=building,way,1422293416,2.196838,102.246839,Melaka,04,Melaka Tengah,03,,,,,
OSM_way_1422293417,Unnamed Historic Site (Building),,,Historic Site (Building),historic=building,way,1422293417,2.19681,102.246874,Melaka,04,Melaka Tengah,03,,,,,
OSM_way_1422293418,Unnamed Historic Site (Building),,,Historic Site (Building),historic=building,way,1422293418,2.196674,102.246795,Melaka,04,Melaka Tengah,03,,,,,
OSM_way_1422293419,Unnamed Historic Site (Building),,,Historic Site (Building),historic=building,way,1422293419,2.196652,102.246814,Melaka,04,Melaka Tengah,03,,,,,
OSM_way_1422293421,Unnamed Historic Site (Building),,,Historic Site (Building),historic=building,way,1422293421,2.196598,102.246905,Melaka,04,Melaka Tengah,03,,,,,
OSM_way_1422293422,Unnamed Historic Site (Building),,,Historic Site (Building),historic=building,way,1422293422,2.196475,102.246941,Melaka,04,Melaka Tengah,03,,,,,
OSM_way_1422293424,Unnamed Historic Site (Building),,,Historic Site (Building),historic=building,way,1422293424,2.196908,102.247168,Melaka,04,Melaka Tengah,03,,,,,
OSM_way_1422293425,Unnamed Historic Site (Building),,,Historic Site (Building),historic=building,way,1422293425,2.196931,102.247272,Melaka,04,Melaka Tengah,03,,,,,
OSM_way_1422293428,Unnamed Historic Site (Building),,,Historic Site (Building),historic=building,way,1422293428,2.197084,102.247265,Melaka,04,Melaka Tengah,03,,,,,
OSM_way_1422293430,Unnamed Historic Site (Building),,,Historic Site (Building),historic=building,way,1422293430,2.197133,102.247194,Melaka,04,Melaka Tengah,03,,,,,
OSM_way_1422459257,Unnamed Historic Site (Building),,,Historic Site (Building),historic=building,way,1422459257,2.196309,102.246009,Melaka,04,Melaka Tengah,03,,,,,
OSM_way_1422459258,Unnamed Historic Site (Building),,,Historic Site (Building),historic=building,way,1422459258,2.19634,102.246075,Melaka,04,Melaka Tengah,03,,,,,
OSM_way_1422459259,Unnamed Historic Site (Building),,,Historic Site (Building),historic=building,way,1422459259,2.19638,102.246116,Melaka,04,Melaka Tengah,03,,,,,
OSM_way_1422459260,Unnamed Historic Site (Building),,,Historic Site (Building),historic=building,way,1422459260,2.196426,102.24613,Melaka,04,Melaka Tengah,03,,,,,
OSM_way_1422459263,Unnamed Historic Site (Building),,,Historic Site (Building),historic=building,way,1422459263,2.196607,102.246222,Melaka,04,Melaka Tengah,03,,,,,
OSM_way_1422459265,Unnamed Historic Site (Building),,,Historic Site (Building),historic=building,way,1422459265,2.196721,102.246319,Melaka,04,Melaka Tengah,03,,,,,
OSM_way_1422462371,Unnamed Historic Site (Building),,,Historic Site (Building),historic=building,way,1422462371,2.196438,102.246548,Melaka,04,Melaka Tengah,03,,,,,
OSM_way_1422462372,Unnamed Historic Site (Building),,,Historic Site (Building),historic=building,way,1422462372,2.196415,102.246575,Melaka,04,Melaka Tengah,03,,,,,
OSM_way_1422462373,Unnamed Historic Site (Building),,,Historic Site (Building),historic=building,way,1422462373,2.19639,102.246601,Melaka,04,Melaka Tengah,03,,,,,
OSM_way_1422462376,Unnamed Historic Site (Building),,,Historic Site (Building),historic=building,way,1422462376,2.196297,102.246692,Melaka,04,Melaka Tengah,03,,,,,
OSM_way_1422462377,Unnamed Historic Site (Building),,,Historic Site (Building),historic=building,way,1422462377,2.196004,102.247135,Melaka,04,Melaka Tengah,03,,,,,
OSM_way_1422462379,Unnamed Historic Site (Building),,,Historic Site (Building),historic=building,way,1422462379,2.196072,102.247027,Melaka,04,Melaka Tengah,03,,,,,
OSM_way_1422462380,Unnamed Historic Site (Building),,,Historic Site (Building),historic=building,way,1422462380,2.196097,102.246998,Melaka,04,Melaka Tengah,03,,,,,
OSM_way_1422462381,Unnamed Historic Site (Building),,,Historic Site (Building),historic=building,way,1422462381,2.196121,102.246972,Melaka,04,Melaka Tengah,03,,,,,
OSM_way_1422462387,Unnamed Historic Site (Building),,,Historic Site (Building),historic=building,way,1422462387,2.195766,102.247289,Melaka,04,Melaka Tengah,03,,,,,
OSM_way_1422464979,Unnamed Historic Site (Building),,,Historic Site (Building),historic=building,way,1422464979,2.195951,102.247506,Melaka,04,Melaka Tengah,03,,,,,
OSM_way_1422464982,Unnamed Historic Site (Building),,,Historic Site (Building),historic=building,way,1422464982,2.196153,102.247471,Melaka,04,Melaka Tengah,03,,,,,
OSM_way_1422464984,Unnamed Historic Site (Building),,,Historic Site (Building),historic=building,way,1422464984,2.196217,102.247335,Melaka,04,Melaka Tengah,03,,,,,
OSM_way_1422474831,Unnamed Historic Site (Building),,,Historic Site (Building),historic=building,way,1422474831,2.195394,102.247191,Melaka,04,Melaka Tengah,03,,,,,
OSM_way_1422474832,Unnamed Historic Site (Building),,,Historic Site (Building),historic=building,way,1422474832,2.195352,102.247162,Melaka,04,Melaka Tengah,03,,,,,
OSM_way_1422474833,Unnamed Historic Site (Building),,,Historic Site (Building),historic=building,way,1422474833,2.195305,102.247142,Melaka,04,Melaka Tengah,03,,,,,
OSM_way_1422474834,Unnamed Historic Site (Building),,,Historic Site (Building),historic=building,way,1422474834,2.195455,102.24725,Melaka,04,Melaka Tengah,03,,,,,
OSM_way_1422474837,Unnamed Historic Site (Building),,,Historic Site (Building),historic=building,way,1422474837,2.195617,102.247369,Melaka,04,Melaka Tengah,03,,,,,
OSM_way_1422474838,Unnamed Historic Site (Building),,,Historic Site (Building),historic=building,way,1422474838,2.195667,102.247416,Melaka,04,Melaka Tengah,03,,,,,
OSM_way_1422474840,Unnamed Historic Site (Building),,,Historic Site (Building),historic=building,way,1422474840,2.195457,102.247566,Melaka,04,Melaka Tengah,03,,,,,
OSM_way_1422474842,Unnamed Historic Site (Building),,,Historic Site (Building),historic=building,way,1422474842,2.195321,102.247473,Melaka,04,Melaka Tengah,03,,,,,
OSM_way_1422479208,Unnamed Historic Site (Building),,,Historic Site (Building),historic=building,way,1422479208,2.195274,102.248215,Melaka,04,Melaka Tengah,03,,,,,
OSM_way_1422479211,Unnamed Historic Site (Building),,,Historic Site (Building),historic=building,way,1422479211,2.19542,102.248064,Melaka,04,Melaka Tengah,03,,,,,
OSM_way_1422479212,Unnamed Historic Site (Building),,,Historic Site (Building),historic=building,way,1422479212,2.19548,102.248032,Melaka,04,Melaka Tengah,03,,,,,
OSM_way_1422479213,Unnamed Historic Site (Building),,,Historic Site (Building),historic=building,way,1422479213,2.195537,102.247919,Melaka,04,Melaka Tengah,03,,,,,
OSM_way_1422479215,Unnamed Historic Site (Building),,,Historic Site (Building),historic=building,way,1422479215,2.195699,102.247713,Melaka,04,Melaka Tengah,03,,,,,
OSM_way_1422479216,Unnamed Historic Site (Building),,,Historic Site (Building),historic=building,way,1422479216,2.196207,102.248104,Melaka,04,Melaka Tengah,03,,,,,
OSM_way_1422479220,Unnamed Historic Site (Building),,,Historic Site (Building),historic=building,way,1422479220,2.196016,102.248235,Melaka,04,Melaka Tengah,03,,,,,
OSM_way_1422479221,Unnamed Historic Site (Building),,,Historic Site (Building),historic=building,way,1422479221,2.195966,102.248239,Melaka,04,Melaka Tengah,03,,,,,
OSM_way_1422479222,Unnamed Historic Site (Building),,,Historic Site (Building),historic=building,way,1422479222,2.195937,102.248263,Melaka,04,Melaka Tengah,03,,,,,
OSM_way_1422479223,Unnamed Historic Site (Building),,,Historic Site (Building),historic=building,way,1422479223,2.195925,102.248307,Melaka,04,Melaka Tengah,03,,,,,
OSM_way_1422479224,Unnamed Historic Site (Building),,,Historic Site (Building),historic=building,way,1422479224,2.195877,102.248315,Melaka,04,Melaka Tengah,03,,,,,
OSM_way_1422479226,Unnamed Historic Site (Building),,,Historic Site (Building),historic=building,way,1422479226,2.195807,102.248361,Melaka,04,Melaka Tengah,03,,,,,
OSM_way_1422479229,Unnamed Historic Site (Building),,,Historic Site (Building),historic=building,way,1422479229,2.195603,102.248551,Melaka,04,Melaka Tengah,03,,,,,
OSM_way_1422578488,Unnamed Historic Site (Building),,,Historic Site (Building),historic=building,way,1422578488,2.195761,102.248761,Melaka,04,Melaka Tengah,03,,,,,
OSM_way_1422578489,Unnamed Historic Site (Building),,,Historic Site (Building),historic=building,way,1422578489,2.195798,102.248739,Melaka,04,Melaka Tengah,03,,,,,
OSM_way_1422578490,Unnamed Historic Site (Building),,,Historic Site (Building),historic=building,way,1422578490,2.195842,102.248716,Melaka,04,Melaka Tengah,03,,,,,
OSM_way_1422578495,Unnamed Historic Site (Building),,,Historic Site (Building),historic=building,way,1422578495,2.196006,102.24856,Melaka,04,Melaka Tengah,03,,,,,
OSM_way_1422578496,Unnamed Historic Site (Building),,,Historic Site (Building),historic=building,way,1422578496,2.196045,102.248534,Melaka,04,Melaka Tengah,03,,,,,
OSM_way_1422578497,Unnamed Historic Site (Building),,,Historic Site (Building),historic=building,way,1422578497,2.196089,102.248503,Melaka,04,Melaka Tengah,03,,,,,
OSM_way_1422578500,Unnamed Historic Site (Building),,,Historic Site (Building),historic=building,way,1422578500,2.196211,102.248391,Melaka,04,Melaka Tengah,03,,,,,
OSM_way_1422782229,Unnamed Historic Site (Building),,,Historic Site (Building),historic=building,way,1422782229,2.257916,102.180116,Melaka,04,Melaka Tengah,03,,,,,
OSM_way_1422959907,Unnamed Historic Site (Building),,,Historic Site (Building),historic=building,way,1422959907,2.222135,102.303763,Melaka,04,Melaka Tengah,03,,,,,
OSM_way_1423041971,Unnamed Historic Site (Building),,,Historic Site (Building),historic=building,way,1423041971,2.203447,102.23312,Melaka,04,Melaka Tengah,03,,,,,
OSM_way_1423179739,Unnamed Historic Site (Building),,,Historic Site (Building),historic=building,way,1423179739,2.225868,102.207068,Melaka,04,Melaka Tengah,03,,,,,
OSM_way_1423244716,Unnamed Historic Site (Building),,,Historic Site (Building),historic=building,way,1423244716,2.250621,102.186183,Melaka,04,Melaka Tengah,03,,,,,
OSM_way_1423289066,Unnamed Historic Site (Building),,,Historic Site (Building),historic=building,way,1423289066,2.200406,102.240222,Melaka,04,Melaka Tengah,03,,,,,
OSM_way_1423488105,Unnamed Historic Site (Building),,,Historic Site (Building),historic=building,way,1423488105,2.207087,102.325178,Melaka,04,Melaka Tengah,03,,,,,
OSM_way_1423488106,Unnamed Historic Site (Building),,,Historic Site (Building),historic=building,way,1423488106,2.207164,102.32506,Melaka,04,Melaka Tengah,03,,,,,
OSM_way_1423488107,Unnamed Historic Site (Building),,,Historic Site (Building),historic=building,way,1423488107,2.207139,102.324773,Melaka,04,Melaka Tengah,03,,,,,
OSM_way_1423488109,Unnamed Historic Site (Building),,,Historic Site (Building),historic=building,way,1423488109,2.199754,102.324157,Melaka,04,Melaka Tengah,03,,,,,
OSM_way_1424762253,Unnamed Historic Site (Building),,,Historic Site (Building),historic=building,way,1424762253,2.196496,102.281516,Melaka,04,Melaka Tengah,03,,,,,
OSM_way_1425732516,Unnamed Historic Site (Building),,,Historic Site (Building),historic=building,way,1425732516,2.205743,102.226096,Melaka,04,Melaka Tengah,03,,,,,
OSM_way_1427696817,Unnamed Historic Site (Building),,,Historic Site (Building),historic=building,way,1427696817,2.188765,102.258974,Melaka,04,Melaka Tengah,03,,,,,
OSM_way_1427696818,Unnamed Historic Site (Building),,,Historic Site (Building),historic=building,way,1427696818,2.188769,102.259028,Melaka,04,Melaka Tengah,03,,,,,
OSM_way_1427696822,Unnamed Historic Site (Building),,,Historic Site (Building),historic=building,way,1427696822,2.188721,102.259484,Melaka,04,Melaka Tengah,03,,,,,
OSM_way_1427698891,Unnamed Historic Site (Building),,,Historic Site (Building),historic=building,way,1427698891,2.188114,102.258362,Melaka,04,Melaka Tengah,03,,,,,
OSM_way_1427698892,Unnamed Historic Site (Building),,,Historic Site (Building),historic=building,way,1427698892,2.188162,102.258366,Melaka,04,Melaka Tengah,03,,,,,
OSM_way_1427698893,Unnamed Historic Site (Building),,,Historic Site (Building),historic=building,way,1427698893,2.18822,102.258374,Melaka,04,Melaka Tengah,03,,,,,
OSM_way_1429494210,Unnamed Historic Site (Building),,,Historic Site (Building),historic=building,way,1429494210,2.204021,102.255091,Melaka,04,Melaka Tengah,03,,,,,
OSM_way_1456433479,Unnamed Historic Site (Building),,,Historic Site (Building),historic=building,way,1456433479,2.187871,102.258291,Melaka,04,Melaka Tengah,03,,,,,
OSM_way_1456433480,Unnamed Historic Site (Building),,,Historic Site (Building),historic=building,way,1456433480,2.187919,102.258295,Melaka,04,Melaka Tengah,03,,,,,
OSM_way_1456433481,Unnamed Historic Site (Building),,,Historic Site (Building),historic=building,way,1456433481,2.187967,102.258318,Melaka,04,Melaka Tengah,03,,,,,
OSM_way_1456439069,Unnamed Historic Site (Building),,,Historic Site (Building),historic=building,way,1456439069,2.187355,102.258476,Melaka,04,Melaka Tengah,03,,,,,
OSM_way_1456439070,Unnamed Historic Site (Building),,,Historic Site (Building),historic=building,way,1456439070,2.187335,102.258562,Melaka,04,Melaka Tengah,03,,,,,
OSM_way_1456439071,Unnamed Historic Site (Building),,,Historic Site (Building),historic=building,way,1456439071,2.187273,102.258597,Melaka,04,Melaka Tengah,03,,,,,
OSM_way_1456439072,Unnamed Historic Site (Building),,,Historic Site (Building),historic=building,way,1456439072,2.187257,102.258676,Melaka,04,Melaka Tengah,03,,,,,
OSM_way_1456632785,Unnamed Historic Site (Building),,,Historic Site (Building),historic=building,way,1456632785,2.188825,102.258024,Melaka,04,Melaka Tengah,03,,,,,
OSM_way_1456632786,Unnamed Historic Site (Building),,,Historic Site (Building),historic=building,way,1456632786,2.188864,102.258084,Melaka,04,Melaka Tengah,03,,,,,
OSM_way_1457073566,Unnamed Historic Site (Building),,,Historic Site (Building),historic=building,way,1457073566,2.18975,102.254518,Melaka,04,Melaka Tengah,03,,,,,
OSM_way_1457073567,Unnamed Historic Site (Building),,,Historic Site (Building),historic=building,way,1457073567,2.189731,102.254548,Melaka,04,Melaka Tengah,03,,,,,
OSM_way_1525150785,Unnamed Historic Site (Building),,,Historic Site (Building),historic=building,way,1525150785,2.189269,102.257694,Melaka,04,Melaka Tengah,03,,,,,
OSM_way_1530974616,Unnamed Historic Site (Building),,,Historic Site (Building),historic=building,way,1530974616,2.189801,102.25521,Melaka,04,Melaka Tengah,03,,,,,
OSM_way_1530974617,Unnamed Historic Site (Building),,,Historic Site (Building),historic=building,way,1530974617,2.18978,102.255255,Melaka,04,Melaka Tengah,03,,,,,
OSM_way_1530974618,Unnamed Historic Site (Building),,,Historic Site (Building),historic=building,way,1530974618,2.189704,102.255324,Melaka,04,Melaka Tengah,03,,,,,
OSM_way_1530979691,Unnamed Historic Site (Building),,,Historic Site (Building),historic=building,way,1530979691,2.190205,102.254449,Melaka,04,Melaka Tengah,03,,,,,
OSM_way_1530979692,Unnamed Historic Site (Building),,,Historic Site (Building),historic=building,way,1530979692,2.190132,102.254453,Melaka,04,Melaka Tengah,03,,,,,
OSM_way_1530979693,Unnamed Historic Site (Building),,,Historic Site (Building),historic=building,way,1530979693,2.19012,102.254492,Melaka,04,Melaka Tengah,03,,,,,
OSM_way_1530979694,Unnamed Historic Site (Building),,,Historic Site (Building),historic=building,way,1530979694,2.19026,102.254664,Melaka,04,Melaka Tengah,03,,,,,
OSM_way_1530979695,Unnamed Historic Site (Building),,,Historic Site (Building),historic=building,way,1530979695,2.190006,102.254576,Melaka,04,Melaka Tengah,03,,,,,
OSM_way_1530979696,Unnamed Historic Site (Building),,,Historic Site (Building),historic=building,way,1530979696,2.190001,102.254762,Melaka,04,Melaka Tengah,03,,,,,
OSM_way_1530982150,Unnamed Historic Site (Building),,,Historic Site (Building),historic=building,way,1530982150,2.190544,102.254343,Melaka,04,Melaka Tengah,03,,,,,
OSM_way_1530982151,Unnamed Historic Site (Building),,,Historic Site (Building),historic=building,way,1530982151,2.190586,102.254368,Melaka,04,Melaka Tengah,03,,,,,
OSM_way_1530982152,Unnamed Historic Site (Building),,,Historic Site (Building),historic=building,way,1530982152,2.190626,102.254392,Melaka,04,Melaka Tengah,03,,,,,
OSM_way_1530982153,Unnamed Historic Site (Building),,,Historic Site (Building),historic=building,way,1530982153,2.190664,102.254414,Melaka,04,Melaka Tengah,03,,,,,
OSM_way_1530982154,Unnamed Historic Site (Building),,,Historic Site (Building),historic=building,way,1530982154,2.190704,102.254438,Melaka,04,Melaka Tengah,03,,,,,
OSM_way_1530982155,Unnamed Historic Site (Building),,,Historic Site (Building),historic=building,way,1530982155,2.190792,102.254469,Melaka,04,Melaka Tengah,03,,,,,
OSM_way_1530982156,Unnamed Historic Site (Building),,,Historic Site (Building),historic=building,way,1530982156,2.190822,102.254502,Melaka,04,Melaka Tengah,03,,,,,
OSM_way_1530982157,Unnamed Historic Site (Building),,,Historic Site (Building),historic=building,way,1530982157,2.191012,102.254615,Melaka,04,Melaka Tengah,03,,,,,
OSM_way_1531060524,Unnamed Historic Site (Building),,,Historic Site (Building),historic=building,way,1531060524,2.194964,102.255302,Melaka,04,Melaka Tengah,03,,,,,
OSM_way_1531060525,Unnamed Historic Site (Building),,,Historic Site (Building),historic=building,way,1531060525,2.194971,102.255258,Melaka,04,Melaka Tengah,03,,,,,
OSM_way_1531060526,Unnamed Historic Site (Building),,,Historic Site (Building),historic=building,way,1531060526,2.194979,102.255216,Melaka,04,Melaka Tengah,03,,,,,
OSM_way_1531060527,Unnamed Historic Site (Building),,,Historic Site (Building),historic=building,way,1531060527,2.194986,102.255175,Melaka,04,Melaka Tengah,03,,,,,
OSM_way_1531333925,Unnamed Historic Site (Building),,,Historic Site (Building),historic=building,way,1531333925,2.192653,102.254153,Melaka,04,Melaka Tengah,03,,,,,
OSM_way_1531575006,Unnamed Historic Site (Building),,,Historic Site (Building),historic=building,way,1531575006,2.192693,102.252778,Melaka,04,Melaka Tengah,03,,,,,
OSM_way_1531575007,Unnamed Historic Site (Building),,,Historic Site (Building),historic=building,way,1531575007,2.19269,102.252821,Melaka,04,Melaka Tengah,03,,,,,
OSM_way_1531575008,Unnamed Historic Site (Building),,,Historic Site (Building),historic=building,way,1531575008,2.192687,102.252863,Melaka,04,Melaka Tengah,03,,,,,
OSM_way_1531575009,Unnamed Historic Site (Building),,,Historic Site (Building),historic=building,way,1531575009,2.192641,102.253272,Melaka,04,Melaka Tengah,03,,,,,
OSM_way_1531575010,Unnamed Historic Site (Building),,,Historic Site (Building),historic=building,way,1531575010,2.192644,102.253225,Melaka,04,Melaka Tengah,03,,,,,
OSM_way_1531575011,Unnamed Historic Site (Building),,,Historic Site (Building),historic=building,way,1531575011,2.192647,102.25318,Melaka,04,Melaka Tengah,03,,,,,
OSM_way_1531575012,Unnamed Historic Site (Building),,,Historic Site (Building),historic=building,way,1531575012,2.19265,102.253132,Melaka,04,Melaka Tengah,03,,,,,
OSM_way_1531575013,Unnamed Historic Site (Building),,,Historic Site (Building),historic=building,way,1531575013,2.192653,102.253086,Melaka,04,Melaka Tengah,03,,,,,
OSM_way_1531862381,Unnamed Historic Site (Building),,,Historic Site (Building),historic=building,way,1531862381,2.19536,102.252598,Melaka,04,Melaka Tengah,03,,,,,
OSM_way_1531862382,Unnamed Historic Site (Building),,,Historic Site (Building),historic=building,way,1531862382,2.195331,102.252636,Melaka,04,Melaka Tengah,03,,,,,
OSM_way_1531862383,Unnamed Historic Site (Building),,,Historic Site (Building),historic=building,way,1531862383,2.195327,102.252681,Melaka,04,Melaka Tengah,03,,,,,
OSM_way_1531862384,Unnamed Historic Site (Building),,,Historic Site (Building),historic=building,way,1531862384,2.195301,102.252712,Melaka,04,Melaka Tengah,03,,,,,
OSM_way_1531862385,Unnamed Historic Site (Building),,,Historic Site (Building),historic=building,way,1531862385,2.195285,102.252749,Melaka,04,Melaka Tengah,03,,,,,
OSM_way_1531862386,Unnamed Historic Site (Building),,,Historic Site (Building),historic=building,way,1531862386,2.195268,102.252786,Melaka,04,Melaka Tengah,03,,,,,
OSM_way_1531862387,Unnamed Historic Site (Building),,,Historic Site (Building),historic=building,way,1531862387,2.195261,102.252827,Melaka,04,Melaka Tengah,03,,,,,
OSM_way_1531862388,Unnamed Historic Site (Building),,,Historic Site (Building),historic=building,way,1531862388,2.195229,102.252857,Melaka,04,Melaka Tengah,03,,,,,
OSM_way_1531862389,Unnamed Historic Site (Building),,,Historic Site (Building),historic=building,way,1531862389,2.19522,102.252899,Melaka,04,Melaka Tengah,03,,,,,
OSM_way_1531862390,Unnamed Historic Site (Building),,,Historic Site (Building),historic=building,way,1531862390,2.195199,102.252935,Melaka,04,Melaka Tengah,03,,,,,
OSM_way_1531862391,Unnamed Historic Site (Building),,,Historic Site (Building),historic=building,way,1531862391,2.195183,102.252972,Melaka,04,Melaka Tengah,03,,,,,
OSM_way_1531862392,Unnamed Historic Site (Building),,,Historic Site (Building),historic=building,way,1531862392,2.195172,102.253008,Melaka,04,Melaka Tengah,03,,,,,
OSM_way_1531862393,Unnamed Historic Site (Building),,,Historic Site (Building),historic=building,way,1531862393,2.195156,102.253043,Melaka,04,Melaka Tengah,03,,,,,
OSM_way_1531862394,Unnamed Historic Site (Building),,,Historic Site (Building),historic=building,way,1531862394,2.195139,102.253081,Melaka,04,Melaka Tengah,03,,,,,
OSM_way_1531862395,Unnamed Historic Site (Building),,,Historic Site (Building),historic=building,way,1531862395,2.19495,102.253484,Melaka,04,Melaka Tengah,03,,,,,
OSM_way_1531862396,Unnamed Historic Site (Building),,,Historic Site (Building),historic=building,way,1531862396,2.194961,102.253434,Melaka,04,Melaka Tengah,03,,,,,
OSM_way_1531862397,Unnamed Historic Site (Building),,,Historic Site (Building),historic=building,way,1531862397,2.194971,102.253389,Melaka,04,Melaka Tengah,03,,,,,
OSM_way_1531862398,Unnamed Historic Site (Building),,,Historic Site (Building),historic=building,way,1531862398,2.195024,102.253366,Melaka,04,Melaka Tengah,03,,,,,
OSM_way_1531862399,Unnamed Historic Site (Building),,,Historic Site (Building),historic=building,way,1531862399,2.194996,102.2533,Melaka,04,Melaka Tengah,03,,,,,
OSM_way_1531862400,Unnamed Historic Site (Building),,,Historic Site (Building),historic=building,way,1531862400,2.195061,102.253278,Melaka,04,Melaka Tengah,03,,,,,
OSM_way_1531862401,Unnamed Historic Site (Building),,,Historic Site (Building),historic=building,way,1531862401,2.194935,102.253536,Melaka,04,Melaka Tengah,03,,,,,
OSM_way_1531862402,Unnamed Historic Site (Building),,,Historic Site (Building),historic=building,way,1531862402,2.194933,102.253592,Melaka,04,Melaka Tengah,03,,,,,
OSM_way_1531876116,Unnamed Historic Site (Building),,,Historic Site (Building),historic=building,way,1531876116,2.195155,102.252509,Melaka,04,Melaka Tengah,03,,,,,
OSM_way_1531876117,Unnamed Historic Site (Building),,,Historic Site (Building),historic=building,way,1531876117,2.195192,102.252526,Melaka,04,Melaka Tengah,03,,,,,
OSM_way_1532204459,Unnamed Historic Site (Building),,,Historic Site (Building),historic=building,way,1532204459,2.193089,102.252543,Melaka,04,Melaka Tengah,03,,,,,
OSM_way_1532639216,Unnamed Historic Site (Building),,,Historic Site (Building),historic=building,way,1532639216,2.195339,102.254748,Melaka,04,Melaka Tengah,03,,,,,
OSM_way_1532639217,Unnamed Historic Site (Building),,,Historic Site (Building),historic=building,way,1532639217,2.195344,102.254789,Melaka,04,Melaka Tengah,03,,,,,
OSM_way_1532639218,Unnamed Historic Site (Building),,,Historic Site (Building),historic=building,way,1532639218,2.195349,102.254831,Melaka,04,Melaka Tengah,03,,,,,
OSM_way_1532639219,Unnamed Historic Site (Building),,,Historic Site (Building),historic=building,way,1532639219,2.195354,102.254873,Melaka,04,Melaka Tengah,03,,,,,
OSM_way_1532658296,Unnamed Historic Site (Building),,,Historic Site (Building),historic=building,way,1532658296,2.195237,102.254647,Melaka,04,Melaka Tengah,03,,,,,
OSM_way_1532658297,Unnamed Historic Site (Building),,,Historic Site (Building),historic=building,way,1532658297,2.195231,102.254599,Melaka,04,Melaka Tengah,03,,,,,
OSM_way_1532668129,Unnamed Historic Site (Building),,,Historic Site (Building),historic=building,way,1532668129,2.195263,102.253791,Melaka,04,Melaka Tengah,03,,,,,
OSM_way_1532668130,Unnamed Historic Site (Building),,,Historic Site (Building),historic=building,way,1532668130,2.195246,102.253844,Melaka,04,Melaka Tengah,03,,,,,
OSM_way_1532672597,Unnamed Historic Site (Building),,,Historic Site (Building),historic=building,way,1532672597,2.195363,102.253451,Melaka,04,Melaka Tengah,03,,,,,
OSM_way_1532936414,Unnamed Historic Site (Building),,,Historic Site (Building),historic=building,way,1532936414,2.196415,102.253417,Melaka,04,Melaka Tengah,03,,,,,
OSM_way_1532936415,Unnamed Historic Site (Building),,,Historic Site (Building),historic=building,way,1532936415,2.196396,102.253523,Melaka,04,Melaka Tengah,03,,,,,
OSM_way_1532936416,Unnamed Historic Site (Building),,,Historic Site (Building),historic=building,way,1532936416,2.196384,102.253575,Melaka,04,Melaka Tengah,03,,,,,
OSM_way_1532936417,Unnamed Historic Site (Building),,,Historic Site (Building),historic=building,way,1532936417,2.196349,102.253622,Melaka,04,Melaka Tengah,03,,,,,
OSM_way_1532936418,Unnamed Historic Site (Building),,,Historic Site (Building),historic=building,way,1532936418,2.196296,102.253956,Melaka,04,Melaka Tengah,03,,,,,
OSM_way_1532936419,Unnamed Historic Site (Building),,,Historic Site (Building),historic=building,way,1532936419,2.196286,102.254006,Melaka,04,Melaka Tengah,03,,,,,
OSM_way_1532994568,Unnamed Historic Site (Building),,,Historic Site (Building),historic=building,way,1532994568,2.196292,102.253102,Melaka,04,Melaka Tengah,03,,,,,
OSM_way_1532996615,Unnamed Historic Site (Building),,,Historic Site (Building),historic=building,way,1532996615,2.195673,102.252815,Melaka,04,Melaka Tengah,03,,,,,
OSM_way_1532996616,Unnamed Historic Site (Building),,,Historic Site (Building),historic=building,way,1532996616,2.195708,102.252831,Melaka,04,Melaka Tengah,03,,,,,
OSM_way_1537869023,Unnamed Historic Site (Building),,,Historic Site (Building),historic=building,way,1537869023,2.195447,102.259299,Melaka,04,Melaka Tengah,03,,,,,
OSM_way_1537869024,Unnamed Historic Site (Building),,,Historic Site (Building),historic=building,way,1537869024,2.195331,102.259536,Melaka,04,Melaka Tengah,03,,,,,
OSM_way_1537869025,Unnamed Historic Site (Building),,,Historic Site (Building),historic=building,way,1537869025,2.195363,102.259458,Melaka,04,Melaka Tengah,03,,,,,
OSM_way_1544750975,Unnamed Historic Site (Building),,,Historic Site (Building),historic=building,way,1544750975,2.196416,102.252774,Melaka,04,Melaka Tengah,03,,,,,
OSM_way_1544750976,Unnamed Historic Site (Building),,,Historic Site (Building),historic=building,way,1544750976,2.196378,102.252755,Melaka,04,Melaka Tengah,03,,,,,
OSM_way_1544750977,Unnamed Historic Site (Building),,,Historic Site (Building),historic=building,way,1544750977,2.196341,102.252735,Melaka,04,Melaka Tengah,03,,,,,
OSM_way_1544750978,Unnamed Historic Site (Building),,,Historic Site (Building),historic=building,way,1544750978,2.196304,102.252716,Melaka,04,Melaka Tengah,03,,,,,
OSM_way_1545081048,Unnamed Historic Site (Building),,,Historic Site (Building),historic=building,way,1545081048,2.196397,102.251682,Melaka,04,Melaka Tengah,03,,,,,
OSM_way_1545081049,Unnamed Historic Site (Building),,,Historic Site (Building),historic=building,way,1545081049,2.196351,102.251666,Melaka,04,Melaka Tengah,03,,,,,
OSM_way_1545081050,Unnamed Historic Site (Building),,,Historic Site (Building),historic=building,way,1545081050,2.196305,102.25165,Melaka,04,Melaka Tengah,03,,,,,
OSM_way_1545081053,Unnamed Historic Site (Building),,,Historic Site (Building),historic=building,way,1545081053,2.196582,102.251747,Melaka,04,Melaka Tengah,03,,,,,
OSM_way_1545081054,Unnamed Historic Site (Building),,,Historic Site (Building),historic=building,way,1545081054,2.196628,102.251763,Melaka,04,Melaka Tengah,03,,,,,
OSM_way_1545081055,Unnamed Historic Site (Building),,,Historic Site (Building),historic=building,way,1545081055,2.196674,102.251779,Melaka,04,Melaka Tengah,03,,,,,
OSM_way_1545081056,Unnamed Historic Site (Building),,,Historic Site (Building),historic=building,way,1545081056,2.19672,102.251796,Melaka,04,Melaka Tengah,03,,,,,
OSM_way_1545081057,Unnamed Historic Site (Building),,,Historic Site (Building),historic=building,way,1545081057,2.196766,102.251812,Melaka,04,Melaka Tengah,03,,,,,
OSM_way_1545081058,Unnamed Historic Site (Building),,,Historic Site (Building),historic=building,way,1545081058,2.196812,102.251828,Melaka,04,Melaka Tengah,03,,,,,
OSM_way_1545081059,Unnamed Historic Site (Building),,,Historic Site (Building),historic=building,way,1545081059,2.196997,102.251893,Melaka,04,Melaka Tengah,03,,,,,
OSM_way_1545081060,Unnamed Historic Site (Building),,,Historic Site (Building),historic=building,way,1545081060,2.19695,102.251877,Melaka,04,Melaka Tengah,03,,,,,
OSM_way_1546650207,Unnamed Historic Site (Building),,,Historic Site (Building),historic=building,way,1546650207,2.19686,102.253322,Melaka,04,Melaka Tengah,03,,,,,
OSM_way_1546650208,Unnamed Historic Site (Building),,,Historic Site (Building),historic=building,way,1546650208,2.196849,102.25336,Melaka,04,Melaka Tengah,03,,,,,
OSM_way_1422283014,Wah Teck Keong,Wah Teck Keong,Wah Teck Keong,Historic Site (Building),historic=building,way,1422283014,2.198297,102.245688,Melaka,04,Melaka Tengah,03,,,,,
OSM_way_1421928554,Yong Chuan Tian Temple,,,Historic Site (Building),historic=building,way,1421928554,2.189483,102.258285,Melaka,04,Melaka Tengah,03,,,,,
OSM_way_1421930309,怡力觀音堂,,,Historic Site (Building),historic=building,way,1421930309,2.188722,102.259324,Melaka,04,Melaka Tengah,03,,,,,
OSM_way_1532994567,惠安公會,Whee Ann Association,,Historic Site (Building),historic=building,way,1532994567,2.196234,102.253076,Melaka,04,Melaka Tengah,03,,,,,
OSM_way_1532998032,楊氏宗祠,,,Historic Site (Building),historic=building,way,1532998032,2.195629,102.252795,Melaka,04,Melaka Tengah,03,,,,,
OSM_node_12162304383,Istana Melaka,,,Historic Site (Castle),historic=castle,node,12162304383,2.24048,102.283882,Melaka,04,Melaka Tengah,03,,,,,
OSM_way_599113639,Kota A Famosa,A Famosa Fortress,,Historic Site (Castle),historic=castle,way,599113639,2.192404,102.249619,Melaka,04,Melaka Tengah,03,,,,,
OSM_way_945813625,Kota St. John,St. John's Fort,Kubu St. John,Historic Site (Castle),historic=castle,way,945813625,2.189356,102.264258,Melaka,04,Melaka Tengah,03,,,,,
OSM_way_599113640,Porta de Santiago,,,Historic Site (Castle),historic=castle,way,599113640,2.19188,102.250238,Melaka,04,Melaka Tengah,03,,,,,
OSM_way_1533948296,Jirat Cina Bukit Cina,,Jirat Cina Bukit Cina,Historic Site (Cemetery),historic=cemetery,way,1533948296,2.195328,102.264125,Melaka,04,Melaka Tengah,03,,,,,
OSM_way_1527852890,华人甲必丹李为经之古墓,,Kubur Kapitan China Li Wei King,Historic Site (Cemetery),historic=cemetery,way,1527852890,2.193751,102.258019,Melaka,04,Melaka Tengah,03,,,,,
OSM_way_104954179,Saint Francis Xavier Church,,,Historic Site (Church),historic=church,way,104954179,2.195133,102.250636,Melaka,04,Melaka Tengah,03,,,,,
OSM_way_1420682217,Unnamed Historic Site (House),,,Historic Site (House),historic=house,way,1420682217,2.187728,102.265992,Melaka,04,Melaka Tengah,03,,,,,
OSM_node_5273035587,Unnamed Historic Site (Locomotive),,,Historic Site (Locomotive),historic=locomotive,node,5273035587,2.191671,102.248662,Melaka,04,Melaka Tengah,03,,,,,
OSM_way_286023454,Makam Hang Jebat,Hang Jebat's Mausoleum,Makam Hang Jebat,Historic Site (Memorial),historic=memorial,way,286023454,2.196614,102.248708,Melaka,04,Melaka Tengah,03,,,,,
OSM_node_6572417385,"Melaka, Malaysia Independent Area by Tunku Abdul Rahman","Melaka, Malaysia Independent Area by Tunku Abdul Rahman",,Historic Site (Memorial),historic=memorial,node,6572417385,2.1917,102.250339,Melaka,04,Melaka Tengah,03,,,,,
OSM_node_6517812687,The Eng Choon Communal Ritual Tomb,The Eng Choon Communal Ritual Tomb,,Historic Site (Memorial),historic=memorial,node,6517812687,2.198556,102.257116,Melaka,04,Melaka Tengah,03,,,,,
OSM_node_11636600624,Unnamed Historic Site (Memorial),,,Historic Site (Memorial),historic=memorial,node,11636600624,2.19152,102.248648,Melaka,04,Melaka Tengah,03,,,,,
OSM_node_8945893688,#Sungai Udang,,,Historic Site (Monument),historic=monument,node,8945893688,2.282811,102.134461,Melaka,04,Melaka Tengah,03,,,,,
OSM_node_6113792459,Aeroplane,Aeroplane,,Historic Site (Monument),historic=monument,node,6113792459,2.22751,102.266182,Melaka,04,Melaka Tengah,03,,,,,
OSM_way_1419889651,Chee Ancestral Mansion,Chee Ancestral Mansion,,Historic Site (Monument),historic=monument,way,1419889651,2.195998,102.244932,Melaka,04,Melaka Tengah,03,,,,,
OSM_node_12455522617,Malaya Independence Memorial,Malaya Independence Memorial,,Historic Site (Monument),historic=monument,node,12455522617,2.191266,102.250071,Melaka,04,Melaka Tengah,03,,,,,
OSM_way_1419914017,Melaka Anti Japanese Memorial,Melaka Anti Japanese Memorial,Tugu Pahlawan-Pahlawan Melaka Untuk Mangsa-Mangsa Cina Akibat Menentang Penjajahan Jepun,Historic Site (Monument),historic=monument,way,1419914017,2.195641,102.255427,Melaka,04,Melaka Tengah,03,,,,,
OSM_node_12704772902,Shore Sky Tower,Shore Sky Tower,,Historic Site (Monument),historic=monument,node,12704772902,2.202626,102.249587,Melaka,04,Melaka Tengah,03,,,,,
OSM_way_103942675,Tan Beng Swee Clock Tower,Tan Beng Swee Clock Tower,,Historic Site (Monument),historic=monument,way,103942675,2.194313,102.248871,Melaka,04,Melaka Tengah,03,,,,,
OSM_way_104954180,Unnamed Historic Site (Railway),,,Historic Site (Railway),historic=railway,way,104954180,2.191682,102.248685,Melaka,04,Melaka Tengah,03,,,,,
OSM_way_388809876,Bastion Middleburg,Bastion Middleburg,,Historic Site (Ruins),historic=ruins,way,388809876,2.19408,102.248155,Melaka,04,Melaka Tengah,03,,,,,
OSM_way_1293060214,Bastion Victoria,Bastion Victoria,,Historic Site (Ruins),historic=ruins,way,1293060214,2.195645,102.25044,Melaka,04,Melaka Tengah,03,,,,,
OSM_node_11636600627,Ruins of Bastion Maurits,,,Historic Site (Ruins),historic=ruins,node,11636600627,2.191511,102.248506,Melaka,04,Melaka Tengah,03,,,,,
OSM_way_170829535,Saint Paul's Church,St. Paul Church,,Historic Site (Ruins),historic=ruins,way,170829535,2.192649,102.249621,Melaka,04,Melaka Tengah,03,,,,no,
OSM_node_4576375890,Santiago Bastion Ruins,Santiago Bastion Ruins,,Historic Site (Ruins),historic=ruins,node,4576375890,2.191376,102.24983,Melaka,04,Melaka Tengah,03,,,,,
OSM_node_12633158584,The Jetty (Ruins),The Jetty (Ruins),,Historic Site (Ruins),historic=ruins,node,12633158584,2.186244,102.247663,Melaka,04,Melaka Tengah,03,,,,,
OSM_way_170829539,Unnamed Historic Site (Ruins),,,Historic Site (Ruins),historic=ruins,way,170829539,2.193625,102.248124,Melaka,04,Melaka Tengah,03,,,,,
OSM_way_284373038,Unnamed Historic Site (Ruins),,,Historic Site (Ruins),historic=ruins,way,284373038,2.19598,102.249347,Melaka,04,Melaka Tengah,03,,,,,
OSM_node_5703730934,Replica Flor de la Mar,Replica Flor de la Mar,,Historic Site (Ship),historic=ship,node,5703730934,2.192001,102.246553,Melaka,04,Melaka Tengah,03,,,,,
OSM_node_11899999234,Unnamed Historic Site (Ship),,,Historic Site (Ship),historic=ship,node,11899999234,2.191105,102.246561,Melaka,04,Melaka Tengah,03,,,,,
OSM_way_104350374,Sri Poyyatha Vinayagar Moorthi Temple,Sri Poyyatha Vinayagar Moorthi Temple,,Historic Site (Temple),historic=temple,way,104350374,2.19649,102.247712,Melaka,04,Melaka Tengah,03,,,,,
OSM_way_1422597716,Hang Kasturi Tomb,Hang Kasturi Tomb,,Historic Site (Tomb),historic=tomb,way,1422597716,2.197277,102.246083,Melaka,04,Melaka Tengah,03,,,,,
OSM_way_1422597717,Unnamed Historic Site (Tomb),,,Historic Site (Tomb),historic=tomb,way,1422597717,2.196656,102.248724,Melaka,04,Melaka Tengah,03,,,,,
OSM_node_11636600626,Fireman Car,,,Historic Site (Vehicle),historic=vehicle,node,11636600626,2.191418,102.248518,Melaka,04,Melaka Tengah,03,,,,,
OSM_node_11636762050,Kereta Bomba Lama,Old fire engine truck,Kereta Bomba Lama,Historic Site (Vehicle),historic=vehicle,node,11636762050,2.19372,102.248887,Melaka,04,Melaka Tengah,03,,,,,
OSM_node_11636762049,Oliver,Oliver,,Historic Site (Vehicle),historic=vehicle,node,11636762049,2.193766,102.248883,Melaka,04,Melaka Tengah,03,,,,,
OSM_way_574682892,Unnamed Historic Site (Wayside Shrine),,,Historic Site (Wayside Shrine),historic=wayside_shrine,way,574682892,2.253277,102.306566,Melaka,04,Melaka Tengah,03,,,,,
OSM_way_574682893,Unnamed Historic Site (Wayside Shrine),,,Historic Site (Wayside Shrine),historic=wayside_shrine,way,574682893,2.25411,102.304099,Melaka,04,Melaka Tengah,03,,,,,
OSM_way_574682899,Unnamed Historic Site (Wayside Shrine),,,Historic Site (Wayside Shrine),historic=wayside_shrine,way,574682899,2.256642,102.306364,Melaka,04,Melaka Tengah,03,,,,,
OSM_way_574682901,Unnamed Historic Site (Wayside Shrine),,,Historic Site (Wayside Shrine),historic=wayside_shrine,way,574682901,2.25695,102.306705,Melaka,04,Melaka Tengah,03,,,,,
OSM_way_1468706285,Unnamed Historic Site (Wayside Shrine),,,Historic Site (Wayside Shrine),historic=wayside_shrine,way,1468706285,2.191386,102.259627,Melaka,04,Melaka Tengah,03,,,,,
OSM_way_1525145238,Unnamed Historic Site (Wayside Shrine),,,Historic Site (Wayside Shrine),historic=wayside_shrine,way,1525145238,2.189904,102.257997,Melaka,04,Melaka Tengah,03,,,,,
OSM_node_13700552585,Unnamed Historic Site (Wreck),,,Historic Site (Wreck),historic=wreck,node,13700552585,2.173249,102.262662,Melaka,04,Melaka Tengah,03,,,,,
OSM_node_4641672490,Buddha Relics Museum,Buddha Relics Museum,,Museum,tourism=museum,node,4641672490,2.197199,102.247452,Melaka,04,Melaka Tengah,03,,,,,
OSM_node_4576375889,Cheng Ho Cultural Museum,Cheng Ho Cultural Museum,,Museum,tourism=museum,node,4576375889,2.195334,102.248678,Melaka,04,Melaka Tengah,03,,,,,
OSM_node_2643062863,Democratic Government Museum,Democratic Government Museum,,Museum,tourism=museum,node,2643062863,2.193031,102.249004,Melaka,04,Melaka Tengah,03,,,,,
OSM_way_1420921402,Galeri Warisan Portugis,Portuguese Heritage Gallery,Galeri Warisan Portugis,Museum,tourism=museum,way,1420921402,2.18396,102.26655,Melaka,04,Melaka Tengah,03,,06-2826526,,,
OSM_node_13689085168,Malacca Stories Hall,Malacca Stories Hall,,Museum,tourism=museum,node,13689085168,2.200885,102.24653,Melaka,04,Melaka Tengah,03,https://www.facebook.com/MalaccaStoriesHall/,,,,
OSM_node_2883322211,Malaqa House,Malaqa House,,Museum,tourism=museum,node,2883322211,2.195888,102.245971,Melaka,04,Melaka Tengah,03,,,,,
OSM_node_13900982231,Malaysia China Wangkang Museum,Malaysia China Wangkang Museum,,Museum,tourism=museum,node,13900982231,2.189232,102.258162,Melaka,04,Melaka Tengah,03,,+60 16 6812826,,,
OSM_node_11987376589,Muzium Belia Melaka,Melaka Youth Museum,,Museum,tourism=museum,node,11987376589,2.194609,102.24947,Melaka,04,Melaka Tengah,03,,,,,
OSM_way_321953099,Muzium Dunia Melayu Dunia Islam,Malay and Islamic World Museum,Muzium Dunia Melayu Dunia Islam,Museum,tourism=museum,way,321953099,2.191661,102.249796,Melaka,04,Melaka Tengah,03,,,,,
OSM_way_170829530,Muzium Islam Melaka,Melaka Islamic Museum,,Museum,tourism=museum,way,170829530,2.192433,102.248672,Melaka,04,Melaka Tengah,03,,,,,
OSM_way_599121850,Muzium Istana Kesultanan Melayu Melaka,Melaka Sultanate Palace Museum,,Museum,tourism=museum,way,599121850,2.192819,102.25044,Melaka,04,Melaka Tengah,03,,,"Sa-Th 09:00-17:00; Fr 09:00-12:15, 14:45-17:00",yes,
OSM_way_170830686,Muzium Jabatan Kastam Diraja Malaysia,Royal Malaysian Customs Department Museum,,Museum,tourism=museum,way,170830686,2.192609,102.247072,Melaka,04,Melaka Tengah,03,,,,,
OSM_way_1314692839,Muzium Kapal Selam,Submarine Museum,,Museum,tourism=museum,way,1314692839,2.211007,102.197286,Melaka,04,Melaka Tengah,03,https://www.perzim.gov.my/,,Mo-Th 09:00-17:30; Fr-Su 09:00-18:30,,
OSM_node_1331046096,Muzium Kecantikan,Museum of Enduring Beauty,,Museum,tourism=museum,node,1331046096,2.191648,102.249167,Melaka,04,Melaka Tengah,03,,,,,
OSM_node_1331046133,Muzium Layang-layang,Kite Museum,,Museum,tourism=museum,node,1331046133,2.191691,102.249081,Melaka,04,Melaka Tengah,03,,,,,
OSM_way_1293044456,Muzium Pendidikan,Education Museum,Muzium Pendidikan,Museum,tourism=museum,way,1293044456,2.193993,102.249866,Melaka,04,Melaka Tengah,03,,,,,
OSM_way_905284499,Muzium Penjara Malaysia,Malaysia Prison Museum,,Museum,tourism=museum,way,905284499,2.188399,102.26281,Melaka,04,Melaka Tengah,03,,,,,
OSM_node_4806246591,Muzium Pulau Besar,Pulau Besar Museum,Muzium Pulau Besar,Museum,tourism=museum,node,4806246591,2.113648,102.333396,Melaka,04,Melaka Tengah,03,,,09:00-17:00,,yes
OSM_way_1293044485,Muzium Rakyat,People's Meseum,,Museum,tourism=museum,way,1293044485,2.191669,102.24919,Melaka,04,Melaka Tengah,03,,,,,
OSM_way_170830684,Muzium Samudera,Maritime Museum,Muzium Samudera,Museum,tourism=museum,way,170830684,2.191795,102.246401,Melaka,04,Melaka Tengah,03,,+60 6 282 6526,Mo-Th 09:00-17:00; Fr-Su 09:00-19:00,yes,
OSM_way_1251888429,Muzium Sastera Melaka,Melaka Literature Museum,,Museum,tourism=museum,way,1251888429,2.193773,102.249596,Melaka,04,Melaka Tengah,03,,,,,
OSM_node_11987288890,Muzium Sejarah dan Ethnografi,History and Ethnography Museum,Muzium Sejarah dan Ethnografi,Museum,tourism=museum,node,11987288890,2.193784,102.249094,Melaka,04,Melaka Tengah,03,,,,,
OSM_way_170829541,Muzium Senibina Malaysia,Malaysia Architecture Museum,,Museum,tourism=museum,way,170829541,2.192706,102.24854,Melaka,04,Melaka Tengah,03,,,,no,
OSM_node_1331046128,Muzium Setem Melaka,Melaka Stamp Museum,,Museum,tourism=museum,node,1331046128,2.191545,102.249466,Melaka,04,Melaka Tengah,03,,,,,
OSM_way_244141383,Muzium Tentera Laut Diraja Malaysia,Royal Malaysian Navy Museum,Muzium Tentera Laut Diraja Malaysia,Museum,tourism=museum,way,244141383,2.191372,102.246714,Melaka,04,Melaka Tengah,03,,+60 6 283 0926,Mo-Su 09:00-17:30; Fr 12:15-14:45 closed,,
OSM_way_170829526,Muzium UMNO Melaka,Malacca UMNO Museum,Muzium UMNO Melaka,Museum,tourism=museum,way,170829526,2.191937,102.248874,Melaka,04,Melaka Tengah,03,,,,,
OSM_node_2643068114,Muzium Warisan Baba Dan Nyonya,Baba and Nyonya House,Muzium Warisan Baba Dan Nyonya,Museum,tourism=museum,node,2643068114,2.195334,102.246725,Melaka,04,Melaka Tengah,03,https://www.babanyonyamuseum.com/,+606-283 1273,"Mo-Th 10:00-13:00, 14:00-17:00; Fr-Su 09:45-16:30",yes,
OSM_way_599121851,Muzium Yang di-Pertua Negeri Melaka,Governor's Museum,,Museum,tourism=museum,way,599121851,2.193091,102.249855,Melaka,04,Melaka Tengah,03,,,,,
OSM_node_8591792101,Persatuan Peminat Lukisan Dan Kaligrafi Sim,Sim Mow Yu's Calligraphy Museum,Persatuan Peminat Lukisan Dan Kaligrafi Sim,Museum,tourism=museum,node,8591792101,2.194577,102.256476,Melaka,04,Melaka Tengah,03,https://smymuseum.org.my/,+60 6 2810470,,yes,
OSM_way_321953100,Proclamation of Independence Memorial,Proclamation of Independence Memorial,,Museum,tourism=museum,way,321953100,2.191911,102.250892,Melaka,04,Melaka Tengah,03,,,,,
OSM_way_354761088,Stadthuys,Stadthuys,,Museum,tourism=museum,way,354761088,2.19393,102.249351,Melaka,04,Melaka Tengah,03,,,,yes,
OSM_node_2645016490,UM Cultural & Heritage Research Centre,UM Cultural & Heritage Research Centre,,Museum,tourism=museum,node,2645016490,2.194756,102.247536,Melaka,04,Melaka Tengah,03,,,,,
OSM_way_1242593907,Malaysia Heritage Studios,,,Theme Park,tourism=theme_park,way,1242593907,2.282026,102.303514,Melaka,04,Melaka Tengah,03,https://www.malaysiaheritagestudios.com/,+60 6 234 9989,Mo-Fr 09:00-17:30; Sa-Su 09:00-18:00,,
OSM_way_506605712,Melaka Wonderland Theme Park & Resort,,,Theme Park,tourism=theme_park,way,506605712,2.281985,102.295437,Melaka,04,Melaka Tengah,03,https://www.melakawonderland.com.my/,+60 6-231 3333,,,
OSM_node_13900546101,Mocity Cosmic Park,,,Theme Park,tourism=theme_park,node,13900546101,2.212189,102.208946,Melaka,04,Melaka Tengah,03,,,,,
OSM_way_1062635962,UK Fun Park,,,Theme Park,tourism=theme_park,way,1062635962,2.21343,102.192825,Melaka,04,Melaka Tengah,03,,,,,
OSM_way_170830704,Unnamed Theme Park,,,Theme Park,tourism=theme_park,way,170830704,2.201042,102.249344,Melaka,04,Melaka Tengah,03,,,,,
OSM_node_11013379507,Best Sunset Point (Besides The Mosque),Best Sunset Point (Besides The Mosque),,Viewpoint,tourism=viewpoint,node,11013379507,2.180916,102.243861,Melaka,04,Melaka Tengah,03,,,,,
OSM_node_10076140394,Fotografi Panorama,,,Viewpoint,tourism=viewpoint,node,10076140394,2.192649,102.249009,Melaka,04,Melaka Tengah,03,,,,,
OSM_node_13700552584,Mudskippers,,,Viewpoint,tourism=viewpoint,node,13700552584,2.180884,102.256012,Melaka,04,Melaka Tengah,03,,,,,
OSM_node_4196250393,Oceanfront,Oceanfront,,Viewpoint,tourism=viewpoint,node,4196250393,2.185819,102.239688,Melaka,04,Melaka Tengah,03,,,,,
OSM_node_7057503886,Quay,Quay,,Viewpoint,tourism=viewpoint,node,7057503886,2.195223,102.249244,Melaka,04,Melaka Tengah,03,,,,,
OSM_node_4761754623,Sunset Viewpoint,Sunset Viewpoint,,Viewpoint,tourism=viewpoint,node,4761754623,2.1987,102.257029,Melaka,04,Melaka Tengah,03,,,,,
OSM_node_4288731890,Unnamed Viewpoint,,,Viewpoint,tourism=viewpoint,node,4288731890,2.192631,102.249439,Melaka,04,Melaka Tengah,03,,,,,
OSM_node_5144064538,Unnamed Viewpoint,,,Viewpoint,tourism=viewpoint,node,5144064538,2.243339,102.282296,Melaka,04,Melaka Tengah,03,,,,,
OSM_node_5607383421,Unnamed Viewpoint,,,Viewpoint,tourism=viewpoint,node,5607383421,2.17831,102.249994,Melaka,04,Melaka Tengah,03,,,,,
OSM_node_7818393254,Unnamed Viewpoint,,,Viewpoint,tourism=viewpoint,node,7818393254,2.179494,102.248327,Melaka,04,Melaka Tengah,03,,,,,
OSM_node_7955279681,Unnamed Viewpoint,,,Viewpoint,tourism=viewpoint,node,7955279681,2.200659,102.180124,Melaka,04,Melaka Tengah,03,,,,,
OSM_node_11011481405,Unnamed Viewpoint,,,Viewpoint,tourism=viewpoint,node,11011481405,2.198561,102.248504,Melaka,04,Melaka Tengah,03,,,,,
OSM_node_11011481505,Unnamed Viewpoint,,,Viewpoint,tourism=viewpoint,node,11011481505,2.197692,102.248858,Melaka,04,Melaka Tengah,03,,,,,
OSM_node_5363164532,旺角,,,Viewpoint,tourism=viewpoint,node,5363164532,2.204298,102.253231,Melaka,04,Melaka Tengah,03,,,,,
OSM_way_574727361,Bayou Lagon Park Resort,,,Water Park,leisure=water_park,way,574727361,2.242288,102.306326,Melaka,04,Melaka Tengah,03,,,,,
OSM_way_574727360,Gold Coast International Resort,Gold Coast International Resort,,Water Park,leisure=water_park,way,574727360,2.242518,102.304618,Melaka,04,Melaka Tengah,03,,,,,
OSM_way_506605715,Unnamed Water Park,,,Water Park,leisure=water_park,way,506605715,2.282824,102.295273,Melaka,04,Melaka Tengah,03,,,,,
OSM_way_649775152,Melaka Bird Park,,,Zoo,tourism=zoo,way,649775152,2.28517,102.294349,Melaka,04,Melaka Tengah,03,,+60 6 233 0333,Mo-Su 09:00-18:00,,
OSM_node_6097143531,Night Safari,Night Safari,,Zoo,tourism=zoo,node,6097143531,2.276646,102.298917,Melaka,04,Melaka Tengah,03,,,Fr-Sa 20:00-23:00,,
OSM_way_913068545,Taman Buaya Melaka,Melaka Crocodile Farm,Taman Buaya Melaka,Zoo,tourism=zoo,way,913068545,2.277299,102.297084,Melaka,04,Melaka Tengah,03,,,,,
OSM_way_1224403290,Zoo Melaka,Malacca Zoo,Zoo Melaka,Zoo,tourism=zoo,way,1224403290,2.277639,102.301718,Melaka,04,Melaka Tengah,03,,,Mo-Su 08:30-17:30,,
OSM_node_13518023845,Meriam Dato Undang Abdullah,,,Historic Site (Cannon),historic=cannon,node,13518023845,2.942443,102.081287,Negeri Sembilan,05,Jelebu,01,,,,,
OSM_node_13518351147,Kubur Kadi Padang Genting,,,Historic Site (Tomb),historic=tomb,node,13518351147,2.93885,102.074404,Negeri Sembilan,05,Jelebu,01,,,,,
OSM_way_1381588699,Makam Sejarah Jelebu,Jelebu Historical Tomb Complex,,Historic Site (Tomb),historic=tomb,way,1381588699,2.919227,102.08196,Negeri Sembilan,05,Jelebu,01,,,,,
OSM_node_13518352915,Makham Moyang Salley,,,Historic Site (Tomb),historic=tomb,node,13518352915,2.942262,102.080846,Negeri Sembilan,05,Jelebu,01,,,,,
OSM_node_4663292640,南无阿弥佗佛,,,Historic Site (Tomb),historic=tomb,node,4663292640,3.00124,102.078756,Negeri Sembilan,05,Jelebu,01,,,,,
OSM_node_4663174515,Unnamed Historic Site (Wayside Shrine),,,Historic Site (Wayside Shrine),historic=wayside_shrine,node,4663174515,3.005334,102.080918,Negeri Sembilan,05,Jelebu,01,,,,,
OSM_node_4663234802,Unnamed Historic Site (Wayside Shrine),,,Historic Site (Wayside Shrine),historic=wayside_shrine,node,4663234802,3.003052,102.079384,Negeri Sembilan,05,Jelebu,01,,,,,
OSM_node_4663276232,Unnamed Historic Site (Wayside Shrine),,,Historic Site (Wayside Shrine),historic=wayside_shrine,node,4663276232,3.000644,102.076965,Negeri Sembilan,05,Jelebu,01,,,,,
OSM_node_4663343858,Unnamed Historic Site (Wayside Shrine),,,Historic Site (Wayside Shrine),historic=wayside_shrine,node,4663343858,2.99841,102.077433,Negeri Sembilan,05,Jelebu,01,,,,,
OSM_way_472647239,Unnamed Historic Site (Wayside Shrine),,,Historic Site (Wayside Shrine),historic=wayside_shrine,way,472647239,2.993302,102.073258,Negeri Sembilan,05,Jelebu,01,,,,,
OSM_way_608876969,Muzium Adat,,,Museum,tourism=museum,way,608876969,2.937666,102.071041,Negeri Sembilan,05,Jelebu,01,,,,,
OSM_node_8808412113,Anjung Bukit Batu Beras,,,Viewpoint,tourism=viewpoint,node,8808412113,3.131306,102.270173,Negeri Sembilan,05,Jelebu,01,,,,,
OSM_node_11182332240,Unnamed Viewpoint,,,Viewpoint,tourism=viewpoint,node,11182332240,3.226999,102.012598,Negeri Sembilan,05,Jelebu,01,,,,,
OSM_node_11237785864,Unnamed Viewpoint,,,Viewpoint,tourism=viewpoint,node,11237785864,2.988034,102.13809,Negeri Sembilan,05,Jelebu,01,,,,,
OSM_node_12397494039,Unnamed Viewpoint,,,Viewpoint,tourism=viewpoint,node,12397494039,3.168929,102.048035,Negeri Sembilan,05,Jelebu,01,,,,,
OSM_node_12454338786,Unnamed Viewpoint,,,Viewpoint,tourism=viewpoint,node,12454338786,3.05665,102.185289,Negeri Sembilan,05,Jelebu,01,,,,,
OSM_node_12454372745,Unnamed Viewpoint,,,Viewpoint,tourism=viewpoint,node,12454372745,3.064225,102.184618,Negeri Sembilan,05,Jelebu,01,,,,,
OSM_node_12614961044,Unnamed Viewpoint,,,Viewpoint,tourism=viewpoint,node,12614961044,2.850455,101.997666,Negeri Sembilan,05,Jelebu,01,,,,,
OSM_node_12791989391,Air Terjun Jeram Dagang,,,Waterfall,waterway=waterfall,node,12791989391,2.960666,102.120763,Negeri Sembilan,05,Jelebu,01,,,,,
OSM_node_13616992869,Cekik Falls,,Lata Cekik,Waterfall,waterway=waterfall,node,13616992869,3.110774,102.08285,Negeri Sembilan,05,Jelebu,01,,,,,
OSM_node_11240300787,Jeram Enggang,,,Waterfall,waterway=waterfall,node,11240300787,2.867107,102.093097,Negeri Sembilan,05,Jelebu,01,,,,,
OSM_node_13312984204,Jeram Tiga Lapis,,,Waterfall,waterway=waterfall,node,13312984204,2.871459,102.094847,Negeri Sembilan,05,Jelebu,01,,,,,
OSM_node_5276826722,Jeram Toi,,,Waterfall,waterway=waterfall,node,5276826722,2.863031,102.014453,Negeri Sembilan,05,Jelebu,01,,,,,
OSM_node_11184891452,Lata Dinding,,,Waterfall,waterway=waterfall,node,11184891452,3.226018,101.984196,Negeri Sembilan,05,Jelebu,01,,,,,
OSM_node_10260652804,Lata Kijang,,,Waterfall,waterway=waterfall,node,10260652804,3.195626,101.987597,Negeri Sembilan,05,Jelebu,01,,,,,
OSM_node_12397357479,Punsai Falls,,Lata Punsai,Waterfall,waterway=waterfall,node,12397357479,3.1689,102.03624,Negeri Sembilan,05,Jelebu,01,,,,,
OSM_node_12397379086,Unnamed Waterfall,,,Waterfall,waterway=waterfall,node,12397379086,3.162177,102.02971,Negeri Sembilan,05,Jelebu,01,,,,,
OSM_node_12662743640,Unnamed Waterfall,,,Waterfall,waterway=waterfall,node,12662743640,3.210457,101.968081,Negeri Sembilan,05,Jelebu,01,,,,,
OSM_node_12684130360,Unnamed Waterfall,,,Waterfall,waterway=waterfall,node,12684130360,3.055764,101.973853,Negeri Sembilan,05,Jelebu,01,,,,,
OSM_node_12793899037,Unnamed Waterfall,,,Waterfall,waterway=waterfall,node,12793899037,2.99041,102.152746,Negeri Sembilan,05,Jelebu,01,,,,,
OSM_node_13616992853,Unnamed Waterfall,,,Waterfall,waterway=waterfall,node,13616992853,3.113503,102.082422,Negeri Sembilan,05,Jelebu,01,,,,,
OSM_node_13616992875,Unnamed Waterfall,,,Waterfall,waterway=waterfall,node,13616992875,3.110738,102.084904,Negeri Sembilan,05,Jelebu,01,,,,,
OSM_node_13959553005,Unnamed Waterfall,,,Waterfall,waterway=waterfall,node,13959553005,3.164117,101.977113,Negeri Sembilan,05,Jelebu,01,,,,,
OSM_node_9124047953,Istana Serting,,,Historic Site (Castle),historic=castle,node,9124047953,2.808988,102.373049,Negeri Sembilan,05,Jempol,07,,,,,
OSM_node_7698205172,BAHAU Sign,BAHAU Sign,,Historic Site (Monument),historic=monument,node,7698205172,2.807628,102.387326,Negeri Sembilan,05,Jempol,07,,,,,
OSM_way_1524499604,Teratak Za'ba,Za'aba House,,Museum,tourism=museum,way,1524499604,2.830481,102.330781,Negeri Sembilan,05,Jempol,07,,+606-498 5193,10:00-17:30,no,
OSM_node_12381405524,Bukit Bosa Bayai,,,Viewpoint,tourism=viewpoint,node,12381405524,2.879772,102.273078,Negeri Sembilan,05,Jempol,07,,,,,
OSM_node_11821097372,Dragon Peak,,Puncak Naga,Viewpoint,tourism=viewpoint,node,11821097372,2.794922,102.394918,Negeri Sembilan,05,Jempol,07,,,,,
OSM_way_1273341615,Galaxy Viewpoint,,,Viewpoint,tourism=viewpoint,way,1273341615,2.790322,102.397173,Negeri Sembilan,05,Jempol,07,,,,,
OSM_node_11824194560,Natural Scenery Park,,,Viewpoint,tourism=viewpoint,node,11824194560,2.794435,102.3951,Negeri Sembilan,05,Jempol,07,,,,,
OSM_node_11822035423,Sky Mirror Viewpoint,,,Viewpoint,tourism=viewpoint,node,11822035423,2.790366,102.397232,Negeri Sembilan,05,Jempol,07,,,,,
OSM_node_11822035429,Taman Kayangan,,,Viewpoint,tourism=viewpoint,node,11822035429,2.787476,102.396956,Negeri Sembilan,05,Jempol,07,,,,,
OSM_node_11822035419,Unnamed Viewpoint,,,Viewpoint,tourism=viewpoint,node,11822035419,2.796293,102.395004,Negeri Sembilan,05,Jempol,07,,,,,
OSM_node_11822035427,Unnamed Viewpoint,,,Viewpoint,tourism=viewpoint,node,11822035427,2.782869,102.403527,Negeri Sembilan,05,Jempol,07,,,,,
OSM_node_11822035428,Unnamed Viewpoint,,,Viewpoint,tourism=viewpoint,node,11822035428,2.781807,102.404164,Negeri Sembilan,05,Jempol,07,,,,,
OSM_node_11822035431,Unnamed Viewpoint,,,Viewpoint,tourism=viewpoint,node,11822035431,2.79402,102.397816,Negeri Sembilan,05,Jempol,07,,,,,
OSM_node_11824624312,Unnamed Viewpoint,,,Viewpoint,tourism=viewpoint,node,11824624312,2.788297,102.398395,Negeri Sembilan,05,Jempol,07,,,,,
OSM_node_12455479235,Unnamed Viewpoint,,,Viewpoint,tourism=viewpoint,node,12455479235,2.891491,102.307791,Negeri Sembilan,05,Jempol,07,,,,,
OSM_way_1273294040,Unnamed Viewpoint,,,Viewpoint,tourism=viewpoint,way,1273294040,2.789396,102.398357,Negeri Sembilan,05,Jempol,07,,,,,
OSM_way_1273294041,Unnamed Viewpoint,,,Viewpoint,tourism=viewpoint,way,1273294041,2.789331,102.398253,Negeri Sembilan,05,Jempol,07,,,,,
OSM_way_1273294042,七来,,,Viewpoint,tourism=viewpoint,way,1273294042,2.792155,102.396808,Negeri Sembilan,05,Jempol,07,,,,,
OSM_way_571551066,Balairong Seri Istana Seri Menanti,,,Historic Site (Castle),historic=castle,way,571551066,2.701964,102.157918,Negeri Sembilan,05,Kuala Pilah,02,,,,,
OSM_way_571551071,Istana Besar Seri Menanti,,,Historic Site (Castle),historic=castle,way,571551071,2.701267,102.157691,Negeri Sembilan,05,Kuala Pilah,02,,,,,
OSM_way_571551068,Istana Seri Menanti,,,Historic Site (Castle),historic=castle,way,571551068,2.702193,102.158592,Negeri Sembilan,05,Kuala Pilah,02,,,,,
OSM_way_1385100919,Unnamed Historic Site (Castle),,,Historic Site (Castle),historic=castle,way,1385100919,2.701544,102.157804,Negeri Sembilan,05,Kuala Pilah,02,,,,,
OSM_way_1385100920,Unnamed Historic Site (Castle),,,Historic Site (Castle),historic=castle,way,1385100920,2.701805,102.158511,Negeri Sembilan,05,Kuala Pilah,02,,,,,
OSM_way_1385100923,Unnamed Historic Site (Castle),,,Historic Site (Castle),historic=castle,way,1385100923,2.700952,102.157566,Negeri Sembilan,05,Kuala Pilah,02,,,,,
OSM_way_1385100947,Makam Diraja Seri Menanti,,,Historic Site (Tomb),historic=tomb,way,1385100947,2.697254,102.161088,Negeri Sembilan,05,Kuala Pilah,02,,,,,
OSM_way_1385100976,Muzium DiRaja Istana Lama Seri Menanti,,,Museum,tourism=museum,way,1385100976,2.697957,102.157134,Negeri Sembilan,05,Kuala Pilah,02,,,,,
OSM_way_571559933,Unnamed Museum,,,Museum,tourism=museum,way,571559933,2.698074,102.156459,Negeri Sembilan,05,Kuala Pilah,02,,,,,
OSM_node_6205013102,Gunung Angsi,,,Viewpoint,tourism=viewpoint,node,6205013102,2.698589,102.048045,Negeri Sembilan,05,Kuala Pilah,02,,,,,
OSM_node_12383640232,Unnamed Viewpoint,,,Viewpoint,tourism=viewpoint,node,12383640232,2.83452,102.267169,Negeri Sembilan,05,Kuala Pilah,02,,,,,
OSM_node_14158835281,Unnamed Viewpoint,,,Viewpoint,tourism=viewpoint,node,14158835281,2.81012,102.060482,Negeri Sembilan,05,Kuala Pilah,02,,,,,
OSM_node_11240300566,Jeram Janggut,,,Waterfall,waterway=waterfall,node,11240300566,2.841409,102.114739,Negeri Sembilan,05,Kuala Pilah,02,,,,,
OSM_node_11215349191,Unnamed Waterfall,,,Waterfall,waterway=waterfall,node,11215349191,2.637758,102.160532,Negeri Sembilan,05,Kuala Pilah,02,,,,,
OSM_node_13095929146,Unnamed Waterfall,,,Waterfall,waterway=waterfall,node,13095929146,2.677994,102.215694,Negeri Sembilan,05,Kuala Pilah,02,,,,,
OSM_node_5357437687,Sea Turtle Pond,,,Aquarium,tourism=aquarium,node,5357437687,2.549607,101.797254,Negeri Sembilan,05,Port Dickson,03,,,,,
OSM_node_4894818321,Port Dickson Army  Musuem,Port Dickson Army  Musuem,,Attraction,tourism=attraction,node,4894818321,2.496538,101.847241,Negeri Sembilan,05,Port Dickson,03,,,,,
OSM_way_555758424,Port Dickson Clock Tower,,,Attraction,tourism=attraction,way,555758424,2.524411,101.795312,Negeri Sembilan,05,Port Dickson,03,,,,,
OSM_node_12258007648,Sky Ladder Pineapple Farm,,,Attraction,tourism=attraction,node,12258007648,2.552106,101.850691,Negeri Sembilan,05,Port Dickson,03,https://www.facebook.com/SkyLadderPineappleFarmPD,,,,
OSM_node_5064200651,Tanjong Gemuk,,Tanjong Gemuk,Attraction,tourism=attraction,node,5064200651,2.52113,101.795232,Negeri Sembilan,05,Port Dickson,03,,,,,
OSM_node_13006222289,Pantai 3,,,Beach,natural=beach,node,13006222289,2.448296,101.856027,Negeri Sembilan,05,Port Dickson,03,,,,,
OSM_way_555271416,Pantai Bagan Pinang,Bagan Pinang Beach,,Beach,natural=beach,way,555271416,2.510527,101.827866,Negeri Sembilan,05,Port Dickson,03,,,,,
OSM_node_4852898276,Pantai Cahaya Negeri,Cahaya Negeri Beach,,Beach,natural=beach,node,4852898276,2.490949,101.840714,Negeri Sembilan,05,Port Dickson,03,,,,,
OSM_way_35710597,Pantai Cermin,,,Beach,natural=beach,way,35710597,2.416177,101.863928,Negeri Sembilan,05,Port Dickson,03,,,,,
OSM_node_4855100776,Pantai Saujana,Saujana Beach,,Beach,natural=beach,node,4855100776,2.501804,101.836418,Negeri Sembilan,05,Port Dickson,03,,,,,
OSM_way_35837495,Pantai Sri Purnama,Sri Purnama Beach,,Beach,natural=beach,way,35837495,2.431804,101.856619,Negeri Sembilan,05,Port Dickson,03,,,,,
OSM_way_1353391968,Pantai Tanjung Gemuk,,,Beach,natural=beach,way,1353391968,2.545605,101.798591,Negeri Sembilan,05,Port Dickson,03,,,,,
OSM_way_35837493,Pantai Teluk Kemang,Teluk Kemang Beach,,Beach,natural=beach,way,35837493,2.454006,101.853909,Negeri Sembilan,05,Port Dickson,03,,,,,
OSM_way_35857276,Unnamed Beach,,,Beach,natural=beach,way,35857276,2.448628,101.856562,Negeri Sembilan,05,Port Dickson,03,,,,,
OSM_way_540727679,Unnamed Beach,,,Beach,natural=beach,way,540727679,2.481897,101.846598,Negeri Sembilan,05,Port Dickson,03,,,,,
OSM_way_555261360,Unnamed Beach,,,Beach,natural=beach,way,555261360,2.548165,101.797625,Negeri Sembilan,05,Port Dickson,03,,,,,
OSM_way_555271419,Unnamed Beach,,,Beach,natural=beach,way,555271419,2.518674,101.821294,Negeri Sembilan,05,Port Dickson,03,,,,,
OSM_way_555271422,Unnamed Beach,,,Beach,natural=beach,way,555271422,2.50068,101.836818,Negeri Sembilan,05,Port Dickson,03,,,,,
OSM_way_555274204,Unnamed Beach,,,Beach,natural=beach,way,555274204,2.48884,101.842472,Negeri Sembilan,05,Port Dickson,03,,,,,
OSM_way_555277396,Unnamed Beach,,,Beach,natural=beach,way,555277396,2.522106,101.810522,Negeri Sembilan,05,Port Dickson,03,,,,,
OSM_way_555277400,Unnamed Beach,,,Beach,natural=beach,way,555277400,2.520255,101.818658,Negeri Sembilan,05,Port Dickson,03,,,,,
OSM_way_555277403,Unnamed Beach,,,Beach,natural=beach,way,555277403,2.494839,101.839813,Negeri Sembilan,05,Port Dickson,03,,,,,
OSM_way_1126508764,Unnamed Beach,,,Beach,natural=beach,way,1126508764,2.504381,101.833966,Negeri Sembilan,05,Port Dickson,03,,,,,
OSM_relation_13111980,Unnamed Beach,,,Beach,natural=beach,relation,13111980,2.417196,101.894424,Negeri Sembilan,05,Port Dickson,03,,,,,
OSM_node_4185604351,Rumah Terbalik Upside Down PD,,,Gallery,tourism=gallery,node,4185604351,2.446358,101.859629,Negeri Sembilan,05,Port Dickson,03,,,10:00-21:00,,
OSM_way_609755682,Kompleks Megalit Pengkalan Kempas,Pengkalan Kempas Historical Complex (Fort Kempas),,Historic Site (Archaeological Site),historic=archaeological_site,way,609755682,2.449963,102.014871,Negeri Sembilan,05,Port Dickson,03,,,,,
OSM_node_4850910633,Istana Laguna Biru,,,Historic Site (Castle),historic=castle,node,4850910633,2.417563,101.85731,Negeri Sembilan,05,Port Dickson,03,,,,,
OSM_node_12005043667,The Post Box,,,Historic Site (Memorial),historic=memorial,node,12005043667,2.505772,101.832963,Negeri Sembilan,05,Port Dickson,03,,,,,
OSM_node_13007768252,0km Port Dickson,,,Historic Site (Monument),historic=monument,node,13007768252,2.523768,101.796243,Negeri Sembilan,05,Port Dickson,03,,,,,
OSM_way_507115656,Unnamed Historic Site (Ruins),,,Historic Site (Ruins),historic=ruins,way,507115656,2.439971,101.859631,Negeri Sembilan,05,Port Dickson,03,,,,,
OSM_node_5775244748,Tomb of Ulama Sheikh Ahmad Makhtum,,,Historic Site (Tomb),historic=tomb,node,5775244748,2.450368,102.014824,Negeri Sembilan,05,Port Dickson,03,,,,,
OSM_node_4870445676,Muzium Kota Lukut,,,Museum,tourism=museum,node,4870445676,2.568151,101.822789,Negeri Sembilan,05,Port Dickson,03,,,09:00-18:00,,
OSM_way_620961107,Muzium Kota Lukut,,,Museum,tourism=museum,way,620961107,2.56938,101.82476,Negeri Sembilan,05,Port Dickson,03,,,,,
OSM_way_620961108,Muzium Kota Lukut,,,Museum,tourism=museum,way,620961108,2.569121,101.824359,Negeri Sembilan,05,Port Dickson,03,,,,,
OSM_way_620961109,Muzium Kota Lukut,,,Museum,tourism=museum,way,620961109,2.568872,101.824079,Negeri Sembilan,05,Port Dickson,03,,,,,
OSM_way_620961110,Muzium Kota Lukut,,,Museum,tourism=museum,way,620961110,2.568542,101.823237,Negeri Sembilan,05,Port Dickson,03,,,,,
OSM_way_620961111,Muzium Kota Lukut,,,Museum,tourism=museum,way,620961111,2.56841,101.823202,Negeri Sembilan,05,Port Dickson,03,,,,,
OSM_node_4853061219,Muzium Tentera Darat,Army Museum,,Museum,tourism=museum,node,4853061219,2.4968,101.848055,Negeri Sembilan,05,Port Dickson,03,,,We-Su 10:00-17:00,,
OSM_node_4869819586,Wild West Cowboy,,,Theme Park,tourism=theme_park,node,4869819586,2.559253,101.818953,Negeri Sembilan,05,Port Dickson,03,,,Mo-Fr 11:00-22:00; Sa 10:00-23:00; Su 10:00-22:00,,
OSM_node_11442806705,Unnamed Viewpoint,,,Viewpoint,tourism=viewpoint,node,11442806705,2.541159,101.798636,Negeri Sembilan,05,Port Dickson,03,,,,,
OSM_node_11442826814,Unnamed Viewpoint,,,Viewpoint,tourism=viewpoint,node,11442826814,2.520503,101.800197,Negeri Sembilan,05,Port Dickson,03,,,,,
OSM_node_4185604352,melaka waypoint,,,Viewpoint,tourism=viewpoint,node,4185604352,2.403924,101.974412,Negeri Sembilan,05,Port Dickson,03,,,,,
OSM_node_4848836150,PD Ostrich Showfarm,,,Zoo,tourism=zoo,node,4848836150,2.446373,101.862512,Negeri Sembilan,05,Port Dickson,03,,,08:00-18:00; Mo_off,,
OSM_node_12005000175,Unnamed Zoo,,,Zoo,tourism=zoo,node,12005000175,2.505428,101.831664,Negeri Sembilan,05,Port Dickson,03,,,,,
OSM_node_5344299020,Replica Royal Palace Melawar,,,Museum,tourism=museum,node,5344299020,2.505861,102.115296,Negeri Sembilan,05,Rembau,04,,,,,
OSM_node_8758255660,Pedas Linggi Vista Point (Northbound),,,Viewpoint,tourism=viewpoint,node,8758255660,2.464681,102.128088,Negeri Sembilan,05,Rembau,04,,,,,
OSM_node_8758255661,Pedas Linggi Vista Point (Southbound),,,Viewpoint,tourism=viewpoint,node,8758255661,2.554771,102.054517,Negeri Sembilan,05,Rembau,04,,,,,
OSM_way_1528552209,Wet World Pedas Waterpark & Hotspring,,,Water Park,leisure=water_park,way,1528552209,2.631865,102.054729,Negeri Sembilan,05,Rembau,04,,,,,
OSM_node_12878370115,Lubuk Petai,,,Waterfall,waterway=waterfall,node,12878370115,2.537186,102.182729,Negeri Sembilan,05,Rembau,04,,,,,
OSM_node_11215212747,Unnamed Waterfall,,,Waterfall,waterway=waterfall,node,11215212747,2.60855,102.124695,Negeri Sembilan,05,Rembau,04,,,,,
OSM_way_1209305431,Grand Canyon,,,Attraction,tourism=attraction,way,1209305431,2.7153,101.88402,Negeri Sembilan,05,Seremban,05,,,,,
OSM_way_1395325378,Istana Ampang Tinggi,,,Attraction,tourism=attraction,way,1395325378,2.7173,101.920332,Negeri Sembilan,05,Seremban,05,,,,,
OSM_node_5137392426,Pasar Malam Taman Blossom Height,Blossom Height Garden Night Market,Pasar Malam Taman Blossom Height,Attraction,tourism=attraction,node,5137392426,2.696259,101.946097,Negeri Sembilan,05,Seremban,05,,,,,
OSM_way_1395325377,Rumah Contoh Negeri Sembilan,,,Attraction,tourism=attraction,way,1395325377,2.717113,101.920214,Negeri Sembilan,05,Seremban,05,,,,,
OSM_node_149979816,Textile Walk,,,Attraction,tourism=attraction,node,149979816,2.854274,101.803147,Negeri Sembilan,05,Seremban,05,,,,,
OSM_way_1544051431,Tokong Then Sze,,,Attraction,tourism=attraction,way,1544051431,2.745991,101.94136,Negeri Sembilan,05,Seremban,05,,,,,
OSM_way_1395325381,Teratak Perpatih,,,Gallery,tourism=gallery,way,1395325381,2.717729,101.920518,Negeri Sembilan,05,Seremban,05,,,,,
OSM_way_544970002,Istana Hinggap Negeri Sembilan,Negeri Sembilan Stoopover Palace,,Historic Site (Castle),historic=castle,way,544970002,2.727691,101.943075,Negeri Sembilan,05,Seremban,05,,,,,
OSM_node_6054228520,WW2 RAF B-24 Libertor (KL654R) Crash Site,,,Historic Site (Crash Site),historic=crash_site,node,6054228520,2.819218,102.065908,Negeri Sembilan,05,Seremban,05,,,,,
OSM_way_556610168,Sun Wukong Statue,,,Historic Site (Memorial),historic=memorial,way,556610168,2.929719,101.924856,Negeri Sembilan,05,Seremban,05,,,,,
OSM_node_13516114034,九一烈士纪念碑,,,Historic Site (Monument),historic=monument,node,13516114034,2.854807,101.790503,Negeri Sembilan,05,Seremban,05,,,,,
OSM_way_925179244,Galeri DiRaja Tuanku Ja'afar,Tuanku Ja'afar Royal Gallery,,Museum,tourism=museum,way,925179244,2.725104,101.946024,Negeri Sembilan,05,Seremban,05,,,,,
OSM_way_1395325384,Kompleks Taman Seni Budaya,,Kompleks Taman Seni Budaya,Museum,tourism=museum,way,1395325384,2.717778,101.92013,Negeri Sembilan,05,Seremban,05,,,Mo-Su 09:00-18:00,,
OSM_node_13662103385,Persatuan Kebudayaan Hakka Negeri Sembilan,Hakka Cultural Museum Negeri Sembilan,Persatuan Kebudayaan Hakka Negeri Sembilan,Museum,tourism=museum,node,13662103385,2.733619,101.937756,Negeri Sembilan,05,Seremban,05,https://www.facebook.com/MalaysianHakkaCulturalSocietyNS/,+60-196610877,,,
OSM_node_13472560242,森美兰华人文史馆,,,Museum,tourism=museum,node,13472560242,2.727716,101.926327,Negeri Sembilan,05,Seremban,05,https://huatangns.org.my/%e6%a3%ae%e7%be%8e%e5%85%b0%e5%8d%8e%e4%ba%ba%e6%96%87%e5%8f%b2%e9%a6%86/%e6%96%87%e5%8f%b2%e9%a6%86%e7%ae%80%e4%bb%8b/,,,,
OSM_node_13689085167,芙蓉泰和堂民俗文化馆,,,Museum,tourism=museum,node,13689085167,2.729485,101.939224,Negeri Sembilan,05,Seremban,05,https://www.facebook.com/p/%E6%B3%B0%E5%92%8C%E5%A0%82%E6%B0%91%E4%BF%97%E6%96%87%E5%8C%96%E9%A4%A8-100069921041053/,+60-183783205,,,
OSM_node_11186992673,Batu Anjung,,,Viewpoint,tourism=viewpoint,node,11186992673,2.818738,101.835086,Negeri Sembilan,05,Seremban,05,,,,,
OSM_node_6033339160,Centipede Hill,Centipede Hill,,Viewpoint,tourism=viewpoint,node,6033339160,2.816605,101.766473,Negeri Sembilan,05,Seremban,05,,,,,
OSM_node_11204460461,Green Lake View,,,Viewpoint,tourism=viewpoint,node,11204460461,2.718095,101.881293,Negeri Sembilan,05,Seremban,05,,,,,
OSM_node_11197668729,Kepayang Bypass Viewpoint,,,Viewpoint,tourism=viewpoint,node,11197668729,2.713255,101.89952,Negeri Sembilan,05,Seremban,05,,,,,
OSM_node_6873539586,Unnamed Viewpoint,,,Viewpoint,tourism=viewpoint,node,6873539586,2.745589,101.858831,Negeri Sembilan,05,Seremban,05,,,,,
OSM_node_10665050485,Unnamed Viewpoint,,,Viewpoint,tourism=viewpoint,node,10665050485,2.925104,101.925474,Negeri Sembilan,05,Seremban,05,,,,,
OSM_node_11186992676,Unnamed Viewpoint,,,Viewpoint,tourism=viewpoint,node,11186992676,2.818159,101.834887,Negeri Sembilan,05,Seremban,05,,,,,
OSM_node_11186992683,Unnamed Viewpoint,,,Viewpoint,tourism=viewpoint,node,11186992683,2.819413,101.833995,Negeri Sembilan,05,Seremban,05,,,,,
OSM_node_11187674528,Unnamed Viewpoint,,,Viewpoint,tourism=viewpoint,node,11187674528,2.816063,101.840041,Negeri Sembilan,05,Seremban,05,,,,,
OSM_node_11193668650,Unnamed Viewpoint,,,Viewpoint,tourism=viewpoint,node,11193668650,2.760755,101.898754,Negeri Sembilan,05,Seremban,05,,,,,
OSM_node_11193755904,Unnamed Viewpoint,,,Viewpoint,tourism=viewpoint,node,11193755904,2.757667,101.902132,Negeri Sembilan,05,Seremban,05,,,,,
OSM_node_11194161439,Unnamed Viewpoint,,,Viewpoint,tourism=viewpoint,node,11194161439,2.761166,101.88843,Negeri Sembilan,05,Seremban,05,,,,,
OSM_node_11198888696,Unnamed Viewpoint,,,Viewpoint,tourism=viewpoint,node,11198888696,2.713034,101.904853,Negeri Sembilan,05,Seremban,05,,,,,
OSM_node_11205792459,Unnamed Viewpoint,,,Viewpoint,tourism=viewpoint,node,11205792459,2.720244,101.874648,Negeri Sembilan,05,Seremban,05,,,,,
OSM_node_13478291899,Unnamed Viewpoint,,,Viewpoint,tourism=viewpoint,node,13478291899,2.728318,101.88735,Negeri Sembilan,05,Seremban,05,,,,,
OSM_node_10259799911,Waterfall View,,,Viewpoint,tourism=viewpoint,node,10259799911,2.703385,102.048048,Negeri Sembilan,05,Seremban,05,,,,,
OSM_node_12343209131,Belihoi Fall,,Jeram Belihoi,Waterfall,waterway=waterfall,node,12343209131,2.769357,101.90835,Negeri Sembilan,05,Seremban,05,,,,,
OSM_node_12343045536,Bukit Pioh Fall,,Air terjun Bukit Pioh,Waterfall,waterway=waterfall,node,12343045536,2.81349,101.9261,Negeri Sembilan,05,Seremban,05,,,,,
OSM_node_12343050553,Dara Falls 1,,Air terjun Dara 1,Waterfall,waterway=waterfall,node,12343050553,2.680659,102.022195,Negeri Sembilan,05,Seremban,05,,,,,
OSM_node_12343050552,Dara Falls 2,,Air terjun Dara 2,Waterfall,waterway=waterfall,node,12343050552,2.681282,102.023027,Negeri Sembilan,05,Seremban,05,,,,,
OSM_node_6201549489,Jeram Kedah,,,Waterfall,waterway=waterfall,node,6201549489,2.90561,101.957536,Negeri Sembilan,05,Seremban,05,,,,,
OSM_node_10237818966,Jeram Lambar,,,Waterfall,waterway=waterfall,node,10237818966,2.771042,101.834348,Negeri Sembilan,05,Seremban,05,,,,,
OSM_node_13989670347,Lata Berembun,,,Waterfall,waterway=waterfall,node,13989670347,2.8045,102.034436,Negeri Sembilan,05,Seremban,05,,,,,
OSM_node_6678031928,Unnamed Waterfall,,,Waterfall,waterway=waterfall,node,6678031928,2.821134,101.999429,Negeri Sembilan,05,Seremban,05,,,,,
OSM_node_11188073665,Unnamed Waterfall,,,Waterfall,waterway=waterfall,node,11188073665,2.808104,101.832872,Negeri Sembilan,05,Seremban,05,,,,,
OSM_node_11190400918,Unnamed Waterfall,,,Waterfall,waterway=waterfall,node,11190400918,2.793786,101.952991,Negeri Sembilan,05,Seremban,05,,,,,
OSM_node_13956711117,Unnamed Waterfall,,,Waterfall,waterway=waterfall,node,13956711117,2.79197,102.02005,Negeri Sembilan,05,Seremban,05,,,,,
OSM_node_13959576413,Unnamed Waterfall,,,Waterfall,waterway=waterfall,node,13959576413,2.820992,102.019683,Negeri Sembilan,05,Seremban,05,,,,,
OSM_way_444549043,Dataran Gemas,,Dataran Gemas,Attraction,tourism=attraction,way,444549043,2.581927,102.615685,Negeri Sembilan,05,Tampin,06,,,,,
OSM_node_10679402509,Unnamed Attraction,,,Attraction,tourism=attraction,node,10679402509,2.466956,102.230965,Negeri Sembilan,05,Tampin,06,,,,,
OSM_node_4420170042,WW2 Broken Bridge Memorial,,,Historic Site (Ruins),historic=ruins,node,4420170042,2.58217,102.617463,Negeri Sembilan,05,Tampin,06,,,,,
OSM_way_1293541894,Datuk Gong,,,Historic Site (Wayside Shrine),historic=wayside_shrine,way,1293541894,2.472882,102.419535,Negeri Sembilan,05,Tampin,06,,,,,
OSM_node_12848507682,Unnamed Viewpoint,,,Viewpoint,tourism=viewpoint,node,12848507682,2.453032,102.451722,Negeri Sembilan,05,Tampin,06,,,,,
OSM_node_6678058920,Swimming Pool Recreational Forest Gunung Tampin,,,Water Park,leisure=water_park,node,6678058920,2.485492,102.222946,Negeri Sembilan,05,Tampin,06,,,,,
OSM_node_6678032764,Bukit Tampin Waterfall,,,Waterfall,waterway=waterfall,node,6678032764,2.490387,102.219099,Negeri Sembilan,05,Tampin,06,,,,,
OSM_node_10239943037,Tampin Cascade 1,,,Waterfall,waterway=waterfall,node,10239943037,2.488372,102.220514,Negeri Sembilan,05,Tampin,06,,,,,
OSM_node_10239943031,Tampin Cascade 2,,,Waterfall,waterway=waterfall,node,10239943031,2.489036,102.220058,Negeri Sembilan,05,Tampin,06,,,,,
OSM_way_1516440930,Adventure Park,,,Attraction,tourism=attraction,way,1516440930,3.409043,101.839577,Pahang,06,Bentong,01,https://colmartropicale.com.my/adventure-park/,,,,
OSM_node_13411778952,Bentong Walk,Bentong Walk,,Attraction,tourism=attraction,node,13411778952,3.524148,101.906316,Pahang,06,Bentong,01,,,,,
OSM_way_1019175657,Bentong Walk,Bentong Walk,,Attraction,tourism=attraction,way,1019175657,3.524109,101.906233,Pahang,06,Bentong,01,,,,,
OSM_way_1516441028,Berjaya Hills Horse Trails,,,Attraction,tourism=attraction,way,1516441028,3.386555,101.831268,Pahang,06,Bentong,01,,,,,
OSM_node_5025038724,Bilut Extreme Park,Bilut Extreme Park,,Attraction,tourism=attraction,node,5025038724,3.462433,101.921215,Pahang,06,Bentong,01,,60146088803,,,
OSM_way_1219281405,Bird Aviary,,,Attraction,tourism=attraction,way,1219281405,3.536632,101.870941,Pahang,06,Bentong,01,,,,,
OSM_way_1219281384,Bird Paradise,,,Attraction,tourism=attraction,way,1219281384,3.536512,101.870999,Pahang,06,Bentong,01,,,,,
OSM_way_1219281390,Bunny Land,,,Attraction,tourism=attraction,way,1219281390,3.536182,101.870569,Pahang,06,Bentong,01,,,,,
OSM_relation_20703579,Colmar Tropicale,Colmar Tropicale,,Attraction,tourism=attraction,relation,20703579,3.401332,101.839701,Pahang,06,Bentong,01,https://colmartropicale.com.my/,,,,
OSM_way_394945441,Erya by Suria Hot Spring Bentong,Erya by Suria Hot Spring Bentong,,Attraction,tourism=attraction,way,394945441,3.409002,101.890959,Pahang,06,Bentong,01,https://www.eryabysuria.com,,,,
OSM_way_1219281408,Exhibition Hall,,,Attraction,tourism=attraction,way,1219281408,3.53652,101.871166,Pahang,06,Bentong,01,,,,,
OSM_node_254072956,Genting Highlands,Genting Highlands,Tanah Tinggi Genting,Attraction,tourism=attraction,node,254072956,3.423679,101.793401,Pahang,06,Bentong,01,,,,,
OSM_node_3980021598,Japanese Village,Japanese Village,,Attraction,tourism=attraction,node,3980021598,3.419821,101.841854,Pahang,06,Bentong,01,,,,,
OSM_way_801492044,Kin Tick Orchard Village,Kin Tick Orchard Village,,Attraction,tourism=attraction,way,801492044,3.448984,101.901958,Pahang,06,Bentong,01,,,,,
OSM_way_1219281388,Moo Moo & Friends,,,Attraction,tourism=attraction,way,1219281388,3.536186,101.870419,Pahang,06,Bentong,01,,,,,
OSM_way_1219281413,"Ostritch, Zebra",,,Attraction,tourism=attraction,way,1219281413,3.536589,101.871335,Pahang,06,Bentong,01,,,,,
OSM_way_1219281385,Pony Ranch,,,Attraction,tourism=attraction,way,1219281385,3.536314,101.871016,Pahang,06,Bentong,01,,,,,
OSM_way_1219281377,Reptile Cavern,,,Attraction,tourism=attraction,way,1219281377,3.536414,101.870585,Pahang,06,Bentong,01,,,,,
OSM_way_1219281378,Reptile Cavern,,,Attraction,tourism=attraction,way,1219281378,3.536385,101.870536,Pahang,06,Bentong,01,,,,,
OSM_way_1219281414,Savannah,,,Attraction,tourism=attraction,way,1219281414,3.536237,101.871484,Pahang,06,Bentong,01,,,,,
OSM_node_11814784079,SkySymphony,,,Attraction,tourism=attraction,node,11814784079,3.423832,101.795774,Pahang,06,Bentong,01,https://www.rwgenting.com/en/things-to-do/attractions/skysymphony.html,,,,
OSM_way_568546912,Talking Garden,Talking Garden,,Attraction,tourism=attraction,way,568546912,3.421331,101.793355,Pahang,06,Bentong,01,,,,,
OSM_way_1219281386,Tortoise Land,,,Attraction,tourism=attraction,way,1219281386,3.536102,101.870947,Pahang,06,Bentong,01,,,,,
OSM_node_12067914969,4D Trick Art Museum,,,Gallery,tourism=gallery,node,12067914969,3.424561,101.796432,Pahang,06,Bentong,01,https://ripleys.com.my/attractions/4d-trick-art-museum/,,Mo-Su 10:00-22:00,,
OSM_node_12067950769,Ripley's Believe It Or Not Odditorium,,,Gallery,tourism=gallery,node,12067950769,3.424834,101.79642,Pahang,06,Bentong,01,https://ripleys.com.my/attractions/ripleys-believe-it-or-not/,,Mo-Su 10:00-22:00,,
OSM_node_11814784084,SeniKome Péng Hēng East Coast Arts & Cultural Centre,,,Gallery,tourism=gallery,node,11814784084,3.425337,101.794659,Pahang,06,Bentong,01,https://www.rwgenting.com/en/things-to-do/leisure/senikome-peng-heng.html,,,,
OSM_node_11295875256,Buddha Nageshvaraja,Buddha Nageshvaraja,,Historic Site (Memorial),historic=memorial,node,11295875256,3.522229,101.874593,Pahang,06,Bentong,01,,,,,
OSM_node_11295875305,Buddha Shakyamuni,Buddha Shakyamuni,,Historic Site (Memorial),historic=memorial,node,11295875305,3.521452,101.874892,Pahang,06,Bentong,01,,,,,
OSM_node_11295875304,Dorje Shugden,Dorje Shugden,,Historic Site (Memorial),historic=memorial,node,11295875304,3.521422,101.87488,Pahang,06,Bentong,01,,,,,
OSM_node_11295875179,Dorje Shugden Grotto,Dorje Shugden Grotto,,Historic Site (Memorial),historic=memorial,node,11295875179,3.52178,101.874773,Pahang,06,Bentong,01,,,,,
OSM_node_11295875259,Dream Manjushri,Dream Manjushri,,Historic Site (Memorial),historic=memorial,node,11295875259,3.521604,101.875496,Pahang,06,Bentong,01,,,,,
OSM_node_11295875295,Four-Armed Manjushri,Four-Armed Manjushri,,Historic Site (Memorial),historic=memorial,node,11295875295,3.522254,101.87675,Pahang,06,Bentong,01,,,,,
OSM_relation_16441382,Gohtong Memorial Park (Upgrading),,,Historic Site (Memorial),historic=memorial,relation,16441382,3.40228,101.775622,Pahang,06,Bentong,01,,,,,
OSM_node_11295875200,Green Tara,Green Tara,,Historic Site (Memorial),historic=memorial,node,11295875200,3.521461,101.875771,Pahang,06,Bentong,01,,,,,
OSM_node_11295875307,Lama Tsongkhapa,Lama Tsongkhapa,,Historic Site (Memorial),historic=memorial,node,11295875307,3.521985,101.875156,Pahang,06,Bentong,01,,,,,
OSM_node_11295875199,Loma Gyonma,Loma Gyonma,,Historic Site (Memorial),historic=memorial,node,11295875199,3.521578,101.877099,Pahang,06,Bentong,01,,,,,
OSM_node_11295875300,Manjushri Nagaraksha,Manjushri Nagaraksha,,Historic Site (Memorial),historic=memorial,node,11295875300,3.520845,101.876142,Pahang,06,Bentong,01,,,,,
OSM_node_11295875258,Medicine Buddha,Medicine Buddha,,Historic Site (Memorial),historic=memorial,node,11295875258,3.522301,101.874728,Pahang,06,Bentong,01,,,,,
OSM_node_11295875302,Mumu Memorial,Mumu Memorial,,Historic Site (Memorial),historic=memorial,node,11295875302,3.521932,101.874807,Pahang,06,Bentong,01,,,,,
OSM_node_11295875303,Vajrayogini Stupa,Vajrayogini Stupa,,Historic Site (Memorial),historic=memorial,node,11295875303,3.521876,101.874812,Pahang,06,Bentong,01,,,,,
OSM_node_12068040969,Jurassic Research Centre,,,Museum,tourism=museum,node,12068040969,3.424893,101.796364,Pahang,06,Bentong,01,https://ripleys.com.my/attractions/jurassic-research-centre/,,Mo-Su 10:00-22:00,,
OSM_relation_16458683,Genting SkyWorlds Theme Park,Genting SkyWorlds Theme Park,,Theme Park,tourism=theme_park,relation,16458683,3.422243,101.795249,Pahang,06,Bentong,01,https://www.gentingskyworlds.com/,,We-Mo 10:00-18:00,,yes
OSM_node_6109194080,Skytropolis Indoor Theme Park,Skytropolis Indoor Theme Park,,Theme Park,tourism=theme_park,node,6109194080,3.424697,101.795197,Pahang,06,Bentong,01,https://www.rwgenting.com/en/theme-parks/skytropolis-indoor-theme-park.html,,Mo-Th 14:00-21:00; Fr-Su 14:00-22:00,,
OSM_node_11287102745,Bukit Desa Damai,,Bukit Desa Damai,Viewpoint,tourism=viewpoint,node,11287102745,3.560723,101.882556,Pahang,06,Bentong,01,,,,,
OSM_node_10236064512,Gunung Halia Karak,,,Viewpoint,tourism=viewpoint,node,10236064512,3.41608,102.009586,Pahang,06,Bentong,01,,,,,
OSM_node_12655819247,Lookout Point,Lookout Point,,Viewpoint,tourism=viewpoint,node,12655819247,3.413131,101.787071,Pahang,06,Bentong,01,,,,,
OSM_node_11255232753,Unnamed Viewpoint,,,Viewpoint,tourism=viewpoint,node,11255232753,3.532149,101.925198,Pahang,06,Bentong,01,,,,,
OSM_node_11255267642,Unnamed Viewpoint,,,Viewpoint,tourism=viewpoint,node,11255267642,3.532029,101.926236,Pahang,06,Bentong,01,,,,,
OSM_node_11257590784,Unnamed Viewpoint,,,Viewpoint,tourism=viewpoint,node,11257590784,3.537102,101.887686,Pahang,06,Bentong,01,,,,,
OSM_node_11813902751,Unnamed Viewpoint,,,Viewpoint,tourism=viewpoint,node,11813902751,3.433535,101.787813,Pahang,06,Bentong,01,,,,,
OSM_node_11814784170,Unnamed Viewpoint,,,Viewpoint,tourism=viewpoint,node,11814784170,3.420838,101.789331,Pahang,06,Bentong,01,,,,,
OSM_node_12848371682,Unnamed Viewpoint,,,Viewpoint,tourism=viewpoint,node,12848371682,3.483771,101.95911,Pahang,06,Bentong,01,,,,,
OSM_node_12848371683,Unnamed Viewpoint,,,Viewpoint,tourism=viewpoint,node,12848371683,3.483371,101.960328,Pahang,06,Bentong,01,,,,,
OSM_node_12848371684,Unnamed Viewpoint,,,Viewpoint,tourism=viewpoint,node,12848371684,3.483002,101.96083,Pahang,06,Bentong,01,,,,,
OSM_node_12848371685,Unnamed Viewpoint,,,Viewpoint,tourism=viewpoint,node,12848371685,3.484458,101.958593,Pahang,06,Bentong,01,,,,,
OSM_node_13899205423,Unnamed Viewpoint,,,Viewpoint,tourism=viewpoint,node,13899205423,3.551806,101.918701,Pahang,06,Bentong,01,,,,,
OSM_node_14070081828,Unnamed Viewpoint,,,Viewpoint,tourism=viewpoint,node,14070081828,3.366134,101.81794,Pahang,06,Bentong,01,,,,,
OSM_way_1546906637,Unnamed Viewpoint,,,Viewpoint,tourism=viewpoint,way,1546906637,3.366153,101.818037,Pahang,06,Bentong,01,,,,,
OSM_node_4111876523,Air Terjun Chamang,Chamang Waterfall,Air Terjun Chamang,Waterfall,waterway=waterfall,node,4111876523,3.509903,101.856352,Pahang,06,Bentong,01,,,,,
OSM_node_10255014502,Air Terjun Perting,Perting Falls,,Waterfall,waterway=waterfall,node,10255014502,3.456612,101.864302,Pahang,06,Bentong,01,,,,,
OSM_node_10233190795,Air Terjun Ulu Tampik,,,Waterfall,waterway=waterfall,node,10233190795,3.311115,101.845091,Pahang,06,Bentong,01,,,,,
OSM_node_6093508400,Gapoi Fall,,,Waterfall,waterway=waterfall,node,6093508400,3.25712,102.10252,Pahang,06,Bentong,01,,,,,
OSM_node_6021213087,Kesyar Falls,,,Waterfall,waterway=waterfall,node,6021213087,3.392664,101.862311,Pahang,06,Bentong,01,,,,,
OSM_node_6100324386,Lata Bunta,Bunta Falls,,Waterfall,waterway=waterfall,node,6100324386,3.434337,101.98613,Pahang,06,Bentong,01,,,,,
OSM_node_4973495817,Lata Luroh,Luroh Waterfall,,Waterfall,waterway=waterfall,node,4973495817,3.281535,101.887295,Pahang,06,Bentong,01,,,,,
OSM_node_6427798312,Seminyang Falls,,,Waterfall,waterway=waterfall,node,6427798312,3.278264,102.031907,Pahang,06,Bentong,01,,,,,
OSM_node_10255050212,Tanglir Falls,,,Waterfall,waterway=waterfall,node,10255050212,3.375369,101.794158,Pahang,06,Bentong,01,,,,,
OSM_node_10235956181,Temeriak Falls,,,Waterfall,waterway=waterfall,node,10235956181,3.411614,102.001496,Pahang,06,Bentong,01,,,,,
OSM_node_10233190796,Unnamed Waterfall,,,Waterfall,waterway=waterfall,node,10233190796,3.310296,101.845585,Pahang,06,Bentong,01,,,,,
OSM_node_11254203933,Unnamed Waterfall,,,Waterfall,waterway=waterfall,node,11254203933,3.376015,101.794644,Pahang,06,Bentong,01,,,,,
OSM_node_11876778279,Unnamed Waterfall,,,Waterfall,waterway=waterfall,node,11876778279,3.47586,101.864768,Pahang,06,Bentong,01,,,,,
OSM_node_11877918610,Unnamed Waterfall,,,Waterfall,waterway=waterfall,node,11877918610,3.499607,101.82763,Pahang,06,Bentong,01,,,,,
OSM_node_11877918622,Unnamed Waterfall,,,Waterfall,waterway=waterfall,node,11877918622,3.496234,101.824154,Pahang,06,Bentong,01,,,,,
OSM_node_11891163896,Unnamed Waterfall,,,Waterfall,waterway=waterfall,node,11891163896,3.456438,101.879289,Pahang,06,Bentong,01,,,,,
OSM_node_11891163921,Unnamed Waterfall,,,Waterfall,waterway=waterfall,node,11891163921,3.465343,101.869451,Pahang,06,Bentong,01,,,,,
OSM_node_11891176786,Unnamed Waterfall,,,Waterfall,waterway=waterfall,node,11891176786,3.461836,101.861729,Pahang,06,Bentong,01,,,,,
OSM_node_11891206006,Unnamed Waterfall,,,Waterfall,waterway=waterfall,node,11891206006,3.455378,101.85486,Pahang,06,Bentong,01,,,,,
OSM_node_11891206019,Unnamed Waterfall,,,Waterfall,waterway=waterfall,node,11891206019,3.463191,101.847215,Pahang,06,Bentong,01,,,,,
OSM_node_11892745036,Unnamed Waterfall,,,Waterfall,waterway=waterfall,node,11892745036,3.42763,101.878356,Pahang,06,Bentong,01,,,,,
OSM_node_11893066516,Unnamed Waterfall,,,Waterfall,waterway=waterfall,node,11893066516,3.400502,101.830017,Pahang,06,Bentong,01,,,,,
OSM_node_12328362091,Unnamed Waterfall,,,Waterfall,waterway=waterfall,node,12328362091,3.415442,101.950207,Pahang,06,Bentong,01,,,,,
OSM_node_12666223074,Unnamed Waterfall,,,Waterfall,waterway=waterfall,node,12666223074,3.210821,102.107416,Pahang,06,Bentong,01,,,,,
OSM_node_12666223098,Unnamed Waterfall,,,Waterfall,waterway=waterfall,node,12666223098,3.201738,102.108629,Pahang,06,Bentong,01,,,,,
OSM_node_14072804593,Unnamed Waterfall,,,Waterfall,waterway=waterfall,node,14072804593,3.399471,102.003239,Pahang,06,Bentong,01,,,,,
OSM_node_14074063368,Unnamed Waterfall,,,Waterfall,waterway=waterfall,node,14074063368,3.343523,101.930058,Pahang,06,Bentong,01,,,,,
OSM_node_14074120612,Unnamed Waterfall,,,Waterfall,waterway=waterfall,node,14074120612,3.376233,101.990923,Pahang,06,Bentong,01,,,,,
OSM_node_14074127235,Unnamed Waterfall,,,Waterfall,waterway=waterfall,node,14074127235,3.381535,101.933775,Pahang,06,Bentong,01,,,,,
OSM_node_14074806797,Unnamed Waterfall,,,Waterfall,waterway=waterfall,node,14074806797,3.276985,102.034149,Pahang,06,Bentong,01,,,,,
OSM_node_14074847102,Unnamed Waterfall,,,Waterfall,waterway=waterfall,node,14074847102,3.336053,101.952967,Pahang,06,Bentong,01,,,,,
OSM_way_1316804667,Unnamed Waterfall,,,Waterfall,waterway=waterfall,way,1316804667,3.412982,101.788377,Pahang,06,Bentong,01,,,,,
OSM_node_10255014500,Upper Falls,,,Waterfall,waterway=waterfall,node,10255014500,3.455817,101.864172,Pahang,06,Bentong,01,,,,,
OSM_node_4757549022,Upper Tanglir Fall,Upper Tanglir Fall,,Waterfall,waterway=waterfall,node,4757549022,3.37561,101.793737,Pahang,06,Bentong,01,,,,,
OSM_way_1215227919,Aviary,Aviary,,Zoo,tourism=zoo,way,1215227919,3.521198,101.874461,Pahang,06,Bentong,01,,,,,
OSM_relation_20703585,Rabbit Park,,,Zoo,tourism=zoo,relation,20703585,3.393899,101.838842,Pahang,06,Bentong,01,,,,,
OSM_way_1217963228,The Bentong Farm,The Bentong Farm,,Zoo,tourism=zoo,way,1217963228,3.535244,101.870668,Pahang,06,Bentong,01,https://thebentongfarm.my/,+60102833655,10:00-18:00; Tu off,yes,
OSM_node_8487372255,Pekan Sehari Bera,,Pekan Sehari Bera,Attraction,tourism=attraction,node,8487372255,3.271366,102.456054,Pahang,06,Bera,11,,,Su 08:00+,,
OSM_node_6092626311,Bertangga Fall,,,Waterfall,waterway=waterfall,node,6092626311,3.301875,102.665771,Pahang,06,Bera,11,,,,,
OSM_node_5235888221,Agro Highlands Strawberry Farm & Cafe,Agro Highlands Strawberry Farm & Cafe,,Attraction,tourism=attraction,node,5235888221,4.454529,101.370406,Pahang,06,Cameron Highland,02,http://www.facebook.com/agrohighlandscafe,01116137650,Th-Tu 09:00-18:00,,
OSM_node_1726755176,Agro Technology Park,Agro Park Entrance,,Attraction,tourism=attraction,node,1726755176,4.467796,101.384427,Pahang,06,Cameron Highland,02,,,,,
OSM_node_1726755063,Cameron Highlands MARDI Agrotechnology Park,,Taman AgroTeknologi MARDI Cameron Highlands,Attraction,tourism=attraction,node,1726755063,4.467583,101.384747,Pahang,06,Cameron Highland,02,http://agromedia.mardi.gov.my,,,,
OSM_node_4839553027,Cameron Valley Plantations,Cameron Valley Plantations,,Attraction,tourism=attraction,node,4839553027,4.453875,101.368044,Pahang,06,Cameron Highland,02,,054911133,Mo-Su 08:30-18:00,,
OSM_node_12670203024,Cameron Valley Tea sign,,,Attraction,tourism=attraction,node,12670203024,4.451435,101.365997,Pahang,06,Cameron Highland,02,,,,,
OSM_way_1112707080,Chimp Cameron Highlands Montane Park,Chimp Cameron Highlands Montane Park,,Attraction,tourism=attraction,way,1112707080,4.474021,101.383285,Pahang,06,Cameron Highland,02,,,,,
OSM_way_662338019,Empangan Susu,Susu Dam,Empangan Susu,Attraction,tourism=attraction,way,662338019,4.434336,101.544227,Pahang,06,Cameron Highland,02,,,,,
OSM_node_13306174602,Hobbit House,,,Attraction,tourism=attraction,node,13306174602,4.468859,101.386172,Pahang,06,Cameron Highland,02,,,,,
OSM_node_4648475794,Kea Fam Rose Centre,,,Attraction,tourism=attraction,node,4648475794,4.502755,101.412301,Pahang,06,Cameron Highland,02,,,Mo-Su 08:00-17:00,,
OSM_node_12953147301,Mossy forest,,,Attraction,tourism=attraction,node,12953147301,4.524308,101.381853,Pahang,06,Cameron Highland,02,,,,,
OSM_node_5431495022,Night market,,,Attraction,tourism=attraction,node,5431495022,4.487873,101.372262,Pahang,06,Cameron Highland,02,,,Mo-Su 14:00-23:00,,
OSM_way_1112707081,Parit Falls Sheltered Bridge,,,Attraction,tourism=attraction,way,1112707081,4.475325,101.383496,Pahang,06,Cameron Highland,02,,,,,
OSM_way_1413462407,Tan's Camellia Garden,,,Attraction,tourism=attraction,way,1413462407,4.473062,101.369845,Pahang,06,Cameron Highland,02,,,,,
OSM_node_6364883585,Tringkap Bee farm,,,Attraction,tourism=attraction,node,6364883585,4.51189,101.427683,Pahang,06,Cameron Highland,02,,,,,
OSM_node_10187707460,Yong Belar Trailhead (Blue Valley Dam),,,Attraction,tourism=attraction,node,10187707460,4.592729,101.417676,Pahang,06,Cameron Highland,02,,,,,
OSM_way_1413079823,Istana Kedah,Kedah Palace,,Historic Site (Castle),historic=castle,way,1413079823,4.483043,101.375287,Pahang,06,Cameron Highland,02,,,,,
OSM_node_4670504387,Istana Sri Angkasa,,,Historic Site (Castle),historic=castle,node,4670504387,4.490121,101.383972,Pahang,06,Cameron Highland,02,,,,,
OSM_node_12926408461,Bristol 171 Sycamore HR14 XJ381 Helicopter Crash Site,,,Historic Site (Crash Site),historic=crash_site,node,12926408461,4.454662,101.505441,Pahang,06,Cameron Highland,02,https://asn.flightsafety.org/wikibase/155466,,,,
OSM_way_1392905447,Unnamed Historic Site (Wayside Shrine),,,Historic Site (Wayside Shrine),historic=wayside_shrine,way,1392905447,4.411118,101.384302,Pahang,06,Cameron Highland,02,,,,,
OSM_node_4576751996,Time Tunnel Museum,,,Museum,tourism=museum,node,4576751996,4.497291,101.395261,Pahang,06,Cameron Highland,02,,,,,
OSM_node_12670226705,CP2-VIEW,,,Viewpoint,tourism=viewpoint,node,12670226705,4.477514,101.361305,Pahang,06,Cameron Highland,02,,,,,
OSM_node_12919309628,Coral Hill,,,Viewpoint,tourism=viewpoint,node,12919309628,4.495712,101.395998,Pahang,06,Cameron Highland,02,,,,,
OSM_node_5512802021,Farm Plantation,,,Viewpoint,tourism=viewpoint,node,5512802021,4.470267,101.360176,Pahang,06,Cameron Highland,02,,,,,
OSM_node_2802953763,Gunung Irau,,,Viewpoint,tourism=viewpoint,node,2802953763,4.528976,101.365175,Pahang,06,Cameron Highland,02,,,,,
OSM_node_6046319489,Gunung Jasar viewpoint,,,Viewpoint,tourism=viewpoint,node,6046319489,4.478136,101.361021,Pahang,06,Cameron Highland,02,,,,,
OSM_node_6001858685,Gunung Perdah (sunset),,,Viewpoint,tourism=viewpoint,node,6001858685,4.486485,101.368076,Pahang,06,Cameron Highland,02,,,,,
OSM_way_1396662380,Habu BOH Tea Plantation Viewpoint,,,Viewpoint,tourism=viewpoint,way,1396662380,4.449991,101.422401,Pahang,06,Cameron Highland,02,,,,,
OSM_node_1726755078,Sungei Palas Boh Plantation Viewpoint,,,Viewpoint,tourism=viewpoint,node,1726755078,4.516377,101.41625,Pahang,06,Cameron Highland,02,,,Tu-Su 09:00-16:30,,
OSM_node_2387855301,Unnamed Viewpoint,,,Viewpoint,tourism=viewpoint,node,2387855301,4.525025,101.380791,Pahang,06,Cameron Highland,02,,,,,
OSM_node_4344362719,Unnamed Viewpoint,,,Viewpoint,tourism=viewpoint,node,4344362719,4.522779,101.396046,Pahang,06,Cameron Highland,02,,,,,
OSM_node_4699501590,Unnamed Viewpoint,,,Viewpoint,tourism=viewpoint,node,4699501590,4.522293,101.397917,Pahang,06,Cameron Highland,02,,,,,
OSM_node_4837938843,Unnamed Viewpoint,,,Viewpoint,tourism=viewpoint,node,4837938843,4.464949,101.39119,Pahang,06,Cameron Highland,02,,,,,
OSM_node_5806423855,Unnamed Viewpoint,,,Viewpoint,tourism=viewpoint,node,5806423855,4.468684,101.387647,Pahang,06,Cameron Highland,02,,,,,
OSM_node_6041974510,Unnamed Viewpoint,,,Viewpoint,tourism=viewpoint,node,6041974510,4.482629,101.366124,Pahang,06,Cameron Highland,02,,,,,
OSM_node_6387070662,Unnamed Viewpoint,,,Viewpoint,tourism=viewpoint,node,6387070662,4.477739,101.361275,Pahang,06,Cameron Highland,02,,,,,
OSM_node_6387070664,Unnamed Viewpoint,,,Viewpoint,tourism=viewpoint,node,6387070664,4.475197,101.360986,Pahang,06,Cameron Highland,02,,,,,
OSM_node_6501503707,Unnamed Viewpoint,,,Viewpoint,tourism=viewpoint,node,6501503707,4.454322,101.368431,Pahang,06,Cameron Highland,02,,,,,
OSM_node_10266497173,Unnamed Viewpoint,,,Viewpoint,tourism=viewpoint,node,10266497173,4.505651,101.40934,Pahang,06,Cameron Highland,02,,,,,
OSM_node_11338901039,Unnamed Viewpoint,,,Viewpoint,tourism=viewpoint,node,11338901039,4.52246,101.395118,Pahang,06,Cameron Highland,02,,,,,
OSM_node_11338901041,Unnamed Viewpoint,,,Viewpoint,tourism=viewpoint,node,11338901041,4.524199,101.381772,Pahang,06,Cameron Highland,02,,,,,
OSM_node_11338901043,Unnamed Viewpoint,,,Viewpoint,tourism=viewpoint,node,11338901043,4.521815,101.398819,Pahang,06,Cameron Highland,02,,,,,
OSM_node_12612793206,Unnamed Viewpoint,,,Viewpoint,tourism=viewpoint,node,12612793206,4.438763,101.5801,Pahang,06,Cameron Highland,02,,,,,
OSM_node_12612795391,Unnamed Viewpoint,,,Viewpoint,tourism=viewpoint,node,12612795391,4.432471,101.546034,Pahang,06,Cameron Highland,02,,,,,
OSM_node_12670188323,Unnamed Viewpoint,,,Viewpoint,tourism=viewpoint,node,12670188323,4.450077,101.365228,Pahang,06,Cameron Highland,02,,,,,
OSM_node_12670196773,Unnamed Viewpoint,,,Viewpoint,tourism=viewpoint,node,12670196773,4.450391,101.366398,Pahang,06,Cameron Highland,02,,,,,
OSM_node_12670241450,Unnamed Viewpoint,,,Viewpoint,tourism=viewpoint,node,12670241450,4.453834,101.367561,Pahang,06,Cameron Highland,02,,,,,
OSM_node_12670242203,Unnamed Viewpoint,,,Viewpoint,tourism=viewpoint,node,12670242203,4.451531,101.366087,Pahang,06,Cameron Highland,02,,,,,
OSM_node_12988846959,Unnamed Viewpoint,,,Viewpoint,tourism=viewpoint,node,12988846959,4.485921,101.369042,Pahang,06,Cameron Highland,02,,,,,
OSM_node_14071783577,Unnamed Viewpoint,,,Viewpoint,tourism=viewpoint,node,14071783577,4.542883,101.418157,Pahang,06,Cameron Highland,02,,,,,
OSM_node_4282570190,View Point,View Point,,Viewpoint,tourism=viewpoint,node,4282570190,4.456942,101.366726,Pahang,06,Cameron Highland,02,,,,,
OSM_node_6454487485,View of rolling tea hills,,,Viewpoint,tourism=viewpoint,node,6454487485,4.515911,101.405981,Pahang,06,Cameron Highland,02,,,,,
OSM_node_6146971883,Watchtower,,,Viewpoint,tourism=viewpoint,node,6146971883,4.524947,101.380949,Pahang,06,Cameron Highland,02,,,,,
OSM_node_6615808785,nice view,,,Viewpoint,tourism=viewpoint,node,6615808785,4.472817,101.400541,Pahang,06,Cameron Highland,02,,,,,
OSM_node_10266545674,rooftop,,,Viewpoint,tourism=viewpoint,node,10266545674,4.48778,101.378695,Pahang,06,Cameron Highland,02,,,,,
OSM_node_5806409155,view,,,Viewpoint,tourism=viewpoint,node,5806409155,4.471348,101.387771,Pahang,06,Cameron Highland,02,,,,,
OSM_node_12926408872,Lata Celai,,,Waterfall,waterway=waterfall,node,12926408872,4.456915,101.498933,Pahang,06,Cameron Highland,02,,,,,
OSM_node_11338930621,Maya Waterfall,,,Waterfall,waterway=waterfall,node,11338930621,4.460478,101.388207,Pahang,06,Cameron Highland,02,,,,,
OSM_node_1447892295,Parit Falls,,,Waterfall,waterway=waterfall,node,1447892295,4.475304,101.383522,Pahang,06,Cameron Highland,02,,,,,
OSM_node_1446135122,Robinson Falls,,,Waterfall,waterway=waterfall,node,1446135122,4.463599,101.387749,Pahang,06,Cameron Highland,02,,,,,
OSM_node_2492778319,Unnamed Waterfall,,,Waterfall,waterway=waterfall,node,2492778319,4.452815,101.366859,Pahang,06,Cameron Highland,02,,,,,
OSM_node_2647323697,Butterfly Garden,,,Zoo,tourism=zoo,node,2647323697,4.507465,101.407097,Pahang,06,Cameron Highland,02,,,,,
OSM_way_360451797,Taman Rama-rama,Butterfly Farm,,Zoo,tourism=zoo,way,360451797,4.507327,101.406931,Pahang,06,Cameron Highland,02,,,,,
OSM_node_11338930623,Unnamed Zoo,,,Zoo,tourism=zoo,node,11338930623,4.465574,101.386005,Pahang,06,Cameron Highland,02,,,,,
OSM_way_1305974224,Kelah Square,,,Aquarium,tourism=aquarium,way,1305974224,4.38568,102.400373,Pahang,06,Jerantut,03,,,,,
OSM_node_5820134367,Beach,,,Attraction,tourism=attraction,node,5820134367,4.384207,102.401648,Pahang,06,Jerantut,03,,,,,
OSM_node_7111234185,Canopy walkway start,,,Attraction,tourism=attraction,node,7111234185,4.390646,102.407981,Pahang,06,Jerantut,03,,,,,
OSM_node_6297525986,Gua Kota Gelanggi,Kota Gelanggi Cave,,Attraction,tourism=attraction,node,6297525986,3.893355,102.474289,Pahang,06,Jerantut,03,,,,,
OSM_node_8842348172,Kota Jin,,,Attraction,tourism=attraction,node,8842348172,3.886825,102.479174,Pahang,06,Jerantut,03,,,,,
OSM_node_11182921838,Orang Asli Village,,,Attraction,tourism=attraction,node,11182921838,4.390448,102.417286,Pahang,06,Jerantut,03,,,,,
OSM_node_12258884546,Taman Negara Pahang Kuala Tahan,,,Attraction,tourism=attraction,node,12258884546,4.385314,102.400246,Pahang,06,Jerantut,03,,,,,
OSM_node_5820149357,Terrain de volley-ball,,,Attraction,tourism=attraction,node,5820149357,4.384171,102.401866,Pahang,06,Jerantut,03,,,,,
OSM_node_3901387632,Titian Silara,Start Canopy Walkway,,Attraction,tourism=attraction,node,3901387632,4.393289,102.409554,Pahang,06,Jerantut,03,,,,yes,no
OSM_node_4459746993,Unnamed Attraction,,,Attraction,tourism=attraction,node,4459746993,3.784546,102.440635,Pahang,06,Jerantut,03,,,,,
OSM_node_6105074487,Unnamed Attraction,,,Attraction,tourism=attraction,node,6105074487,3.933916,102.358721,Pahang,06,Jerantut,03,,,,,
OSM_node_13518302645,art street,,,Attraction,tourism=attraction,node,13518302645,3.934505,102.358635,Pahang,06,Jerantut,03,,,,,
OSM_node_13518302646,murals,,,Attraction,tourism=attraction,node,13518302646,3.933851,102.358437,Pahang,06,Jerantut,03,,,,,
OSM_way_955298245,Pasir Tempan,,,Beach,natural=beach,way,955298245,4.445144,102.464248,Pahang,06,Jerantut,03,,,,,
OSM_node_12098088511,Lloyd Smith Crash Site 1972,,,Historic Site (Crash Site),historic=crash_site,node,12098088511,4.601562,102.254334,Pahang,06,Jerantut,03,,,,,
OSM_node_9807957556,Kompleks Galeri Mat Kilau,,,Museum,tourism=museum,node,9807957556,3.903215,102.453309,Pahang,06,Jerantut,03,,,,,
OSM_node_1725089065,Bukit Botak,,,Viewpoint,tourism=viewpoint,node,1725089065,4.628853,102.226491,Pahang,06,Jerantut,03,,,,,no
OSM_node_4118561789,Bukit Indah,,,Viewpoint,tourism=viewpoint,node,4118561789,4.398123,102.42297,Pahang,06,Jerantut,03,,,,,
OSM_node_1225975686,Bukit Teresek,,,Viewpoint,tourism=viewpoint,node,1225975686,4.399931,102.407919,Pahang,06,Jerantut,03,,,,,no
OSM_node_2450345017,Bumbun Blau,Blau Hide,,Viewpoint,tourism=viewpoint,node,2450345017,4.369192,102.384514,Pahang,06,Jerantut,03,,,,,
OSM_node_12095747928,Bumbun Cegar Anjing,Cegar Anjing Hide,,Viewpoint,tourism=viewpoint,node,12095747928,4.406885,102.399949,Pahang,06,Jerantut,03,,,,,
OSM_node_4533790782,Bumbun Kumbang,Kumbang Hide,,Viewpoint,tourism=viewpoint,node,4533790782,4.447027,102.436857,Pahang,06,Jerantut,03,,,,,
OSM_node_4527898890,Bumbun Tabing,Tabing Hide,,Viewpoint,tourism=viewpoint,node,4527898890,4.408772,102.403801,Pahang,06,Jerantut,03,,,,,
OSM_node_4614024289,Bumbun Tahan,Tahan Hide,,Viewpoint,tourism=viewpoint,node,4614024289,4.386869,102.403961,Pahang,06,Jerantut,03,,,,,
OSM_node_12095747730,Bumbun Yong,Yong Hide,,Viewpoint,tourism=viewpoint,node,12095747730,4.358693,102.383233,Pahang,06,Jerantut,03,,,,,
OSM_node_4607325890,Sunrise viewpoint,Sunrise viewpoint,,Viewpoint,tourism=viewpoint,node,4607325890,3.916005,102.318878,Pahang,06,Jerantut,03,,,,,
OSM_node_1225974832,Unnamed Viewpoint,,,Viewpoint,tourism=viewpoint,node,1225974832,4.395766,102.408237,Pahang,06,Jerantut,03,,,,,no
OSM_node_3452491223,Unnamed Viewpoint,,,Viewpoint,tourism=viewpoint,node,3452491223,3.933328,102.350259,Pahang,06,Jerantut,03,,,,,
OSM_node_7111234285,Unnamed Viewpoint,,,Viewpoint,tourism=viewpoint,node,7111234285,4.393749,102.411403,Pahang,06,Jerantut,03,,,,,
OSM_node_10207423063,Unnamed Viewpoint,,,Viewpoint,tourism=viewpoint,node,10207423063,4.626111,102.233244,Pahang,06,Jerantut,03,,,,,
OSM_node_12097497420,Unnamed Viewpoint,,,Viewpoint,tourism=viewpoint,node,12097497420,4.574588,102.277546,Pahang,06,Jerantut,03,,,,,
OSM_node_13718168869,Unnamed Viewpoint,,,Viewpoint,tourism=viewpoint,node,13718168869,4.493217,102.48236,Pahang,06,Jerantut,03,,,,,
OSM_node_12095741465,Air Terjun Empat Tingkat,,,Waterfall,waterway=waterfall,node,12095741465,4.649604,102.241151,Pahang,06,Jerantut,03,,,,,
OSM_node_10877066607,Bergut Fall,,,Waterfall,waterway=waterfall,node,10877066607,3.883159,102.292778,Pahang,06,Jerantut,03,https://waterfallsofmalaysia.com/220Bergut.php,,,,
OSM_node_5315255682,Berumbun falls Jerantun,,,Waterfall,waterway=waterfall,node,5315255682,3.89404,102.129633,Pahang,06,Jerantut,03,,,,,
OSM_node_1725472221,Four Steps Waterfall,,,Waterfall,waterway=waterfall,node,1725472221,4.643321,102.269598,Pahang,06,Jerantut,03,,,,,
OSM_node_10877095290,Gehol Fall,,,Waterfall,waterway=waterfall,node,10877095290,3.88584,102.298953,Pahang,06,Jerantut,03,https://waterfallsofmalaysia.com/221Gehol.php,,,,
OSM_node_1637936320,Lata Berkoh,,,Waterfall,waterway=waterfall,node,1637936320,4.44328,102.384851,Pahang,06,Jerantut,03,,,,,
OSM_node_2737862268,Lata Meraung,,,Waterfall,waterway=waterfall,node,2737862268,3.863462,102.294396,Pahang,06,Jerantut,03,,,,,
OSM_node_2737815691,Sg. Salan Waterfall,,,Waterfall,waterway=waterfall,node,2737815691,4.015933,102.470083,Pahang,06,Jerantut,03,,,,,
OSM_node_11182921837,Teras Waterfall,,,Waterfall,waterway=waterfall,node,11182921837,4.407763,102.429613,Pahang,06,Jerantut,03,,,,,
OSM_node_8795669913,Unnamed Waterfall,,,Waterfall,waterway=waterfall,node,8795669913,4.601813,102.235948,Pahang,06,Jerantut,03,,,,,
OSM_node_8795679703,Unnamed Waterfall,,,Waterfall,waterway=waterfall,node,8795679703,4.61979,102.226972,Pahang,06,Jerantut,03,,,,,
OSM_node_8795679734,Unnamed Waterfall,,,Waterfall,waterway=waterfall,node,8795679734,4.619598,102.226365,Pahang,06,Jerantut,03,,,,,
OSM_node_12095080043,Unnamed Waterfall,,,Waterfall,waterway=waterfall,node,12095080043,4.57735,102.290984,Pahang,06,Jerantut,03,,,,,
OSM_node_12095122256,Unnamed Waterfall,,,Waterfall,waterway=waterfall,node,12095122256,4.553204,102.250905,Pahang,06,Jerantut,03,,,,,
OSM_node_12097108802,Unnamed Waterfall,,,Waterfall,waterway=waterfall,node,12097108802,4.554543,102.316784,Pahang,06,Jerantut,03,,,,,
OSM_node_13425855209,#IM INDERA MAHKOTA Landmark Sign,,,Attraction,tourism=attraction,node,13425855209,3.834524,103.298916,Pahang,06,Kuantan,04,,,,,
OSM_node_4394454695,Gua Charas,Charas Cave,Gua Charas,Attraction,tourism=attraction,node,4394454695,3.91124,103.14735,Pahang,06,Kuantan,04,,,,,
OSM_node_2166841591,Kuantan River Cruise,,,Attraction,tourism=attraction,node,2166841591,3.798754,103.322939,Pahang,06,Kuantan,04,,0189082308,,,
OSM_node_8293109495,Landslide Incident 05 Jan 2020,Landslide Incident 05 Jan 2020,,Attraction,tourism=attraction,node,8293109495,3.701948,103.041416,Pahang,06,Kuantan,04,,,,,
OSM_way_1462106446,Natural Batik Village,Natural Batik Village,,Attraction,tourism=attraction,way,1462106446,3.922893,103.367032,Pahang,06,Kuantan,04,,,,,
OSM_node_6330125686,Pantai Batu Hitam,Batu Hitam Beach,Pantai Batu Hitam,Attraction,tourism=attraction,node,6330125686,3.883418,103.36619,Pahang,06,Kuantan,04,,,,,
OSM_way_1462545665,Pasir Puteri,,Pasir Puteri,Attraction,tourism=attraction,way,1462545665,3.939596,103.049752,Pahang,06,Kuantan,04,,,,,
OSM_node_3159010424,Rainbow Waterfall,,,Attraction,tourism=attraction,node,3159010424,3.922268,102.947984,Pahang,06,Kuantan,04,https://www.tripadvisor.de/Attraction_Review-g2530755-d2661353-Reviews-Rainbow_Waterfall-Sungai_Lembing_Pahang.html,,,,
OSM_node_3161089730,Sungai Lembing Tin Mine,Sungai Lembing Tin Mine,,Attraction,tourism=attraction,node,3161089730,3.909575,103.034092,Pahang,06,Kuantan,04,,,,,
OSM_node_5026354022,Turtle sanctuary,Turtle sanctuary,,Attraction,tourism=attraction,node,5026354022,4.144424,103.408081,Pahang,06,Kuantan,04,,,,,
OSM_way_1266787035,Golden Beach,,,Beach,natural=beach,way,1266787035,3.802397,103.373206,Pahang,06,Kuantan,04,,,,,
OSM_node_5655474357,Pantai Balok,Balok Beach,Pantai Balok,Beach,natural=beach,node,5655474357,3.925207,103.373108,Pahang,06,Kuantan,04,,,,,
OSM_relation_20326028,Pantai Baluk,,,Beach,natural=beach,relation,20326028,3.938501,103.381284,Pahang,06,Kuantan,04,,,,,
OSM_relation_20081244,Pantai Chendor,Chendor Beach,Pantai Chendor,Beach,natural=beach,relation,20081244,4.176802,103.423979,Pahang,06,Kuantan,04,,,,,
OSM_way_338189711,Pantai Cherating,Cherating Beach,Pantai Cherating,Beach,natural=beach,way,338189711,4.121167,103.392104,Pahang,06,Kuantan,04,,,,,
OSM_way_1464268652,Pantai Gelora,Gelora Beach,Pantai Gelora,Beach,natural=beach,way,1464268652,3.807101,103.348209,Pahang,06,Kuantan,04,,,,,
OSM_relation_17400551,Pantai Pelindung,Pelindung Beach,,Beach,natural=beach,relation,17400551,3.826957,103.375943,Pahang,06,Kuantan,04,,,,,
OSM_way_1481663783,Pantai Tanjung Lumpur,,,Beach,natural=beach,way,1481663783,3.804266,103.341737,Pahang,06,Kuantan,04,,,,,
OSM_relation_17398995,Pantai Teluk Sisek,,,Beach,natural=beach,relation,17398995,3.804723,103.366734,Pahang,06,Kuantan,04,,,,,
OSM_way_35571482,Pantai Teluk Tongkang,,,Beach,natural=beach,way,35571482,3.817432,103.374663,Pahang,06,Kuantan,04,,,,,
OSM_way_35571484,Teluk Cempedak Beach,Teluk Cempedak Beach,,Beach,natural=beach,way,35571484,3.809809,103.372862,Pahang,06,Kuantan,04,,,,,
OSM_way_907047133,Unnamed Beach,,,Beach,natural=beach,way,907047133,3.960796,103.434724,Pahang,06,Kuantan,04,,,,,
OSM_way_1305159324,Unnamed Beach,,,Beach,natural=beach,way,1305159324,4.127703,103.40406,Pahang,06,Kuantan,04,,,,,
OSM_relation_20055788,Unnamed Beach,,,Beach,natural=beach,relation,20055788,3.611724,103.394682,Pahang,06,Kuantan,04,,,,,
OSM_relation_20066133,Unnamed Beach,,,Beach,natural=beach,relation,20066133,4.175628,103.439304,Pahang,06,Kuantan,04,,,,,
OSM_relation_20068799,Unnamed Beach,,,Beach,natural=beach,relation,20068799,3.630758,103.378705,Pahang,06,Kuantan,04,,,,,
OSM_relation_20081243,Unnamed Beach,,,Beach,natural=beach,relation,20081243,4.176497,103.43126,Pahang,06,Kuantan,04,,,,,
OSM_relation_20081246,Unnamed Beach,,,Beach,natural=beach,relation,20081246,4.156309,103.413969,Pahang,06,Kuantan,04,,,,,
OSM_way_553038452,Museum of Contemporary Art (MOCA),Museum of Contemporary Art,Museum Seni Kontemporari,Gallery,tourism=gallery,way,553038452,3.807991,103.326079,Pahang,06,Kuantan,04,,,,,
OSM_node_8232242334,Unnamed Historic Site (Aircraft),,,Historic Site (Aircraft),historic=aircraft,node,8232242334,3.759735,103.204998,Pahang,06,Kuantan,04,,,,,
OSM_node_8232242335,Unnamed Historic Site (Aircraft),,,Historic Site (Aircraft),historic=aircraft,node,8232242335,3.759771,103.205185,Pahang,06,Kuantan,04,,,,,
OSM_node_8232242336,Unnamed Historic Site (Aircraft),,,Historic Site (Aircraft),historic=aircraft,node,8232242336,3.759525,103.205124,Pahang,06,Kuantan,04,,,,,
OSM_node_8232242337,Unnamed Historic Site (Aircraft),,,Historic Site (Aircraft),historic=aircraft,node,8232242337,3.758187,103.205241,Pahang,06,Kuantan,04,,,,,
OSM_way_1478559551,Sungai Lembing Theater,Sungai Lembing Theater,Panggung Wayang Sungai Lembing,Historic Site (Building),historic=building,way,1478559551,3.914695,103.032651,Pahang,06,Kuantan,04,,,,,
OSM_way_556503341,Istana Abdul Aziz,,,Historic Site (Castle),historic=castle,way,556503341,3.844244,103.285332,Pahang,06,Kuantan,04,,,,,
OSM_way_1487585014,Unnamed Historic Site (Castle),,,Historic Site (Castle),historic=castle,way,1487585014,3.936098,103.3755,Pahang,06,Kuantan,04,,,,,
OSM_node_13701817891,Anchor,,,Historic Site (Memorial),historic=memorial,node,13701817891,3.813014,103.372142,Pahang,06,Kuantan,04,,,,,
OSM_node_13037476839,Kento Nanami Memorial Shrine,,,Historic Site (Memorial),historic=memorial,node,13037476839,3.748766,103.325487,Pahang,06,Kuantan,04,,,,,
OSM_node_5366047394,'KUANTAN' Sign,'KUANTAN' Sign,,Historic Site (Monument),historic=monument,node,5366047394,3.799761,103.326136,Pahang,06,Kuantan,04,,,,,
OSM_node_12073089034,CFS-IIUM Fountain,,Air Pancut Pusat Asasi UIAM,Historic Site (Monument),historic=monument,node,12073089034,3.726982,103.062656,Pahang,06,Kuantan,04,,,,,
OSM_node_5655516944,Footreflexology Circle Walkway,Footreflexology Circle Walkway,,Historic Site (Monument),historic=monument,node,5655516944,3.812842,103.351503,Pahang,06,Kuantan,04,,,,,
OSM_node_11768520014,DJI drone crash site,,,Historic Site (Wreck),historic=wreck,node,11768520014,3.803917,103.371515,Pahang,06,Kuantan,04,,,,,
OSM_node_5570220251,Cherating Sea Turtle Sanctuary,Cherating Sea Turtle Sanctuary,,Museum,tourism=museum,node,5570220251,4.149626,103.408851,Pahang,06,Kuantan,04,,,,,
OSM_way_556030844,Galeri Tenun Bandar,,,Museum,tourism=museum,way,556030844,3.803742,103.322304,Pahang,06,Kuantan,04,,,,,
OSM_way_553038463,Muzium Kesenian Pahang,Pahang Arts Museum,,Museum,tourism=museum,way,553038463,3.807412,103.325883,Pahang,06,Kuantan,04,,,,,
OSM_way_553038459,Muzium Tunku Azizah,Tunku Azizah Museum,Muzium Tunku Azizah,Museum,tourism=museum,way,553038459,3.807778,103.326355,Pahang,06,Kuantan,04,,,,,
OSM_node_13411744801,Petrosains Playsmart Kuantan,,,Museum,tourism=museum,node,13411744801,3.796469,103.321072,Pahang,06,Kuantan,04,,,,,
OSM_way_870001527,Sungai Lembing Museum,,,Museum,tourism=museum,way,870001527,3.913744,103.032443,Pahang,06,Kuantan,04,,,,,
OSM_way_670436597,Bukit Gambang Resort City,Bukit Gambang Resort City,,Theme Park,tourism=theme_park,way,670436597,3.709458,103.051499,Pahang,06,Kuantan,04,,,,,
OSM_node_11778479064,Sky View,,,Viewpoint,tourism=viewpoint,node,11778479064,3.839399,103.363953,Pahang,06,Kuantan,04,,,,,
OSM_node_3157656873,Unnamed Viewpoint,,,Viewpoint,tourism=viewpoint,node,3157656873,3.917427,103.042025,Pahang,06,Kuantan,04,,,,,
OSM_node_6469226385,Unnamed Viewpoint,,,Viewpoint,tourism=viewpoint,node,6469226385,3.920467,103.043391,Pahang,06,Kuantan,04,,,,,
OSM_node_11760770378,Unnamed Viewpoint,,,Viewpoint,tourism=viewpoint,node,11760770378,3.835071,103.319803,Pahang,06,Kuantan,04,,,,,
OSM_node_11762855501,Unnamed Viewpoint,,,Viewpoint,tourism=viewpoint,node,11762855501,3.83238,103.312734,Pahang,06,Kuantan,04,,,,,
OSM_node_11778479063,Unnamed Viewpoint,,,Viewpoint,tourism=viewpoint,node,11778479063,3.842384,103.359792,Pahang,06,Kuantan,04,,,,,
OSM_node_11780646885,Unnamed Viewpoint,,,Viewpoint,tourism=viewpoint,node,11780646885,3.868706,103.342717,Pahang,06,Kuantan,04,,,,,
OSM_node_11804219109,Unnamed Viewpoint,,,Viewpoint,tourism=viewpoint,node,11804219109,4.012625,102.9101,Pahang,06,Kuantan,04,,,,,
OSM_node_13701006003,Unnamed Viewpoint,,,Viewpoint,tourism=viewpoint,node,13701006003,3.831636,103.364207,Pahang,06,Kuantan,04,,,,,
OSM_node_11762775075,3 Waterfall,,,Waterfall,waterway=waterfall,node,11762775075,3.834137,103.314419,Pahang,06,Kuantan,04,,,,,
OSM_node_6093447787,Air Terjun Berkelah,Berkelah Falls Upper Tier,,Waterfall,waterway=waterfall,node,6093447787,3.757717,102.980674,Pahang,06,Kuantan,04,,,,,
OSM_node_6093447872,Air Terjun Berkelah,Berkelah Falls,,Waterfall,waterway=waterfall,node,6093447872,3.754081,102.980309,Pahang,06,Kuantan,04,,,,,
OSM_node_6427635058,Jerangkang Falls,,,Waterfall,waterway=waterfall,node,6427635058,3.77862,102.940986,Pahang,06,Kuantan,04,,,,,
OSM_node_11778150401,New Waterfall,,,Waterfall,waterway=waterfall,node,11778150401,3.83857,103.3625,Pahang,06,Kuantan,04,,,,,
OSM_node_11769344238,Old Waterfall,,,Waterfall,waterway=waterfall,node,11769344238,3.829215,103.371682,Pahang,06,Kuantan,04,,,,,
OSM_node_11762775083,Sekilau Waterfall,,,Waterfall,waterway=waterfall,node,11762775083,3.829153,103.320836,Pahang,06,Kuantan,04,,,,,
OSM_node_6093451893,Twin Waterfalls,,,Waterfall,waterway=waterfall,node,6093451893,3.742612,102.981471,Pahang,06,Kuantan,04,,,,,
OSM_node_4382850590,Unnamed Waterfall,,,Waterfall,waterway=waterfall,node,4382850590,3.789686,103.14112,Pahang,06,Kuantan,04,,,,,
OSM_node_11760631721,Unnamed Waterfall,,,Waterfall,waterway=waterfall,node,11760631721,3.842326,103.308015,Pahang,06,Kuantan,04,,,,,
OSM_node_11760985360,Unnamed Waterfall,,,Waterfall,waterway=waterfall,node,11760985360,3.831256,103.31097,Pahang,06,Kuantan,04,,,,,
OSM_node_11760985361,Unnamed Waterfall,,,Waterfall,waterway=waterfall,node,11760985361,3.831295,103.311095,Pahang,06,Kuantan,04,,,,,
OSM_node_11760985364,Unnamed Waterfall,,,Waterfall,waterway=waterfall,node,11760985364,3.831614,103.311862,Pahang,06,Kuantan,04,,,,,
OSM_node_11762775072,Unnamed Waterfall,,,Waterfall,waterway=waterfall,node,11762775072,3.833673,103.31405,Pahang,06,Kuantan,04,,,,,
OSM_node_11778502579,Unnamed Waterfall,,,Waterfall,waterway=waterfall,node,11778502579,3.841893,103.36212,Pahang,06,Kuantan,04,,,,,
OSM_node_11780646960,Unnamed Waterfall,,,Waterfall,waterway=waterfall,node,11780646960,3.860034,103.339004,Pahang,06,Kuantan,04,,,,,
OSM_node_11802639207,Unnamed Waterfall,,,Waterfall,waterway=waterfall,node,11802639207,3.922525,102.947576,Pahang,06,Kuantan,04,,,,,
OSM_node_11803604650,Unnamed Waterfall,,,Waterfall,waterway=waterfall,node,11803604650,4.003048,102.895471,Pahang,06,Kuantan,04,,,,,
OSM_way_583999697,Dinosaur Encounter Kuantan,,,Zoo,tourism=zoo,way,583999697,3.807881,103.366341,Pahang,06,Kuantan,04,,,,,
OSM_node_13518306702,Art Street,Art Street,,Attraction,tourism=attraction,node,13518306702,4.187721,102.0543,Pahang,06,Lipis,05,,,,,
OSM_node_12612795943,Cameron Highlands Letters,,,Attraction,tourism=attraction,node,12612795943,4.417086,101.604525,Pahang,06,Lipis,05,,,,,
OSM_node_14183084001,Genting Seribu,,,Attraction,tourism=attraction,node,14183084001,4.118104,101.543961,Pahang,06,Lipis,05,,,,,
OSM_node_8208490217,Kechau 10,,,Attraction,tourism=attraction,node,8208490217,4.214452,102.136161,Pahang,06,Lipis,05,,,,,
OSM_node_13518302326,Murals,,,Attraction,tourism=attraction,node,13518302326,4.188409,102.05417,Pahang,06,Lipis,05,,,,,
OSM_node_13518302324,Old Iron Railway Bridge,Old Iron Railway Bridge,,Attraction,tourism=attraction,node,13518302324,4.182307,102.058543,Pahang,06,Lipis,05,,,,,
OSM_node_13518302754,Small Lane With Murals,Small Lane With Murals,,Attraction,tourism=attraction,node,13518302754,4.187473,102.053523,Pahang,06,Lipis,05,,,,,
OSM_node_13518302755,Sveral Hiking Trails From Here,Sveral Hiking Trails From Here,,Attraction,tourism=attraction,node,13518302755,4.18358,102.048358,Pahang,06,Lipis,05,,,,,
OSM_node_12258884545,Taman Negara Pahang Sungai Relau Merapoh,,,Attraction,tourism=attraction,node,12258884545,4.679826,102.057037,Pahang,06,Lipis,05,,,,,
OSM_node_11539929649,Unnamed Historic Site (Monument),,,Historic Site (Monument),historic=monument,node,11539929649,4.136521,101.990824,Pahang,06,Lipis,05,,,,,
OSM_node_2217201572,The Heritage Museum,The Heritage Museum,,Museum,tourism=museum,node,2217201572,4.183943,102.05027,Pahang,06,Lipis,05,,,,,
OSM_node_13518302753,Excellent View of The Mosque,Excellent View of The Mosque,,Viewpoint,tourism=viewpoint,node,13518302753,4.185752,102.052602,Pahang,06,Lipis,05,,,,,
OSM_node_12612792477,Unnamed Viewpoint,,,Viewpoint,tourism=viewpoint,node,12612792477,4.415796,101.609675,Pahang,06,Lipis,05,,,,,
OSM_node_13805637501,Unnamed Viewpoint,,,Viewpoint,tourism=viewpoint,node,13805637501,4.2154,102.051292,Pahang,06,Lipis,05,,,,,
OSM_node_13518306801,accessed from trails past the museum,,,Viewpoint,tourism=viewpoint,node,13518306801,4.185882,102.049101,Pahang,06,Lipis,05,,,,,
OSM_node_10880113249,Gerjau Fall 1,,,Waterfall,waterway=waterfall,node,10880113249,4.17576,101.56615,Pahang,06,Lipis,05,,,,,
OSM_node_10880113250,Gerjau Fall 2,,,Waterfall,waterway=waterfall,node,10880113250,4.176305,101.565001,Pahang,06,Lipis,05,,,,,
OSM_node_10880113251,Gerjau Fall 3,,,Waterfall,waterway=waterfall,node,10880113251,4.177093,101.562822,Pahang,06,Lipis,05,,,,,
OSM_node_10880113248,Pencait Fall,,,Waterfall,waterway=waterfall,node,10880113248,4.171077,101.609564,Pahang,06,Lipis,05,https://waterfallsofmalaysia.com/216LPencait.php,,,,
OSM_node_10880113252,Sagoh Fall,,,Waterfall,waterway=waterfall,node,10880113252,4.169968,101.527268,Pahang,06,Lipis,05,,,,,
OSM_node_12093706702,Unnamed Waterfall,,,Waterfall,waterway=waterfall,node,12093706702,4.647182,102.173519,Pahang,06,Lipis,05,,,,,
OSM_node_12098209224,Unnamed Waterfall,,,Waterfall,waterway=waterfall,node,12098209224,4.653449,102.185422,Pahang,06,Lipis,05,,,,,
OSM_node_12098360547,Unnamed Waterfall,,,Waterfall,waterway=waterfall,node,12098360547,4.646863,102.172961,Pahang,06,Lipis,05,,,,,
OSM_node_6514745523,Mini Zoo Kuala Lipis,,Mini Zoo Kuala Lipis,Zoo,tourism=zoo,node,6514745523,4.179938,102.045665,Pahang,06,Lipis,05,,,,yes,
OSM_node_12869850581,Unnamed Viewpoint,,,Viewpoint,tourism=viewpoint,node,12869850581,3.711679,102.685667,Pahang,06,Maran,10,,,,,
OSM_node_13816700135,Unnamed Viewpoint,,,Viewpoint,tourism=viewpoint,node,13816700135,3.462825,102.619556,Pahang,06,Maran,10,,,,,
OSM_node_12869853412,Jeram Pelangi,,,Waterfall,waterway=waterfall,node,12869853412,3.687977,102.71337,Pahang,06,Maran,10,,,,,
OSM_node_12869853497,Jeram Relang,,,Waterfall,waterway=waterfall,node,12869853497,3.66866,102.709433,Pahang,06,Maran,10,,,,,
OSM_node_12869853388,Lubuk Kawah,,,Waterfall,waterway=waterfall,node,12869853388,3.677689,102.718362,Pahang,06,Maran,10,,,,,
OSM_node_12869853287,Unnamed Waterfall,,,Waterfall,waterway=waterfall,node,12869853287,3.699133,102.67539,Pahang,06,Maran,10,,,,,
OSM_node_13518302749,Murals,,,Attraction,tourism=attraction,node,13518302749,3.492237,103.393119,Pahang,06,Pekan,06,,,,,
OSM_node_6991510466,Old House,Old House,,Attraction,tourism=attraction,node,6991510466,3.494944,103.387845,Pahang,06,Pekan,06,,,,,
OSM_node_7553799387,"masjid chini 03, pekan",,,Attraction,tourism=attraction,node,7553799387,3.372029,102.954668,Pahang,06,Pekan,06,,,,,
OSM_node_7553850585,simpang chini 03 pekan,,,Attraction,tourism=attraction,node,7553850585,3.366138,102.956161,Pahang,06,Pekan,06,,,,,
OSM_way_906990908,Unnamed Beach,,,Beach,natural=beach,way,906990908,3.135024,103.443616,Pahang,06,Pekan,06,,,,,
OSM_way_1417293111,Istana Mahkota,,,Historic Site (Castle),historic=castle,way,1417293111,3.510523,103.393809,Pahang,06,Pekan,06,,,,,
OSM_node_2309665577,P04,,,Historic Site (Mine),historic=mine,node,2309665577,3.389919,102.940984,Pahang,06,Pekan,06,,,,,
OSM_node_6991510467,Muzium Masjid Sultan Abdullah,Sultan Abdullah Mosque Museum,Muzium Masjid Sultan Abdullah,Museum,tourism=museum,node,6991510467,3.495009,103.389381,Pahang,06,Pekan,06,,,,,
OSM_node_4798720022,Muzium Sultan Abu Bakar,Sultan Abu Bakar Museum,Muzium Sultan Abu Bakar,Museum,tourism=museum,node,4798720022,3.494017,103.390354,Pahang,06,Pekan,06,,,,,
OSM_node_6304859086,Artgardenmadi  #artgardenmadi,Artgardenmadi  #artgardenmadi,,Attraction,tourism=attraction,node,6304859086,3.945012,102.021677,Pahang,06,Raub,07,,+60 14-608 2887,24/7,,
OSM_way_711899130,Fraser's Hill sign,,,Attraction,tourism=attraction,way,711899130,3.696173,101.748698,Pahang,06,Raub,07,,,,,
OSM_way_1306676127,Kilang Kacang Sinn Loong,Sinn Loong Peanut Factory,,Attraction,tourism=attraction,way,1306676127,3.811824,101.859711,Pahang,06,Raub,07,,,,,
OSM_node_8278061772,Landslide Incident Bukit Fraser,Landslide Incident Bukit Fraser,,Attraction,tourism=attraction,node,8278061772,3.715562,101.758602,Pahang,06,Raub,07,,,,,
OSM_node_8278061773,Landslide Incident Gap-Teranum,Landslide Incident Gap-Teranum,,Attraction,tourism=attraction,node,8278061773,3.712658,101.763684,Pahang,06,Raub,07,,,,,
OSM_node_13518306303,Street Art,Street Art,,Attraction,tourism=attraction,node,13518306303,3.792445,101.856754,Pahang,06,Raub,07,,,,,
OSM_node_13518302327,Wall With Murals,Wall With Murals,,Attraction,tourism=attraction,node,13518302327,3.790634,101.857374,Pahang,06,Raub,07,,,,,
OSM_way_713384382,Unnamed Historic Site,,,Historic Site,historic=yes,way,713384382,3.717878,101.730059,Pahang,06,Raub,07,,,,,
OSM_way_713266669,Unnamed Historic Site (Castle),,,Historic Site (Castle),historic=castle,way,713266669,3.714873,101.732418,Pahang,06,Raub,07,,,,,
OSM_way_711938039,Arundel Bungalow,Arundel Bungalow,,Historic Site (House),historic=house,way,711938039,3.710911,101.739764,Pahang,06,Raub,07,,+6012-536 1233,,,
OSM_way_713885332,Banglo Jeranjut,,Banglo Jeranjut,Historic Site (House),historic=house,way,713885332,3.720963,101.741611,Pahang,06,Raub,07,,+6093922645,,,
OSM_way_711934516,Banglo Sri Selangor,Sri Selangor Bungalow,Banglo Sri Selangor,Historic Site (House),historic=house,way,711934516,3.705665,101.737878,Pahang,06,Raub,07,,,,,
OSM_way_711934515,Banglo Sultan Sulaiman,Sultan Sulaiman Bungalow,Banglo Sultan Sulaiman,Historic Site (House),historic=house,way,711934515,3.705592,101.737505,Pahang,06,Raub,07,,,,,
OSM_way_711938038,Bunge Bungalow,Bunge Bungalow,,Historic Site (House),historic=house,way,711938038,3.71105,101.73998,Pahang,06,Raub,07,,,,,
OSM_way_711938028,Unnamed Historic Site (House),,,Historic Site (House),historic=house,way,711938028,3.708542,101.739753,Pahang,06,Raub,07,,,,,
OSM_way_711938044,Unnamed Historic Site (House),,,Historic Site (House),historic=house,way,711938044,3.71228,101.741574,Pahang,06,Raub,07,,,,,
OSM_way_711959608,Unnamed Historic Site (House),,,Historic Site (House),historic=house,way,711959608,3.71208,101.737963,Pahang,06,Raub,07,,,,,
OSM_way_712177203,Unnamed Historic Site (House),,,Historic Site (House),historic=house,way,712177203,3.711295,101.738734,Pahang,06,Raub,07,,,,,
OSM_way_712177204,Unnamed Historic Site (House),,,Historic Site (House),historic=house,way,712177204,3.712322,101.739215,Pahang,06,Raub,07,,,,,
OSM_way_712204600,Unnamed Historic Site (House),,,Historic Site (House),historic=house,way,712204600,3.71393,101.735092,Pahang,06,Raub,07,,,,,
OSM_way_713091645,Unnamed Historic Site (House),,,Historic Site (House),historic=house,way,713091645,3.716307,101.735192,Pahang,06,Raub,07,,,,,
OSM_way_713266657,Unnamed Historic Site (House),,,Historic Site (House),historic=house,way,713266657,3.716714,101.731817,Pahang,06,Raub,07,,,,,
OSM_way_713266658,Unnamed Historic Site (House),,,Historic Site (House),historic=house,way,713266658,3.715994,101.732095,Pahang,06,Raub,07,,,,,
OSM_way_713384375,Unnamed Historic Site (House),,,Historic Site (House),historic=house,way,713384375,3.716417,101.732679,Pahang,06,Raub,07,,,,,
OSM_way_713384395,Unnamed Historic Site (House),,,Historic Site (House),historic=house,way,713384395,3.718945,101.731114,Pahang,06,Raub,07,,,,,
OSM_way_713384422,Unnamed Historic Site (House),,,Historic Site (House),historic=house,way,713384422,3.719118,101.729117,Pahang,06,Raub,07,,,,,
OSM_way_713885309,Unnamed Historic Site (House),,,Historic Site (House),historic=house,way,713885309,3.717085,101.739602,Pahang,06,Raub,07,,,,,
OSM_way_713885312,Unnamed Historic Site (House),,,Historic Site (House),historic=house,way,713885312,3.716529,101.739223,Pahang,06,Raub,07,,,,,
OSM_way_713885316,Unnamed Historic Site (House),,,Historic Site (House),historic=house,way,713885316,3.718134,101.740864,Pahang,06,Raub,07,,,,,
OSM_way_713885317,Unnamed Historic Site (House),,,Historic Site (House),historic=house,way,713885317,3.718145,101.741147,Pahang,06,Raub,07,,,,,
OSM_way_713885318,Unnamed Historic Site (House),,,Historic Site (House),historic=house,way,713885318,3.718361,101.740983,Pahang,06,Raub,07,,,,,
OSM_way_713885323,Unnamed Historic Site (House),,,Historic Site (House),historic=house,way,713885323,3.719361,101.741494,Pahang,06,Raub,07,,,,,
OSM_way_713885329,Unnamed Historic Site (House),,,Historic Site (House),historic=house,way,713885329,3.720384,101.741397,Pahang,06,Raub,07,,,,,
OSM_way_713885338,Unnamed Historic Site (House),,,Historic Site (House),historic=house,way,713885338,3.721875,101.741914,Pahang,06,Raub,07,,,,,
OSM_way_713914754,Unnamed Historic Site (House),,,Historic Site (House),historic=house,way,713914754,3.716696,101.741349,Pahang,06,Raub,07,,,,,
OSM_way_1544733571,Unnamed Historic Site (House),,,Historic Site (House),historic=house,way,1544733571,3.71447,101.735627,Pahang,06,Raub,07,,,,,
OSM_way_1544844010,Unnamed Historic Site (House),,,Historic Site (House),historic=house,way,1544844010,3.718778,101.731018,Pahang,06,Raub,07,,,,,
OSM_way_1544844011,Unnamed Historic Site (House),,,Historic Site (House),historic=house,way,1544844011,3.718586,101.730861,Pahang,06,Raub,07,,,,,
OSM_way_1545330933,Unnamed Historic Site (House),,,Historic Site (House),historic=house,way,1545330933,3.707402,101.737776,Pahang,06,Raub,07,,,,,
OSM_way_1545330934,Unnamed Historic Site (House),,,Historic Site (House),historic=house,way,1545330934,3.707395,101.737971,Pahang,06,Raub,07,,,,,
OSM_way_1545565490,Unnamed Historic Site (House),,,Historic Site (House),historic=house,way,1545565490,3.713994,101.740464,Pahang,06,Raub,07,,,,,
OSM_way_1545565491,Unnamed Historic Site (House),,,Historic Site (House),historic=house,way,1545565491,3.713813,101.74056,Pahang,06,Raub,07,,,,,
OSM_way_1545677111,Unnamed Historic Site (House),,,Historic Site (House),historic=house,way,1545677111,3.721727,101.741924,Pahang,06,Raub,07,,,,,
OSM_way_1223261576,Unnamed Historic Site (Ruins),,,Historic Site (Ruins),historic=ruins,way,1223261576,3.714967,101.759298,Pahang,06,Raub,07,,,,,
OSM_way_713384394,Muniswarar Alayam,,,Historic Site (Wayside Shrine),historic=wayside_shrine,way,713384394,3.718136,101.729151,Pahang,06,Raub,07,,,,,
OSM_way_715266313,Unnamed Historic Site (Wayside Shrine),,,Historic Site (Wayside Shrine),historic=wayside_shrine,way,715266313,3.717728,101.743125,Pahang,06,Raub,07,,,,,
OSM_node_4574621491,House of bees,House of bees,,Museum,tourism=museum,node,4574621491,3.676276,101.866903,Pahang,06,Raub,07,https://www.melipoly.com/,,,,
OSM_node_6287567194,Mini Mossy Forest,,,Viewpoint,tourism=viewpoint,node,6287567194,3.681549,101.768239,Pahang,06,Raub,07,,,,,
OSM_node_6287567195,Unnamed Viewpoint,,,Viewpoint,tourism=viewpoint,node,6287567195,3.681307,101.767963,Pahang,06,Raub,07,,,,,
OSM_way_1544733556,Unnamed Viewpoint,,,Viewpoint,tourism=viewpoint,way,1544733556,3.715444,101.734418,Pahang,06,Raub,07,,,,,
OSM_node_4609259155,Jeriau Waterfall,Jeriau Waterfall,Air Terjun Jeriau,Waterfall,waterway=waterfall,node,4609259155,3.728019,101.711249,Pahang,06,Raub,07,,,,,
OSM_node_2737881745,Lata Jarum,,Lata Jarum,Waterfall,waterway=waterfall,node,2737881745,3.931967,102.033052,Pahang,06,Raub,07,,,,,
OSM_node_2573560101,Unnamed Waterfall,,,Waterfall,waterway=waterfall,node,2573560101,3.98178,101.648673,Pahang,06,Raub,07,,,,,
OSM_node_4580702898,Unnamed Waterfall,,,Waterfall,waterway=waterfall,node,4580702898,3.71831,102.03549,Pahang,06,Raub,07,,,,,
OSM_node_5863775786,Beach and Snorkeling,Beach and Snorkeling,,Attraction,tourism=attraction,node,5863775786,2.834154,104.162024,Pahang,06,Rompin,09,,,,,
OSM_node_7293782485,Chebeh,Chebeh,Chebeh,Attraction,tourism=attraction,node,7293782485,2.933022,104.098045,Pahang,06,Rompin,09,,,,,
OSM_node_4333843616,Paintball,Paintball,,Attraction,tourism=attraction,node,4333843616,2.787834,104.122048,Pahang,06,Rompin,09,,,,,
OSM_node_7314659186,Pulau Labas,Labas Island,Pulau Labas,Attraction,tourism=attraction,node,7314659186,2.888182,104.065346,Pahang,06,Rompin,09,,,,,
OSM_node_7314659285,Pulau Sepoi,Sepoi Island,Pulau Sepoi,Attraction,tourism=attraction,node,7314659285,2.897793,104.050922,Pahang,06,Rompin,09,,,,,
OSM_node_7314659185,Pulau Tulai,Tulai Bay,Pulau Tulai,Attraction,tourism=attraction,node,7314659185,2.910956,104.107534,Pahang,06,Rompin,09,,,,,
OSM_node_5865671285,Renggis island,,,Attraction,tourism=attraction,node,5865671285,2.80994,104.135567,Pahang,06,Rompin,09,,,,,
OSM_node_12669897001,Schnorcheln,,,Attraction,tourism=attraction,node,12669897001,2.848579,104.156742,Pahang,06,Rompin,09,,,,,
OSM_node_9789539519,Snorkeling,Snorkeling,,Attraction,tourism=attraction,node,9789539519,2.788836,104.204194,Pahang,06,Rompin,09,,,,,
OSM_node_6780435586,Snorkeling Area,Snorkeling Area,,Attraction,tourism=attraction,node,6780435586,2.844713,104.159012,Pahang,06,Rompin,09,,,,,
OSM_node_5917212286,Snorkeling Point,Snorkeling Point,,Attraction,tourism=attraction,node,5917212286,2.843263,104.159119,Pahang,06,Rompin,09,,,,,
OSM_node_6432102130,Taman Laut Tioman,,,Attraction,tourism=attraction,node,6432102130,2.833042,104.160397,Pahang,06,Rompin,09,,,,,
OSM_node_7314659287,Tanjung Tomok,Tomok Cape,Tanjung Tomok,Attraction,tourism=attraction,node,7314659287,2.79178,104.121361,Pahang,06,Rompin,09,,,,,
OSM_way_134398271,ABC Beach,ABC Beach,,Beach,natural=beach,way,134398271,2.847525,104.158692,Pahang,06,Rompin,09,,,,,
OSM_way_186999850,Monkey Beach,Monkey Beach,,Beach,natural=beach,way,186999850,2.859492,104.151085,Pahang,06,Rompin,09,,,,,
OSM_way_1085785109,Pantai Paya,Paya Beach,Pantai Paya,Beach,natural=beach,way,1085785109,2.787069,104.12057,Pahang,06,Rompin,09,,,,,
OSM_way_106609902,Unnamed Beach,,,Beach,natural=beach,way,106609902,2.784097,104.205253,Pahang,06,Rompin,09,,,,,
OSM_way_134398272,Unnamed Beach,,,Beach,natural=beach,way,134398272,2.835346,104.16017,Pahang,06,Rompin,09,,,,,
OSM_way_186999847,Unnamed Beach,,,Beach,natural=beach,way,186999847,2.86363,104.15363,Pahang,06,Rompin,09,,,,,
OSM_way_228173564,Unnamed Beach,,,Beach,natural=beach,way,228173564,2.875938,104.153401,Pahang,06,Rompin,09,,,,,
OSM_way_228173675,Unnamed Beach,,,Beach,natural=beach,way,228173675,2.906987,104.100071,Pahang,06,Rompin,09,,,,,
OSM_way_243650394,Unnamed Beach,,,Beach,natural=beach,way,243650394,2.720101,104.152413,Pahang,06,Rompin,09,,,,,
OSM_way_243653601,Unnamed Beach,,,Beach,natural=beach,way,243653601,2.71823,104.172438,Pahang,06,Rompin,09,,,,,
OSM_way_285730530,Unnamed Beach,,,Beach,natural=beach,way,285730530,2.740356,104.131486,Pahang,06,Rompin,09,,,,,
OSM_way_295046322,Unnamed Beach,,,Beach,natural=beach,way,295046322,2.766033,104.121695,Pahang,06,Rompin,09,,,,,
OSM_way_295046323,Unnamed Beach,,,Beach,natural=beach,way,295046323,2.763051,104.122192,Pahang,06,Rompin,09,,,,,
OSM_way_295047782,Unnamed Beach,,,Beach,natural=beach,way,295047782,2.760397,104.122773,Pahang,06,Rompin,09,,,,,
OSM_way_406768777,Unnamed Beach,,,Beach,natural=beach,way,406768777,2.806703,104.139284,Pahang,06,Rompin,09,,,,,
OSM_way_406768779,Unnamed Beach,,,Beach,natural=beach,way,406768779,2.801759,104.131137,Pahang,06,Rompin,09,,,,,
OSM_way_406768780,Unnamed Beach,,,Beach,natural=beach,way,406768780,2.811069,104.146051,Pahang,06,Rompin,09,,,,,
OSM_way_406770360,Unnamed Beach,,,Beach,natural=beach,way,406770360,2.815556,104.151687,Pahang,06,Rompin,09,,,,,
OSM_way_488971732,Unnamed Beach,,,Beach,natural=beach,way,488971732,2.851221,104.153773,Pahang,06,Rompin,09,,,,,
OSM_way_491948921,Unnamed Beach,,,Beach,natural=beach,way,491948921,2.79484,104.204966,Pahang,06,Rompin,09,,,,,
OSM_way_640126430,Unnamed Beach,,,Beach,natural=beach,way,640126430,2.824113,104.160886,Pahang,06,Rompin,09,,,,,
OSM_way_894105622,Unnamed Beach,,,Beach,natural=beach,way,894105622,2.827551,103.478088,Pahang,06,Rompin,09,,,,,
OSM_way_900428844,Unnamed Beach,,,Beach,natural=beach,way,900428844,2.743287,104.125641,Pahang,06,Rompin,09,,,,,
OSM_way_957114920,Unnamed Beach,,,Beach,natural=beach,way,957114920,2.6588,103.630928,Pahang,06,Rompin,09,,,,,
OSM_way_1039559295,Unnamed Beach,,,Beach,natural=beach,way,1039559295,2.777079,104.118363,Pahang,06,Rompin,09,,,,,
OSM_way_1039559305,Unnamed Beach,,,Beach,natural=beach,way,1039559305,2.769354,104.121169,Pahang,06,Rompin,09,,,,,
OSM_way_1039560661,Unnamed Beach,,,Beach,natural=beach,way,1039560661,2.916893,104.101673,Pahang,06,Rompin,09,,,,,
OSM_way_1039560662,Unnamed Beach,,,Beach,natural=beach,way,1039560662,2.912549,104.10416,Pahang,06,Rompin,09,,,,,
OSM_way_1039560663,Unnamed Beach,,,Beach,natural=beach,way,1039560663,2.91015,104.110491,Pahang,06,Rompin,09,,,,,
OSM_way_1039560664,Unnamed Beach,,,Beach,natural=beach,way,1039560664,2.906536,104.103122,Pahang,06,Rompin,09,,,,,
OSM_way_1039560665,Unnamed Beach,,,Beach,natural=beach,way,1039560665,2.907229,104.104403,Pahang,06,Rompin,09,,,,,
OSM_way_1278240307,Unnamed Beach,,,Beach,natural=beach,way,1278240307,2.850014,104.15544,Pahang,06,Rompin,09,,,,,
OSM_way_1278565253,Unnamed Beach,,,Beach,natural=beach,way,1278565253,2.798315,104.208303,Pahang,06,Rompin,09,,,,,
OSM_node_4297922789,Malang Rock,Malang Rock,,Historic Site (Monument),historic=monument,node,4297922789,2.90349,104.104397,Pahang,06,Rompin,09,,,,,
OSM_node_11748599794,Batu Permata,,Batu Permata,Viewpoint,tourism=viewpoint,node,11748599794,2.744759,104.12351,Pahang,06,Rompin,09,,,,,
OSM_node_2512452536,Unnamed Viewpoint,,,Viewpoint,tourism=viewpoint,node,2512452536,2.723703,104.154298,Pahang,06,Rompin,09,,,,,
OSM_node_5860136185,Unnamed Viewpoint,,,Viewpoint,tourism=viewpoint,node,5860136185,2.851652,104.153523,Pahang,06,Rompin,09,,,,,
OSM_node_5880204985,Unnamed Viewpoint,,,Viewpoint,tourism=viewpoint,node,5880204985,2.813602,104.150578,Pahang,06,Rompin,09,,,,,
OSM_node_12853520912,Air Terjun Jaa Ang,Jaa Ang Falls,,Waterfall,waterway=waterfall,node,12853520912,2.591712,103.410702,Pahang,06,Rompin,09,,,,,
OSM_node_8445103975,Air Terjun Padang Batu,Padang Batu Falls,,Waterfall,waterway=waterfall,node,8445103975,2.583286,103.405177,Pahang,06,Rompin,09,,,,,
OSM_node_6093336624,Air Terjun Seri Mahkota,Seri Mahkota Fall,,Waterfall,waterway=waterfall,node,6093336624,2.618137,103.347775,Pahang,06,Rompin,09,,,,,
OSM_node_1226088772,Ali's Waterfall,,,Waterfall,waterway=waterfall,node,1226088772,2.805387,104.186685,Pahang,06,Rompin,09,,,,,
OSM_node_2510318350,Asah Waterfalls,Asah Waterfalls,,Waterfall,waterway=waterfall,node,2510318350,2.725448,104.192179,Pahang,06,Rompin,09,,,,,
OSM_node_5356260523,Asah Waterfalls,Asah Waterfalls,,Waterfall,waterway=waterfall,node,5356260523,2.72593,104.191906,Pahang,06,Rompin,09,,,,,
OSM_node_11337090769,Taling Cascade,Taling Cascade,Taling Cascade,Waterfall,waterway=waterfall,node,11337090769,2.756446,104.125919,Pahang,06,Rompin,09,,,,,
OSM_node_3626082431,Unnamed Waterfall,,,Waterfall,waterway=waterfall,node,3626082431,2.777173,104.192678,Pahang,06,Rompin,09,,,,,
OSM_node_12703877301,Unnamed Waterfall,,,Waterfall,waterway=waterfall,node,12703877301,2.800495,104.134764,Pahang,06,Rompin,09,,,,,
OSM_node_12853520684,Unnamed Waterfall,,,Waterfall,waterway=waterfall,node,12853520684,2.601449,103.385478,Pahang,06,Rompin,09,,,,,
OSM_node_13949286366,Unnamed Waterfall,,,Waterfall,waterway=waterfall,node,13949286366,2.675045,103.27897,Pahang,06,Rompin,09,,,,,
OSM_node_1477783209,Marine Park,Marine Park,,Zoo,tourism=zoo,node,1477783209,2.834149,104.162643,Pahang,06,Rompin,09,,,,,
OSM_node_4226809990,Car Boot Sale d'Temerloh,,,Attraction,tourism=attraction,node,4226809990,3.449706,102.422449,Pahang,06,Temerloh,08,,,Sa 10:00-22:00,,
OSM_node_2629607817,Deerland Park,,,Attraction,tourism=attraction,node,2629607817,3.58553,102.168245,Pahang,06,Temerloh,08,,,,,
OSM_way_257431258,Kuala Gandah Elephant Sanctuary,,,Attraction,tourism=attraction,way,257431258,3.59163,102.144622,Pahang,06,Temerloh,08,,,,,
OSM_node_8277491640,Landslide Incident Dec 2007,,,Attraction,tourism=attraction,node,8277491640,3.473846,102.374915,Pahang,06,Temerloh,08,,,,,
OSM_node_2785453089,Pekan Sehari Temerloh,,,Attraction,tourism=attraction,node,2785453089,3.448742,102.423025,Pahang,06,Temerloh,08,,,Su 08:00+,,
OSM_node_8463579945,Titik Tengah Semenanjung,,,Attraction,tourism=attraction,node,8463579945,3.493588,102.21999,Pahang,06,Temerloh,08,,,,,
OSM_way_884973003,Istana Sri Udara,,,Historic Site (Castle),historic=castle,way,884973003,3.448404,102.421629,Pahang,06,Temerloh,08,,,,,
OSM_node_6897638531,Unnamed Historic Site (Monument),,,Historic Site (Monument),historic=monument,node,6897638531,3.448257,102.11415,Pahang,06,Temerloh,08,,,,,
OSM_node_9176593558,Esplanade,,,Viewpoint,tourism=viewpoint,node,9176593558,3.451021,102.423126,Pahang,06,Temerloh,08,,,,,
OSM_node_9176593557,Unnamed Viewpoint,,,Viewpoint,tourism=viewpoint,node,9176593557,3.451372,102.423136,Pahang,06,Temerloh,08,,,,,
OSM_node_12228375349,Unnamed Viewpoint,,,Viewpoint,tourism=viewpoint,node,12228375349,3.478168,102.224431,Pahang,06,Temerloh,08,,,,,
OSM_way_1300807744,Unnamed Viewpoint,,,Viewpoint,tourism=viewpoint,way,1300807744,3.446413,102.423906,Pahang,06,Temerloh,08,,,,,
OSM_node_4232772705,outcrop 1,,,Viewpoint,tourism=viewpoint,node,4232772705,3.433167,102.416069,Pahang,06,Temerloh,08,,,,,
OSM_node_4236688589,outcrop 2,,,Viewpoint,tourism=viewpoint,node,4236688589,3.450198,102.415495,Pahang,06,Temerloh,08,,,,,
OSM_way_898451339,Kubang Gajah Waterpark,,,Water Park,leisure=water_park,way,898451339,3.443858,102.423118,Pahang,06,Temerloh,08,,,,,
OSM_node_3206570989,Lata Bujang,,,Waterfall,waterway=waterfall,node,3206570989,3.810109,102.192803,Pahang,06,Temerloh,08,,,,,
OSM_way_560666015,Jeti Bagan Datuk,Bagan Datuk Pier,Jeti Bagan Datuk,Attraction,tourism=attraction,way,560666015,3.992951,100.785336,Perak,08,Bagan Datuk,12,,,,,
OSM_relation_17221858,Unnamed Beach,,,Beach,natural=beach,relation,17221858,4.005614,100.547168,Perak,08,Bagan Datuk,12,,,,,
OSM_node_10673354907,B89,,,Historic Site (Castle),historic=castle,node,10673354907,3.986815,101.373693,Perak,08,Batang Padang,01,,,,,
OSM_node_11207123260,Unnamed Viewpoint,,,Viewpoint,tourism=viewpoint,node,11207123260,4.155079,101.433648,Perak,08,Batang Padang,01,,,,,
OSM_node_11210002127,Unnamed Viewpoint,,,Viewpoint,tourism=viewpoint,node,11210002127,4.221683,101.418574,Perak,08,Batang Padang,01,,,,,
OSM_node_11341316019,Unnamed Viewpoint,,,Viewpoint,tourism=viewpoint,node,11341316019,4.361457,101.34665,Perak,08,Batang Padang,01,,,,,
OSM_node_11343744072,Unnamed Viewpoint,,,Viewpoint,tourism=viewpoint,node,11343744072,3.820406,101.316043,Perak,08,Batang Padang,01,,,,,
OSM_node_11358599034,Unnamed Viewpoint,,,Viewpoint,tourism=viewpoint,node,11358599034,4.38514,101.373917,Perak,08,Batang Padang,01,,,,,
OSM_node_12912188565,Unnamed Viewpoint,,,Viewpoint,tourism=viewpoint,node,12912188565,3.901256,101.330697,Perak,08,Batang Padang,01,,,,,
OSM_node_2431948409,Kolam Air Panas Felda Sungai Klah,Felda Sungai Klah Hot Springs,,Water Park,leisure=water_park,node,2431948409,3.99603,101.392929,Perak,08,Batang Padang,01,,,,,
OSM_way_1150097291,Refarm,Refarm,,Water Park,leisure=water_park,way,1150097291,4.271588,101.171661,Perak,08,Batang Padang,01,,,,,
OSM_node_12434925075,Enggang Falls,,Lata Enggang,Waterfall,waterway=waterfall,node,12434925075,4.012509,101.423939,Perak,08,Batang Padang,01,,,,,
OSM_node_6090120036,Gepai Falls,,Air Terjun Gepai,Waterfall,waterway=waterfall,node,6090120036,4.12008,101.330831,Perak,08,Batang Padang,01,,,,,
OSM_node_4664822627,Lata Iskandar,,,Waterfall,waterway=waterfall,node,4664822627,4.324775,101.324152,Perak,08,Batang Padang,01,,,,,
OSM_node_4450181494,Lata Kinjang,Lata Kinjang Waterfall,Lata Kinjang,Waterfall,waterway=waterfall,node,4450181494,4.302574,101.255041,Perak,08,Batang Padang,01,,,,,
OSM_node_6090858900,Lata Yuk,,Lata Yuk,Waterfall,waterway=waterfall,node,6090858900,4.301136,101.258955,Perak,08,Batang Padang,01,,,,,
OSM_node_11208050482,Terbunuh Falls,,,Waterfall,waterway=waterfall,node,11208050482,4.222737,101.433726,Perak,08,Batang Padang,01,,,,,
OSM_node_2496285097,Tigok Falls,,,Waterfall,waterway=waterfall,node,2496285097,4.172513,101.420925,Perak,08,Batang Padang,01,,,,,
OSM_node_12428328510,Trolak Timur Falls 1,,,Waterfall,waterway=waterfall,node,12428328510,3.957525,101.428766,Perak,08,Batang Padang,01,,,,,
OSM_node_12428328731,Trolak Timur Falls 2,,,Waterfall,waterway=waterfall,node,12428328731,3.95794,101.429552,Perak,08,Batang Padang,01,,,,,
OSM_node_12428258280,Trolak Timur Falls 3,,,Waterfall,waterway=waterfall,node,12428258280,3.959055,101.432271,Perak,08,Batang Padang,01,,,,,
OSM_node_11341320513,Unnamed Waterfall,,,Waterfall,waterway=waterfall,node,11341320513,4.314203,101.327523,Perak,08,Batang Padang,01,,,,,
OSM_node_11676911515,Unnamed Waterfall,,,Waterfall,waterway=waterfall,node,11676911515,4.299954,101.254487,Perak,08,Batang Padang,01,,,,,
OSM_node_12428328744,Unnamed Waterfall,,,Waterfall,waterway=waterfall,node,12428328744,3.956527,101.427374,Perak,08,Batang Padang,01,,,,,
OSM_node_12888012104,Unnamed Waterfall,,,Waterfall,waterway=waterfall,node,12888012104,4.281161,101.310285,Perak,08,Batang Padang,01,,,,,
OSM_node_12888012192,Unnamed Waterfall,,,Waterfall,waterway=waterfall,node,12888012192,4.27165,101.31403,Perak,08,Batang Padang,01,,,,,
OSM_node_12892330254,Unnamed Waterfall,,,Waterfall,waterway=waterfall,node,12892330254,4.394166,101.394517,Perak,08,Batang Padang,01,,,,,
OSM_node_12892330265,Unnamed Waterfall,,,Waterfall,waterway=waterfall,node,12892330265,4.390336,101.401502,Perak,08,Batang Padang,01,,,,,
OSM_node_13619249056,Unnamed Waterfall,,,Waterfall,waterway=waterfall,node,13619249056,4.012511,101.42438,Perak,08,Batang Padang,01,,,,,
OSM_node_13906497306,Unnamed Waterfall,,,Waterfall,waterway=waterfall,node,13906497306,4.201013,101.386233,Perak,08,Batang Padang,01,,,,,
OSM_relation_21123991,Pusat Konservasi Hidupan Liar Sungkai,Sungkai Wildlife Conservation Centre,,Zoo,tourism=zoo,relation,21123991,4.035033,101.365356,Perak,08,Batang Padang,01,,,,,
OSM_way_1541148047,Pusat Menyelamat Hidupan Liar Kebangsaan,National Wildlife Rescue Centre,,Zoo,tourism=zoo,way,1541148047,4.033799,101.375798,Perak,08,Batang Padang,01,,,,,
OSM_way_554317963,Menara Condong Teluk Intan,Leaning Tower of Teluk Intan,,Attraction,tourism=attraction,way,554317963,4.025193,101.019384,Perak,08,Hilir Perak,07,,,,,
OSM_node_14140505602,Jomok home base,,,Historic Site (Memorial),historic=memorial,node,14140505602,4.034803,101.014843,Perak,08,Hilir Perak,07,,,,,
OSM_node_4380717489,Balai Polis Lama Teluk Intan,Teluk Intan Old Police Station,,Historic Site (Ruins),historic=ruins,node,4380717489,4.02368,101.018496,Perak,08,Hilir Perak,07,,,,,
OSM_node_4380679591,Istana Lama Raja Muda Perak,Raja Muda Perak Old Castle,,Historic Site (Ruins),historic=ruins,node,4380679591,4.025666,101.02448,Perak,08,Hilir Perak,07,,,,,
OSM_way_273017683,Gaharu Tea Valley,,,Attraction,tourism=attraction,way,273017683,4.460772,101.195929,Perak,08,Kampar,10,,,,,yes
OSM_node_11343467067,Gua Tempurung,Tempurung Cave,Gua Tempurung,Attraction,tourism=attraction,node,11343467067,4.416997,101.188155,Perak,08,Kampar,10,,,,yes,
OSM_node_7936577152,Japanese Carbide Factory Chimney,Japanese Carbide Factory Chimney,,Attraction,tourism=attraction,node,7936577152,4.347747,101.124173,Perak,08,Kampar,10,,,,,
OSM_node_4294584303,Riverbug,,,Attraction,tourism=attraction,node,4294584303,4.4438,101.19908,Perak,08,Kampar,10,,,,,
OSM_way_1278728612,Lake 19 Loose Sand Area,,,Beach,natural=beach,way,1278728612,4.335895,101.137494,Perak,08,Kampar,10,,,,,
OSM_node_11682826955,WWII ammo box remnants,,,Historic Site (Artifact),historic=artifact,node,11682826955,4.30327,101.197162,Perak,08,Kampar,10,,,,,
OSM_node_8015462610,IPOH Sign,,,Historic Site (Monument),historic=monument,node,8015462610,4.47743,101.17337,Perak,08,Kampar,10,,,,,
OSM_node_5287341250,Menara Jam Kampar,Kampar Clock Tower,,Historic Site (Monument),historic=monument,node,5287341250,4.308956,101.153461,Perak,08,Kampar,10,,,,,
OSM_node_4270980293,Paip Besar Gopeng,,,Historic Site (Monument),historic=monument,node,4270980293,4.46827,101.16445,Perak,08,Kampar,10,,,,,
OSM_node_2854344984,Gopeng Museum,,,Museum,tourism=museum,node,2854344984,4.47397,101.166815,Perak,08,Kampar,10,,,,,
OSM_node_2854344985,Gopeng Museum - Heritage House,,,Museum,tourism=museum,node,2854344985,4.474103,101.167596,Perak,08,Kampar,10,,,,,
OSM_way_480978259,Muzium Perlombongan Bijih Timah Kinta,Kinta Tin Mining Museum,Muzium Perlombongan Bijih Timah Kinta,Museum,tourism=museum,way,480978259,4.325899,101.146516,Perak,08,Kampar,10,,,,,
OSM_way_1380153011,Unnamed Theme Park,,,Theme Park,tourism=theme_park,way,1380153011,4.313188,101.151141,Perak,08,Kampar,10,,,,,
OSM_node_6709238347,Bukit Batu Putih,Batu Putih Peak,,Viewpoint,tourism=viewpoint,node,6709238347,4.449663,101.201988,Perak,08,Kampar,10,,,,,
OSM_node_11692341795,Unnamed Viewpoint,,,Viewpoint,tourism=viewpoint,node,11692341795,4.537637,101.274733,Perak,08,Kampar,10,,,,,
OSM_node_11849834395,Unnamed Viewpoint,,,Viewpoint,tourism=viewpoint,node,11849834395,4.450708,101.200159,Perak,08,Kampar,10,,,,,
OSM_node_11849834410,Unnamed Viewpoint,,,Viewpoint,tourism=viewpoint,node,11849834410,4.453835,101.19666,Perak,08,Kampar,10,,,,,
OSM_node_6090095566,Air Terjun Batu Berangkai,Batu Berangkai Falls,,Waterfall,waterway=waterfall,node,6090095566,4.308075,101.169293,Perak,08,Kampar,10,,,,,
OSM_node_6090447989,Air Terjun Sungai Salu,Salu Falls,Air Terjun Sungai Salu,Waterfall,waterway=waterfall,node,6090447989,4.376696,101.17389,Perak,08,Kampar,10,,,,no,
OSM_node_6090789452,Damak Fall,,,Waterfall,waterway=waterfall,node,6090789452,4.438895,101.261925,Perak,08,Kampar,10,,,,,
OSM_node_6090126432,Geruntum Falls,,Air Terjun Geruntum,Waterfall,waterway=waterfall,node,6090126432,4.46613,101.223096,Perak,08,Kampar,10,,,,,
OSM_node_12377715693,Petai Falls,,Lata Petai,Waterfall,waterway=waterfall,node,12377715693,4.331223,101.165884,Perak,08,Kampar,10,,,,,
OSM_node_2187968636,Pos Dipang Falls,,,Waterfall,waterway=waterfall,node,2187968636,4.368149,101.265648,Perak,08,Kampar,10,,,,,
OSM_node_10151694125,Unnamed Waterfall,,,Waterfall,waterway=waterfall,node,10151694125,4.516479,101.281022,Perak,08,Kampar,10,,,,,
OSM_node_12377715692,Unnamed Waterfall,,,Waterfall,waterway=waterfall,node,12377715692,4.332325,101.16039,Perak,08,Kampar,10,,,,,
OSM_node_12377715694,Unnamed Waterfall,,,Waterfall,waterway=waterfall,node,12377715694,4.331255,101.165745,Perak,08,Kampar,10,,,,,
OSM_node_12377715696,Unnamed Waterfall,,,Waterfall,waterway=waterfall,node,12377715696,4.331276,101.165259,Perak,08,Kampar,10,,,,,
OSM_node_5013245322,Ban Pecah,Ban Pecah,Ban Pecah,Attraction,tourism=attraction,node,5013245322,5.045517,100.383633,Perak,08,Kerian,04,,,,,
OSM_node_5225919925,Fish Nursery,,,Attraction,tourism=attraction,node,5225919925,4.848505,100.624647,Perak,08,Kerian,04,,,,,
OSM_node_11812406662,Galeri Kerian,,,Attraction,tourism=attraction,node,11812406662,5.111016,100.481228,Perak,08,Kerian,04,,,,,
OSM_node_2432009147,Kampung Dew Firefly,,,Attraction,tourism=attraction,node,2432009147,4.908142,100.661147,Perak,08,Kerian,04,,,,,
OSM_node_4746310023,Orang Utan Island,Orang Utan Island,,Attraction,tourism=attraction,node,4746310023,5.008947,100.675722,Perak,08,Kerian,04,,,,,
OSM_relation_12236160,Unnamed Beach,,,Beach,natural=beach,relation,12236160,5.017491,100.399699,Perak,08,Kerian,04,,,,,
OSM_way_1026830248,Unnamed Historic Site (Fort),,,Historic Site (Fort),historic=fort,way,1026830248,5.004283,100.544747,Perak,08,Kerian,04,,,,,
OSM_way_238800186,Bukit Merah Laketown Resort Theme Park,Bukit Merah Laketown Resort Theme Park,,Theme Park,tourism=theme_park,way,238800186,4.996727,100.659323,Perak,08,Kerian,04,,,,,
OSM_node_6601934786,Ban Pecah 1,Ban Pecah 1,Ban Pecah 1,Viewpoint,tourism=viewpoint,node,6601934786,5.044373,100.383822,Perak,08,Kerian,04,,,,,
OSM_node_6601915086,Ban Pecah 2,,,Viewpoint,tourism=viewpoint,node,6601915086,5.023794,100.394436,Perak,08,Kerian,04,,,,,
OSM_node_2432006323,Kuala Gula Bird Sanctuary,Kuala Gula Bird Sanctuary,,Viewpoint,tourism=viewpoint,node,2432006323,4.943202,100.470002,Perak,08,Kerian,04,,,,,
OSM_node_6601918985,Pantai Ban Pecah,,,Viewpoint,tourism=viewpoint,node,6601918985,5.018107,100.399736,Perak,08,Kerian,04,,,,,
OSM_node_12985249994,Fu Yun Lai Aquarium,,,Aquarium,tourism=aquarium,node,12985249994,4.572017,101.115498,Perak,08,Kinta,03,,,,,
OSM_node_4540711689,Birch Memorial Clock Tower,Birch Memorial Clock Tower,Menara Jam Peringatan Birch,Attraction,tourism=attraction,node,4540711689,4.596828,101.076192,Perak,08,Kinta,03,,,,,
OSM_node_7138871885,Bridge,,,Attraction,tourism=attraction,node,7138871885,4.600021,101.07877,Perak,08,Kinta,03,,,,,
OSM_node_5383877122,Cara Rolando Cafe,,,Attraction,tourism=attraction,node,5383877122,4.598306,101.078553,Perak,08,Kinta,03,,,,,
OSM_way_1300905706,Concubine Lane,Concubine Lane,,Attraction,tourism=attraction,way,1300905706,4.596201,101.078413,Perak,08,Kinta,03,,,,,
OSM_node_5798705654,Dam,,,Attraction,tourism=attraction,node,5798705654,4.59945,101.078726,Perak,08,Kinta,03,,,,,
OSM_node_4936376629,Fantasy House Trick Art,Fantasy House Trick Art,,Attraction,tourism=attraction,node,4936376629,4.59645,101.077352,Perak,08,Kinta,03,,052550007,Mo-Fr 09:00-18:00; Sa-Su 09:00-20:00,,
OSM_node_4631661789,Gerbang Malam,Gerbang Malam,,Attraction,tourism=attraction,node,4631661789,4.59644,101.084715,Perak,08,Kinta,03,,,,,
OSM_node_2636897613,Gunung Lang,,,Attraction,tourism=attraction,node,2636897613,4.623926,101.089196,Perak,08,Kinta,03,,,,,
OSM_node_12672244937,Hobbitoon Village,,,Attraction,tourism=attraction,node,12672244937,4.567587,101.330215,Perak,08,Kinta,03,,,,yes,
OSM_way_299647034,Ipoh,Ipoh,Ipoh,Attraction,tourism=attraction,way,299647034,4.598149,101.07339,Perak,08,Kinta,03,https://mrt.com.my/ktm_intercity/Ipoh.htm,,,,yes
OSM_node_4348357795,Ipoh Railway Station,Ipoh Railway Station,,Attraction,tourism=attraction,node,4348357795,4.597042,101.073566,Perak,08,Kinta,03,,,,,
OSM_node_4464472692,Kong Heng Square Market,,,Attraction,tourism=attraction,node,4464472692,4.596518,101.07753,Perak,08,Kinta,03,,,,,
OSM_node_2638095412,Ling Sen Tong Temple 灵仙岩,Ling Sen Tong Temple,,Attraction,tourism=attraction,node,2638095412,4.5663,101.114203,Perak,08,Kinta,03,,,Mo-Su 09:00-16:30,,
OSM_way_991338950,Little India,,,Attraction,tourism=attraction,way,991338950,4.592928,101.075422,Perak,08,Kinta,03,,,,,
OSM_node_7227747371,Little India gate,,,Attraction,tourism=attraction,node,7227747371,4.592208,101.074647,Perak,08,Kinta,03,,,,,
OSM_node_6090414695,Lubuk Timah Falls,,Air Terjun Lubuk Timah,Attraction,tourism=attraction,node,6090414695,4.558313,101.165121,Perak,08,Kinta,03,,,,,
OSM_node_5112770323,Monday Night Market,,,Attraction,tourism=attraction,node,5112770323,4.57821,101.122974,Perak,08,Kinta,03,,,,,
OSM_way_768800764,Nam Thean Tong Temple 南天洞,Nam Thean Tong Temple,,Attraction,tourism=attraction,way,768800764,4.565533,101.114794,Perak,08,Kinta,03,,,Mo-Su 09:00-16:30,,
OSM_node_4127568895,Night market,,,Attraction,tourism=attraction,node,4127568895,4.595545,101.084528,Perak,08,Kinta,03,,,,,
OSM_node_13462422001,Papan Heritage Village,,,Attraction,tourism=attraction,node,13462422001,4.514727,101.011966,Perak,08,Kinta,03,,,,,
OSM_node_3918239850,Qing Xin Ling Leisure & Cultural Village,Qing Xin Ling Leisure & Cultural Village,,Attraction,tourism=attraction,node,3918239850,4.561842,101.123398,Perak,08,Kinta,03,,,,,
OSM_node_4596223490,Rumah Ipoh,,,Attraction,tourism=attraction,node,4596223490,4.663559,101.103714,Perak,08,Kinta,03,,,,,
OSM_node_2638098456,Sam Poh Tong 三宝洞,,,Attraction,tourism=attraction,node,2638098456,4.563738,101.115415,Perak,08,Kinta,03,,,,,
OSM_relation_3936614,Seen Hock Yeen,Seen Hock Yeen,Seen Hock Yeen,Attraction,tourism=attraction,relation,3936614,4.731318,101.127401,Perak,08,Kinta,03,,,,,
OSM_node_5485921021,"Street Art - ""Hide and Seek""",,,Attraction,tourism=attraction,node,5485921021,4.59708,101.084035,Perak,08,Kinta,03,,,,,
OSM_node_10271348755,TT5 Maze Park,TT5 Maze Park,,Attraction,tourism=attraction,node,10271348755,4.395875,101.05328,Perak,08,Kinta,03,,0178752663,,,
OSM_way_281478088,Taman Herba Negeri Perak,Perak State Herb Park,,Attraction,tourism=attraction,way,281478088,4.504077,101.139748,Perak,08,Kinta,03,,,,,
OSM_way_696105994,Tasik Cermin,Mirror Lake,Tasik Cermin,Attraction,tourism=attraction,way,696105994,4.558951,101.120273,Perak,08,Kinta,03,,,,,
OSM_way_696105995,Tasik Cermin 2,Mirror lake 2,,Attraction,tourism=attraction,way,696105995,4.557043,101.118868,Perak,08,Kinta,03,,,,,
OSM_node_4348356590,Tong Sui Kai,,,Attraction,tourism=attraction,node,4348356590,4.595734,101.08727,Perak,08,Kinta,03,,,Mo-Su 18:00-02:00,,
OSM_node_5114921423,Tuesday Night Market,,,Attraction,tourism=attraction,node,5114921423,4.615127,101.120841,Perak,08,Kinta,03,,,,,
OSM_node_13520765202,Unnamed Attraction,,,Attraction,tourism=attraction,node,13520765202,4.594871,101.081083,Perak,08,Kinta,03,,,,,
OSM_way_891151791,Unnamed Attraction,,,Attraction,tourism=attraction,way,891151791,4.554534,101.129919,Perak,08,Kinta,03,,,,,
OSM_way_1234887148,Unnamed Attraction,,,Attraction,tourism=attraction,way,1234887148,4.558012,101.118169,Perak,08,Kinta,03,,,,,
OSM_way_753495753,巴占文化旅游馆,,,Attraction,tourism=attraction,way,753495753,4.640687,101.129148,Perak,08,Kinta,03,,,,,
OSM_node_2647235739,广福岩,,,Attraction,tourism=attraction,node,2647235739,4.517464,101.138656,Perak,08,Kinta,03,,,,,
OSM_way_824860061,Galeri Puo,,,Gallery,tourism=gallery,way,824860061,4.587443,101.124908,Perak,08,Kinta,03,,,,,
OSM_node_9328905632,Koo S Art Gallery,,,Gallery,tourism=gallery,node,9328905632,4.611371,101.111042,Perak,08,Kinta,03,,,,,
OSM_node_12013422090,Upside Down World,,,Gallery,tourism=gallery,node,12013422090,4.597391,101.078508,Perak,08,Kinta,03,,,,,
OSM_relation_8106587,Dewan Bandaran Ipoh,Ipoh Town Hall,,Historic Site (Building),historic=building,relation,8106587,4.597154,101.075083,Perak,08,Kinta,03,,,,,
OSM_way_958139421,Istana Al-Ridhuan Perak,,,Historic Site (Castle),historic=castle,way,958139421,4.596538,101.100352,Perak,08,Kinta,03,,,,,
OSM_way_778885769,Istana Cempaka Sari,,,Historic Site (Castle),historic=castle,way,778885769,4.586841,101.112406,Perak,08,Kinta,03,,,,,
OSM_node_6431992711,Istana Kinta,,,Historic Site (Castle),historic=castle,node,6431992711,4.58823,101.099819,Perak,08,Kinta,03,,,,,
OSM_node_5255109886,Istana Raja Billah,,,Historic Site (Castle),historic=castle,node,5255109886,4.515292,101.012995,Perak,08,Kinta,03,,,,,
OSM_way_339101041,Kellie's Castle,,Istana Kellie,Historic Site (Castle),historic=castle,way,339101041,4.474482,101.087755,Perak,08,Kinta,03,https://www.malaysia.travel/en/intl/places/states-of-malaysia/perak/kellies-castle,,,,
OSM_way_1365549438,Kampung Tawas Arch,,,Historic Site (Gate),historic=gate,way,1365549438,4.649156,101.102901,Perak,08,Kinta,03,,,,,
OSM_node_12577828801,Tree of Success - Pokok Kejayaan,,,Historic Site (Memorial),historic=memorial,node,12577828801,4.603065,101.08272,Perak,08,Kinta,03,,,,,
OSM_node_10266410891,Unnamed Historic Site (Memorial),,,Historic Site (Memorial),historic=memorial,node,10266410891,4.597589,101.074204,Perak,08,Kinta,03,,,,,
OSM_node_12013436758,Unnamed Historic Site (Memorial),,,Historic Site (Memorial),historic=memorial,node,12013436758,4.598028,101.078961,Perak,08,Kinta,03,,,,,
OSM_node_8280282551,IPOH Sign,,,Historic Site (Monument),historic=monument,node,8280282551,4.631209,101.086918,Perak,08,Kinta,03,,,,,
OSM_node_4792759211,Kek Lok Seah Monument,Kek Lok Seah Monument,,Historic Site (Monument),historic=monument,node,4792759211,4.57985,101.077463,Perak,08,Kinta,03,,,,,
OSM_way_208505211,Tanjung Tualang Tin Dredge No. 5 (TT5),Tanjung Tualang Tin Dredge No. 5 (TT5),,Historic Site (Monument),historic=monument,way,208505211,4.396923,101.053138,Perak,08,Kinta,03,https://tt5perak.com/,,,,
OSM_node_13874847801,abandoned houses,,,Historic Site (Ruins),historic=ruins,node,13874847801,4.591724,101.080334,Perak,08,Kinta,03,,,,,
OSM_node_12012284608,22 Hale Street Gallery,,,Museum,tourism=museum,node,12012284608,4.597626,101.078423,Perak,08,Kinta,03,,,,,
OSM_node_12284577501,Akash Classics Malaysia,,,Museum,tourism=museum,node,12284577501,4.603185,101.11216,Perak,08,Kinta,03,,,,,
OSM_way_704563221,Darul Ridzuan Museum,,Muzium Darul Ridzuan,Museum,tourism=museum,way,704563221,4.604518,101.078107,Perak,08,Kinta,03,,,,,
OSM_way_704563220,Geological Museum Ipoh,,Muzium Geologi,Museum,tourism=museum,way,704563220,4.597758,101.119363,Perak,08,Kinta,03,,,,,
OSM_node_6616696971,Han Chin Pet Soo,,,Museum,tourism=museum,node,6616696971,4.596277,101.079122,Perak,08,Kinta,03,,,,,
OSM_node_5085552221,Ipoh World,Ipoh World,,Museum,tourism=museum,node,5085552221,4.596222,101.079116,Perak,08,Kinta,03,https://www.ipohworld.org/reservation/,,,,
OSM_node_5306235123,Miniature wonders,,,Museum,tourism=museum,node,5306235123,4.595833,101.078348,Perak,08,Kinta,03,,,,,
OSM_node_12372895062,Museum Tanahsahi (Entomology Meseum . Art and Culture),,,Museum,tourism=museum,node,12372895062,4.518554,101.135058,Perak,08,Kinta,03,,,,,
OSM_node_703657606,Muzium Darul Ridzuan,,Muzium Darul Ridzuan,Museum,tourism=museum,node,703657606,4.604526,101.078041,Perak,08,Kinta,03,,,,,
OSM_node_5085088321,Tea Museum,Tea Museum,,Museum,tourism=museum,node,5085088321,4.596351,101.07912,Perak,08,Kinta,03,,,,,
OSM_node_5307945221,二奶巷寓所博物館,,,Museum,tourism=museum,node,5307945221,4.598022,101.078465,Perak,08,Kinta,03,,,,,
OSM_node_13565867818,霹雳洞中山文物馆,,,Museum,tourism=museum,node,13565867818,4.643664,101.099902,Perak,08,Kinta,03,https://perak.chinapress.com.my/20230425/%E6%B2%BF%E8%91%97%E5%AD%99%E4%B8%AD%E5%B1%B1%E8%B6%B3%E8%BF%B9%E6%9D%A5%E5%88%B0%E9%9C%B9%E9%9B%B3%E6%B4%9E-%E5%8F%B0%E5%8C%97%E5%9B%BD%E7%AB%8B%E5%9B%BD%E7%88%B6%E7%BA%AA%E5%BF%B5%E9%A6%86%E5%9B%A2/,,,,
OSM_way_281269110,Lost World of Tambun,,,Theme Park,tourism=theme_park,way,281269110,4.624949,101.155704,Perak,08,Kinta,03,https://sunwaylostworldoftambun.com/,,"mon - fri: 11 am to 6pm, weekdays: 10 am to 6pm",,
OSM_node_10186489138,Anak Korbu,,,Viewpoint,tourism=viewpoint,node,10186489138,4.687769,101.29667,Perak,08,Kinta,03,,,,,
OSM_node_6755503586,Chartered Bank (#14),Chartered Bank (#14),,Viewpoint,tourism=viewpoint,node,6755503586,4.597154,101.076644,Perak,08,Kinta,03,,,,,
OSM_node_6755490486,Chung Thye Pin Building (#12),Chung Thye Pin Building (#12),,Viewpoint,tourism=viewpoint,node,6755490486,4.596738,101.077258,Perak,08,Kinta,03,,,,,
OSM_node_6755503488,Dramatists Hostel (#21),,,Viewpoint,tourism=viewpoint,node,6755503488,4.596365,101.077911,Perak,08,Kinta,03,,,,,
OSM_node_6755490485,F.M.S Bar and Restaurant (#9),F.M.S Bar and Restaurant (#9),,Viewpoint,tourism=viewpoint,node,6755490485,4.59862,101.077875,Perak,08,Kinta,03,,,,,
OSM_node_6755503489,Han Chin Pet Soo (#23),,,Viewpoint,tourism=viewpoint,node,6755503489,4.596261,101.079001,Perak,08,Kinta,03,,,,,
OSM_node_6755490386,Hong Kong and Shanghai Bank (#10),Hong Kong and Shanghai Bank (#10),,Viewpoint,tourism=viewpoint,node,6755490386,4.597689,101.077547,Perak,08,Kinta,03,,,,,
OSM_node_6755503585,Jan Sahib’s Office (#19),,,Viewpoint,tourism=viewpoint,node,6755503585,4.596229,101.077135,Perak,08,Kinta,03,,,,,
OSM_node_5785829530,Kledang Viewing Platform,,,Viewpoint,tourism=viewpoint,node,5785829530,4.581745,101.024388,Perak,08,Kinta,03,,,,,
OSM_node_6755503487,Mercantile Bank (#15),Mercantile Bank (#15),,Viewpoint,tourism=viewpoint,node,6755503487,4.597174,101.076582,Perak,08,Kinta,03,,,,,
OSM_node_6755503485,Mikasa Photo Shop (#20),,,Viewpoint,tourism=viewpoint,node,6755503485,4.596545,101.077304,Perak,08,Kinta,03,,,,,
OSM_node_6755490385,Perak Hydro Building (#17),Perak Hydro Building (#17),,Viewpoint,tourism=viewpoint,node,6755490385,4.597368,101.07597,Perak,08,Kinta,03,,,,,
OSM_node_6755503490,Perak Ku Kong Chow Association (#22),,,Viewpoint,tourism=viewpoint,node,6755503490,4.596574,101.078676,Perak,08,Kinta,03,,,,,
OSM_node_10186489139,Puncak Chuban,,,Viewpoint,tourism=viewpoint,node,10186489139,4.686371,101.29648,Perak,08,Kinta,03,,,,,
OSM_node_6755503985,Residence and Law Office of the Seenivasagam Brothers (#16),Residence and Law Office of the Seenivasagam Brothers (#16),,Viewpoint,tourism=viewpoint,node,6755503985,4.597998,101.076459,Perak,08,Kinta,03,,,,,
OSM_node_6755490585,S.P.H De Silva Building (#11),S.P.H De Silva Building (#11),,Viewpoint,tourism=viewpoint,node,6755490585,4.596966,101.077338,Perak,08,Kinta,03,,,,,
OSM_node_6755503486,Straights Trading Building (#13),Straights Trading Building (#13),,Viewpoint,tourism=viewpoint,node,6755503486,4.597047,101.076634,Perak,08,Kinta,03,,,,,
OSM_node_10187673515,Unnamed Viewpoint,,,Viewpoint,tourism=viewpoint,node,10187673515,4.682318,101.293953,Perak,08,Kinta,03,,,,,
OSM_node_10269831916,Unnamed Viewpoint,,,Viewpoint,tourism=viewpoint,node,10269831916,4.577164,101.030755,Perak,08,Kinta,03,,,,,
OSM_node_11338876909,Unnamed Viewpoint,,,Viewpoint,tourism=viewpoint,node,11338876909,4.596134,101.342566,Perak,08,Kinta,03,,,,,
OSM_node_11338876910,Unnamed Viewpoint,,,Viewpoint,tourism=viewpoint,node,11338876910,4.60135,101.345714,Perak,08,Kinta,03,,,,,
OSM_node_11668826514,Unnamed Viewpoint,,,Viewpoint,tourism=viewpoint,node,11668826514,4.595012,101.013881,Perak,08,Kinta,03,,,,,
OSM_node_11668965396,Unnamed Viewpoint,,,Viewpoint,tourism=viewpoint,node,11668965396,4.581259,101.024747,Perak,08,Kinta,03,,,,,
OSM_node_11689566693,Unnamed Viewpoint,,,Viewpoint,tourism=viewpoint,node,11689566693,4.733839,101.156297,Perak,08,Kinta,03,,,,,
OSM_node_11689745876,Unnamed Viewpoint,,,Viewpoint,tourism=viewpoint,node,11689745876,4.729136,101.156062,Perak,08,Kinta,03,,,,,
OSM_node_11690382260,Unnamed Viewpoint,,,Viewpoint,tourism=viewpoint,node,11690382260,4.701894,101.273662,Perak,08,Kinta,03,,,,,
OSM_node_11716923295,Unnamed Viewpoint,,,Viewpoint,tourism=viewpoint,node,11716923295,4.712529,101.047213,Perak,08,Kinta,03,,,,,
OSM_node_11736524789,Unnamed Viewpoint,,,Viewpoint,tourism=viewpoint,node,11736524789,4.673469,101.028565,Perak,08,Kinta,03,,,,,
OSM_node_11736912349,Unnamed Viewpoint,,,Viewpoint,tourism=viewpoint,node,11736912349,4.66635,101.055207,Perak,08,Kinta,03,,,,,
OSM_node_1656860348,Vista Point,,,Viewpoint,tourism=viewpoint,node,1656860348,4.679969,101.042629,Perak,08,Kinta,03,,,,,
OSM_way_505745606,Unnamed Water Park,,,Water Park,leisure=water_park,way,505745606,4.669529,101.080099,Perak,08,Kinta,03,,,,,
OSM_node_4959374678,Air Terjun Balak,Balak Waterfall,,Waterfall,waterway=waterfall,node,4959374678,4.652431,101.266522,Perak,08,Kinta,03,,,,,
OSM_node_6090683506,Air Terjun Chelik,Chelik Fall,,Waterfall,waterway=waterfall,node,6090683506,4.582439,101.275499,Perak,08,Kinta,03,,,,,
OSM_node_11338807408,Air Terjun Sinju,Sinju Fall,,Waterfall,waterway=waterfall,node,11338807408,4.569545,101.238051,Perak,08,Kinta,03,,,,,
OSM_node_6090092642,Buntong Falls,,Air Terjun Buntong,Waterfall,waterway=waterfall,node,6090092642,4.596331,101.037347,Perak,08,Kinta,03,,,,,
OSM_node_6090228426,Lata Ulu Chepor,,,Waterfall,waterway=waterfall,node,6090228426,4.709765,101.069011,Perak,08,Kinta,03,,,,,
OSM_node_5160943922,Small Pool follow the track at the water 2 hours to the top,Small Pool,,Waterfall,waterway=waterfall,node,5160943922,4.709842,101.068946,Perak,08,Kinta,03,,,,,
OSM_node_3233602553,Unnamed Waterfall,,,Waterfall,waterway=waterfall,node,3233602553,4.55948,101.16316,Perak,08,Kinta,03,,,,,
OSM_node_3233602554,Unnamed Waterfall,,,Waterfall,waterway=waterfall,node,3233602554,4.559474,101.163326,Perak,08,Kinta,03,,,,,
OSM_node_6090413976,Unnamed Waterfall,,,Waterfall,waterway=waterfall,node,6090413976,4.558412,101.165157,Perak,08,Kinta,03,,,,,
OSM_node_6090413980,Unnamed Waterfall,,,Waterfall,waterway=waterfall,node,6090413980,4.558241,101.16502,Perak,08,Kinta,03,,,,,
OSM_node_7782553188,Unnamed Waterfall,,,Waterfall,waterway=waterfall,node,7782553188,4.578747,101.02291,Perak,08,Kinta,03,,,,,
OSM_node_10269830591,Unnamed Waterfall,,,Waterfall,waterway=waterfall,node,10269830591,4.584451,101.007571,Perak,08,Kinta,03,,,,,
OSM_node_10269831700,Unnamed Waterfall,,,Waterfall,waterway=waterfall,node,10269831700,4.584966,101.024577,Perak,08,Kinta,03,,,,,
OSM_node_11338807409,Unnamed Waterfall,,,Waterfall,waterway=waterfall,node,11338807409,4.542552,101.311686,Perak,08,Kinta,03,,,,,
OSM_node_11338807411,Unnamed Waterfall,,,Waterfall,waterway=waterfall,node,11338807411,4.550222,101.313569,Perak,08,Kinta,03,,,,,
OSM_node_11736524785,Unnamed Waterfall,,,Waterfall,waterway=waterfall,node,11736524785,4.679551,101.040538,Perak,08,Kinta,03,,,,,
OSM_node_13428930082,Unnamed Waterfall,,,Waterfall,waterway=waterfall,node,13428930082,4.627313,101.08996,Perak,08,Kinta,03,,,,,
OSM_node_11736524788,Vista Waterfall,,,Waterfall,waterway=waterfall,node,11736524788,4.678126,101.043907,Perak,08,Kinta,03,,,,,
OSM_node_9489874031,Pavilion Petting Zoo @ Gunung Lang,,,Zoo,tourism=zoo,node,9489874031,4.629113,101.090073,Perak,08,Kinta,03,,,,,
OSM_node_8866345220,Hutan Lipur Ulu Licin,,,Attraction,tourism=attraction,node,8866345220,4.536918,100.77821,Perak,08,Kuala Kangsar,05,,,,,
OSM_node_1283644880,Pokok Getah Tertua Malaysia,Malaysia's Oldest Rubber Tree,,Attraction,tourism=attraction,node,1283644880,4.77451,100.941022,Perak,08,Kuala Kangsar,05,,,,,
OSM_way_1470148953,A4 Skyhawk,,,Historic Site (Aircraft),historic=aircraft,way,1470148953,4.772022,100.941818,Perak,08,Kuala Kangsar,05,,,,,
OSM_way_514594783,Istana Iskandariah,,,Historic Site (Castle),historic=castle,way,514594783,4.762116,100.954912,Perak,08,Kuala Kangsar,05,,,,,
OSM_node_12311528937,Makam Sultan Ali Al-mukammal Inayat Shah,,,Historic Site (Tomb),historic=tomb,node,12311528937,4.773204,100.955454,Perak,08,Kuala Kangsar,05,,,,,
OSM_node_2431956410,Galeri Sultan Azlan Shah,Sultan Azlan Shah Gallery,,Museum,tourism=museum,node,2431956410,4.766341,100.948208,Perak,08,Kuala Kangsar,05,http://gsas.perak.gov.my/,+605 777 5362,"Sa-Th 10:00-17:00; Fr 10:00-12:15,14:45-17:00; Su off",,
OSM_way_538938375,Muzium Diraja Perak,Perak Royal Museum,,Museum,tourism=museum,way,538938375,4.760239,100.95576,Perak,08,Kuala Kangsar,05,,,,,
OSM_node_10690780975,False Peak,,,Viewpoint,tourism=viewpoint,node,10690780975,4.989698,101.154355,Perak,08,Kuala Kangsar,05,,,,,
OSM_node_10690781133,False Peak,,,Viewpoint,tourism=viewpoint,node,10690781133,4.984126,101.148279,Perak,08,Kuala Kangsar,05,,,,,
OSM_node_10690781134,False Peak,,,Viewpoint,tourism=viewpoint,node,10690781134,4.987021,101.150953,Perak,08,Kuala Kangsar,05,,,,,
OSM_node_10690781132,Unnamed Viewpoint,,,Viewpoint,tourism=viewpoint,node,10690781132,4.981939,101.1467,Perak,08,Kuala Kangsar,05,,,,,
OSM_node_11336018300,Unnamed Viewpoint,,,Viewpoint,tourism=viewpoint,node,11336018300,4.997529,101.154598,Perak,08,Kuala Kangsar,05,,,,,
OSM_node_11690740161,Unnamed Viewpoint,,,Viewpoint,tourism=viewpoint,node,11690740161,4.704139,101.295978,Perak,08,Kuala Kangsar,05,,,,,
OSM_node_11693723035,Unnamed Viewpoint,,,Viewpoint,tourism=viewpoint,node,11693723035,4.813394,101.360982,Perak,08,Kuala Kangsar,05,,,,,
OSM_node_11722312232,Unnamed Viewpoint,,,Viewpoint,tourism=viewpoint,node,11722312232,4.682117,100.807178,Perak,08,Kuala Kangsar,05,,,,,
OSM_node_5007040919,Air Terjun Ulu Kenas,Ulu Kenas Waterfall,,Waterfall,waterway=waterfall,node,5007040919,4.684683,100.874291,Perak,08,Kuala Kangsar,05,,,,,
OSM_node_6090086090,Lata Batu Pecah,,Air Terjun Batu Pecah,Waterfall,waterway=waterfall,node,6090086090,4.621208,100.847335,Perak,08,Kuala Kangsar,05,,,,,
OSM_node_13064619603,Lata Beremban,,,Waterfall,waterway=waterfall,node,13064619603,4.852213,101.225025,Perak,08,Kuala Kangsar,05,,,,,
OSM_node_6090086091,Lata Naga Air,,,Waterfall,waterway=waterfall,node,6090086091,4.623182,100.846985,Perak,08,Kuala Kangsar,05,,,,,
OSM_node_5210518322,Lata Perahu,,,Waterfall,waterway=waterfall,node,5210518322,4.905749,100.890857,Perak,08,Kuala Kangsar,05,,,,,
OSM_node_2498579311,"Lata Tengkoh, Penyel",,,Waterfall,waterway=waterfall,node,2498579311,4.934793,101.328646,Perak,08,Kuala Kangsar,05,https://waterfallsofmalaysia.com/171penyel.php,,,,
OSM_node_11336018302,Unnamed Waterfall,,,Waterfall,waterway=waterfall,node,11336018302,5.009355,101.257385,Perak,08,Kuala Kangsar,05,,,,,
OSM_node_5326482621,5D art museum,,,Attraction,tourism=attraction,node,5326482621,4.85042,100.744725,Perak,08,Larut Dan Matang,06,,,,,
OSM_node_4407990990,Antong Malaysia's Most Historical Coffee Mill,Antong Malaysia's Most Historical Coffee Mill,,Attraction,tourism=attraction,node,4407990990,4.855046,100.732845,Perak,08,Larut Dan Matang,06,,,,,
OSM_way_451846523,Boat House,,,Attraction,tourism=attraction,way,451846523,4.850379,100.746941,Perak,08,Larut Dan Matang,06,,,,,
OSM_node_4462968891,Cross Street Bazar night market,,,Attraction,tourism=attraction,node,4462968891,4.854001,100.743127,Perak,08,Larut Dan Matang,06,,,Mo-Su 19:00-23:00,,
OSM_node_9968370162,Ethno Valley,,,Attraction,tourism=attraction,node,9968370162,4.751349,100.751488,Perak,08,Larut Dan Matang,06,,,,,
OSM_node_5326820121,Fresh Market,,,Attraction,tourism=attraction,node,5326820121,4.851547,100.739967,Perak,08,Larut Dan Matang,06,,,,,
OSM_node_5326820921,"Fresh Market (vegetables, meat)",,,Attraction,tourism=attraction,node,5326820921,4.850501,100.74065,Perak,08,Larut Dan Matang,06,,,,,
OSM_way_1254519303,Kolam Renang Kemahkotaan,Coronation Swimming Pool,,Attraction,tourism=attraction,way,1254519303,4.859998,100.759586,Perak,08,Larut Dan Matang,06,,,,,
OSM_node_6089409288,Kuala Sepetang,,,Attraction,tourism=attraction,node,6089409288,4.834771,100.627392,Perak,08,Larut Dan Matang,06,,,,,
OSM_node_6090161096,Lata Tebing Tinggi,,,Attraction,tourism=attraction,node,6090161096,5.206461,100.780764,Perak,08,Larut Dan Matang,06,,,,,
OSM_node_4462943492,Night Hawker food court,,,Attraction,tourism=attraction,node,4462943492,4.852743,100.743075,Perak,08,Larut Dan Matang,06,,,,,
OSM_way_545786411,Ride & Cruise Taiping,,,Attraction,tourism=attraction,way,545786411,4.85015,100.746914,Perak,08,Larut Dan Matang,06,,,,,
OSM_node_4462975089,Taiping Clock Tower,,,Attraction,tourism=attraction,node,4462975089,4.852194,100.741905,Perak,08,Larut Dan Matang,06,,,,,
OSM_way_790915931,Trong Leisure Farm & Resort,,,Attraction,tourism=attraction,way,790915931,4.707381,100.707947,Perak,08,Larut Dan Matang,06,,,,,
OSM_node_4407954490,local market,local market,,Attraction,tourism=attraction,node,4407954490,4.849256,100.741523,Perak,08,Larut Dan Matang,06,,,,,
OSM_node_13565867820,Galeri Seni N&G Cawangan Taiping,N&G Art Gallery Taiping Branch,Galeri Seni N&G Cawangan Taiping,Gallery,tourism=gallery,node,13565867820,4.848439,100.738717,Perak,08,Larut Dan Matang,06,https://www.facebook.com/NnG.Art,+60-164458763,,,
OSM_node_13565867821,One Art Gallery,One Art Gallery,,Gallery,tourism=gallery,node,13565867821,4.865554,100.731352,Perak,08,Larut Dan Matang,06,https://www.facebook.com/profile.php?id=61576978986863,+60-125880450,,,
OSM_node_2857870817,Clock Tower Taiping,,,Historic Site,historic=yes,node,2857870817,4.852117,100.739577,Perak,08,Larut Dan Matang,06,,,,,
OSM_node_14065491708,Unnamed Historic Site (Aircraft),,,Historic Site (Aircraft),historic=aircraft,node,14065491708,4.860137,100.74523,Perak,08,Larut Dan Matang,06,,,,,
OSM_node_14065491707,Unnamed Historic Site (Locomotive),,,Historic Site (Locomotive),historic=locomotive,node,14065491707,4.860229,100.745143,Perak,08,Larut Dan Matang,06,,,,,
OSM_node_6578252178,Former Port Weld KTM Station Signboard,,,Historic Site (Memorial),historic=memorial,node,6578252178,4.838004,100.628188,Perak,08,Larut Dan Matang,06,,,,,
OSM_node_12207955131,Rumah Kapitan Chung Keng Kwee,,,Historic Site (Memorial),historic=memorial,node,12207955131,4.85427,100.741428,Perak,08,Larut Dan Matang,06,,,,,
OSM_way_962258024,Tanah Perkuburan Perang Taiping,Taiping War Cemetery,Tanah Perkuburan Perang Taiping,Historic Site (Memorial),historic=memorial,way,962258024,4.858811,100.757276,Perak,08,Larut Dan Matang,06,,,,,
OSM_node_13514170652,霹靂州抗日殉難僑胞公墓,The Perak Overseas Chinese Anti-War Memorial,,Historic Site (Memorial),historic=memorial,node,13514170652,4.837249,100.754513,Perak,08,Larut Dan Matang,06,,,,,
OSM_node_14026330020,Taiping Original British Telephone Box,,,Historic Site (Telephone Box),historic=telephone_box,node,14026330020,4.852147,100.741926,Perak,08,Larut Dan Matang,06,,,,,
OSM_node_14065641612,Unnamed Historic Site (Tomb),,,Historic Site (Tomb),historic=tomb,node,14065641612,4.860126,100.745629,Perak,08,Larut Dan Matang,06,,,,,
OSM_node_12581341810,Unnamed Historic Site (Wayside Shrine),,,Historic Site (Wayside Shrine),historic=wayside_shrine,node,12581341810,4.645627,100.616861,Perak,08,Larut Dan Matang,06,,,,,
OSM_node_12581341905,Unnamed Historic Site (Wayside Shrine),,,Historic Site (Wayside Shrine),historic=wayside_shrine,node,12581341905,4.647337,100.616669,Perak,08,Larut Dan Matang,06,,,,,
OSM_node_12581342102,Unnamed Historic Site (Wayside Shrine),,,Historic Site (Wayside Shrine),historic=wayside_shrine,node,12581342102,4.644426,100.616741,Perak,08,Larut Dan Matang,06,,,,,
OSM_node_7441496669,Kota Ngah Ibrahim,,Kota Ngah Ibrahim,Museum,tourism=museum,node,7441496669,4.812369,100.675607,Perak,08,Larut Dan Matang,06,,,,,
OSM_way_974969460,Kota Ngah Ibrahim,,Kota Ngah Ibrahim,Museum,tourism=museum,way,974969460,4.812358,100.675527,Perak,08,Larut Dan Matang,06,,,,,
OSM_way_722229612,Muzium Perak,,,Museum,tourism=museum,way,722229612,4.860442,100.745304,Perak,08,Larut Dan Matang,06,,,,,
OSM_node_13424618862,Muzium Telegraf Taiping,"Telegraph Museum, Taiping",,Museum,tourism=museum,node,13424618862,4.855203,100.741604,Perak,08,Larut Dan Matang,06,,,,,
OSM_node_5326820122,Old House Museum,,,Museum,tourism=museum,node,5326820122,4.851959,100.739454,Perak,08,Larut Dan Matang,06,,,,,
OSM_way_722121450,Surau Muzium,,,Museum,tourism=museum,way,722121450,4.860572,100.745688,Perak,08,Larut Dan Matang,06,,,,,
OSM_node_5325160322,Taiping Municipal Gallery,,,Museum,tourism=museum,node,5325160322,4.854873,100.741244,Perak,08,Larut Dan Matang,06,,,,,
OSM_way_721936306,Unnamed Museum,,,Museum,tourism=museum,way,721936306,4.860312,100.745107,Perak,08,Larut Dan Matang,06,,,,,
OSM_way_722080515,Unnamed Museum,,,Museum,tourism=museum,way,722080515,4.860277,100.745441,Perak,08,Larut Dan Matang,06,,,,,
OSM_way_722080535,Unnamed Museum,,,Museum,tourism=museum,way,722080535,4.860233,100.745146,Perak,08,Larut Dan Matang,06,,,,,
OSM_way_722080541,Unnamed Museum,,,Museum,tourism=museum,way,722080541,4.860457,100.745799,Perak,08,Larut Dan Matang,06,,,,,
OSM_way_722080545,Unnamed Museum,,,Museum,tourism=museum,way,722080545,4.860469,100.745529,Perak,08,Larut Dan Matang,06,,,,,
OSM_way_1546460044,Unnamed Museum,,,Museum,tourism=museum,way,1546460044,4.860406,100.745224,Perak,08,Larut Dan Matang,06,,,,,
OSM_way_1546460045,Unnamed Museum,,,Museum,tourism=museum,way,1546460045,4.860525,100.745109,Perak,08,Larut Dan Matang,06,,,,,
OSM_way_1546460046,Unnamed Museum,,,Museum,tourism=museum,way,1546460046,4.860471,100.745342,Perak,08,Larut Dan Matang,06,,,,,
OSM_way_1546460047,Unnamed Museum,,,Museum,tourism=museum,way,1546460047,4.860348,100.745402,Perak,08,Larut Dan Matang,06,,,,,
OSM_way_1546460053,Unnamed Museum,,,Museum,tourism=museum,way,1546460053,4.860137,100.745229,Perak,08,Larut Dan Matang,06,,,,,
OSM_node_4437056492,Slope Top,,,Viewpoint,tourism=viewpoint,node,4437056492,5.258205,100.817101,Perak,08,Larut Dan Matang,06,,,,,
OSM_node_11659796152,Unnamed Viewpoint,,,Viewpoint,tourism=viewpoint,node,11659796152,4.866844,100.779951,Perak,08,Larut Dan Matang,06,,,,,
OSM_node_11659804777,Unnamed Viewpoint,,,Viewpoint,tourism=viewpoint,node,11659804777,4.865575,100.769788,Perak,08,Larut Dan Matang,06,,,,,
OSM_node_11659804778,Unnamed Viewpoint,,,Viewpoint,tourism=viewpoint,node,11659804778,4.865457,100.769273,Perak,08,Larut Dan Matang,06,,,,,
OSM_node_11659804779,Unnamed Viewpoint,,,Viewpoint,tourism=viewpoint,node,11659804779,4.86527,100.769068,Perak,08,Larut Dan Matang,06,,,,,
OSM_node_11662294059,Unnamed Viewpoint,,,Viewpoint,tourism=viewpoint,node,11662294059,4.868892,100.765508,Perak,08,Larut Dan Matang,06,,,,,
OSM_node_12864351811,Unnamed Viewpoint,,,Viewpoint,tourism=viewpoint,node,12864351811,4.873741,100.736344,Perak,08,Larut Dan Matang,06,,,,,
OSM_node_6090647085,Air Terjun Air Hitam,Air Hitam Falls,Air Terjun Air Hitam,Waterfall,waterway=waterfall,node,6090647085,5.020557,100.846729,Perak,08,Larut Dan Matang,06,,,,,
OSM_node_11736290498,Air Terjun Trong,Trong Falls,,Waterfall,waterway=waterfall,node,11736290498,4.692875,100.755642,Perak,08,Larut Dan Matang,06,,,,,
OSM_node_6090893303,Lata Puteh,,,Waterfall,waterway=waterfall,node,6090893303,5.157778,100.884549,Perak,08,Larut Dan Matang,06,,,,,
OSM_node_6090161180,Lata Tebing Tinggi,,,Waterfall,waterway=waterfall,node,6090161180,5.206405,100.781239,Perak,08,Larut Dan Matang,06,,,,,
OSM_node_11659688635,Reservoir Falls,,,Waterfall,waterway=waterfall,node,11659688635,4.868588,100.766057,Perak,08,Larut Dan Matang,06,,,,,
OSM_node_6090515258,Tupai Falls,,Air Terjun Tupai,Waterfall,waterway=waterfall,node,6090515258,4.832733,100.764133,Perak,08,Larut Dan Matang,06,,,,,
OSM_node_4809498725,Unnamed Waterfall,,,Waterfall,waterway=waterfall,node,4809498725,4.866717,100.763128,Perak,08,Larut Dan Matang,06,,,,,
OSM_node_6090161182,Unnamed Waterfall,,,Waterfall,waterway=waterfall,node,6090161182,5.206264,100.781482,Perak,08,Larut Dan Matang,06,,,,,
OSM_node_6090621781,Unnamed Waterfall,,,Waterfall,waterway=waterfall,node,6090621781,5.021513,100.847411,Perak,08,Larut Dan Matang,06,,,,,
OSM_node_6090622986,Unnamed Waterfall,,,Waterfall,waterway=waterfall,node,6090622986,5.020835,100.846933,Perak,08,Larut Dan Matang,06,,,,,
OSM_node_11659688181,Unnamed Waterfall,,,Waterfall,waterway=waterfall,node,11659688181,4.877874,100.772745,Perak,08,Larut Dan Matang,06,,,,,
OSM_node_11659688638,Unnamed Waterfall,,,Waterfall,waterway=waterfall,node,11659688638,4.868918,100.767066,Perak,08,Larut Dan Matang,06,,,,,
OSM_node_11659796158,Unnamed Waterfall,,,Waterfall,waterway=waterfall,node,11659796158,4.868335,100.778734,Perak,08,Larut Dan Matang,06,,,,,
OSM_node_11736284875,Unnamed Waterfall,,,Waterfall,waterway=waterfall,node,11736284875,4.682044,100.773826,Perak,08,Larut Dan Matang,06,,,,,
OSM_way_1225203729,Waterfall,,,Waterfall,waterway=waterfall,way,1225203729,5.160407,100.895471,Perak,08,Larut Dan Matang,06,,,,,
OSM_way_281755978,Taiping Zoo & Night Safari,,,Zoo,tourism=zoo,way,281755978,4.85388,100.750454,Perak,08,Larut Dan Matang,06,https://zootaiping.gov.my/,,"Mo-Su 08:30-18:00; Mo-Fr, Su 20:00-23:00; Sa 20:00-00:00",,
OSM_node_4207116193,Boat Yard,Boat Yard,,Attraction,tourism=attraction,node,4207116193,4.231261,100.573777,Perak,08,Manjung (Dinding),02,,,,,
OSM_node_5401798641,Kilang Satay Ikan Hai Seng Hin,Hai Seng Hin Fish Satay Factory,Kilang Satay Ikan Hai Seng Hin,Attraction,tourism=attraction,node,5401798641,4.229823,100.573837,Perak,08,Manjung (Dinding),02,,,,,
OSM_way_560143585,Pusat Pemprosesan Hasil Perikanan Pulau Pangkor,Pulau Pangkor Fishery Product Processing Centre,Pusat Pemprosesan Hasil Perikanan Pulau Pangkor,Attraction,tourism=attraction,way,560143585,4.233345,100.573706,Perak,08,Manjung (Dinding),02,,,,,
OSM_node_1252536031,Segari Turtle Santuary,Segari Turtle Santuary,,Attraction,tourism=attraction,node,1252536031,4.363176,100.581623,Perak,08,Manjung (Dinding),02,,,,,
OSM_way_560380306,Tokong Fu Lin Kong,Fu Lin Kong Temple,,Attraction,tourism=attraction,way,560380306,4.220319,100.570054,Perak,08,Manjung (Dinding),02,,,,,
OSM_way_324737797,Pantai Coral,Coral Beach,Pantai Coral,Beach,natural=beach,way,324737797,4.237036,100.545161,Perak,08,Manjung (Dinding),02,,,,,
OSM_way_559683270,Pantai Pasir Bogak,Pasir Bogak Beach,Pantai Pasir Bogak,Beach,natural=beach,way,559683270,4.210395,100.55276,Perak,08,Manjung (Dinding),02,,,,,
OSM_way_313380272,Pantai Puteri Dewi (private),,Pantai Puteri Dewi,Beach,natural=beach,way,313380272,4.252601,100.545852,Perak,08,Manjung (Dinding),02,,,,,
OSM_way_313379251,Pantai Teluk Batik,Batik Bay Beach,Pantai Teluk Batik,Beach,natural=beach,way,313379251,4.187023,100.60696,Perak,08,Manjung (Dinding),02,,,,,
OSM_way_324740001,Pantai Teluk Ketapang,Ketapang Bay Beach,Pantai Teluk Ketapang,Beach,natural=beach,way,324740001,4.220118,100.544126,Perak,08,Manjung (Dinding),02,,,,,
OSM_way_324737796,Pantai Teluk Nipah,Nipah Bay Beach,Pantai Teluk Nipah,Beach,natural=beach,way,324737796,4.230273,100.543126,Perak,08,Manjung (Dinding),02,,,,,
OSM_way_559410709,Pantai Teluk Segadas,Teluk Segadas Beach,Pantai Teluk Segadas,Beach,natural=beach,way,559410709,4.190977,100.573175,Perak,08,Manjung (Dinding),02,,,,,
OSM_way_547056798,Pantai Teluk Senangin,Senangin Bay Beach,Pantai Teluk Senangin,Beach,natural=beach,way,547056798,4.305227,100.576108,Perak,08,Manjung (Dinding),02,,,,,
OSM_relation_17191369,Pasir Telur,,Pasir Telur,Beach,natural=beach,relation,17191369,4.20086,100.542302,Perak,08,Manjung (Dinding),02,,,,,
OSM_way_324743167,Unnamed Beach,,,Beach,natural=beach,way,324743167,4.24836,100.557541,Perak,08,Manjung (Dinding),02,,,,,
OSM_way_559818761,Unnamed Beach,,,Beach,natural=beach,way,559818761,4.22392,100.542089,Perak,08,Manjung (Dinding),02,,,,,
OSM_way_1228856827,Unnamed Beach,,,Beach,natural=beach,way,1228856827,4.261659,100.590658,Perak,08,Manjung (Dinding),02,,,,,
OSM_relation_13157495,Unnamed Beach,,,Beach,natural=beach,relation,13157495,4.353,100.575667,Perak,08,Manjung (Dinding),02,,,,,
OSM_relation_17191364,Unnamed Beach,,,Beach,natural=beach,relation,17191364,4.188131,100.545509,Perak,08,Manjung (Dinding),02,,,,,
OSM_relation_17191365,Unnamed Beach,,,Beach,natural=beach,relation,17191365,4.189618,100.546486,Perak,08,Manjung (Dinding),02,,,,,
OSM_relation_17191366,Unnamed Beach,,,Beach,natural=beach,relation,17191366,4.191466,100.546964,Perak,08,Manjung (Dinding),02,,,,,
OSM_relation_17191367,Unnamed Beach,,,Beach,natural=beach,relation,17191367,4.19353,100.54783,Perak,08,Manjung (Dinding),02,,,,,
OSM_relation_17191368,Unnamed Beach,,,Beach,natural=beach,relation,17191368,4.198797,100.546916,Perak,08,Manjung (Dinding),02,,,,,
OSM_relation_17191370,Unnamed Beach,,,Beach,natural=beach,relation,17191370,4.195765,100.542389,Perak,08,Manjung (Dinding),02,,,,,
OSM_way_559410703,Batu Bersurat Pangkor,Pangkor Historical Rock,Batu Bersurat Pangkor,Historic Site,historic=yes,way,559410703,4.199249,100.57608,Perak,08,Manjung (Dinding),02,,,,,
OSM_node_10673354906,Unnamed Historic Site (Castle),,,Historic Site (Castle),historic=castle,node,10673354906,4.232995,100.634653,Perak,08,Manjung (Dinding),02,,,,,
OSM_node_12045080239,Unnamed Historic Site (Memorial),,,Historic Site (Memorial),historic=memorial,node,12045080239,4.160548,100.642352,Perak,08,Manjung (Dinding),02,,,,,
OSM_way_559410700,Kota Belanda,Dutch Fort,Kota Belanda,Historic Site (Ruins),historic=ruins,way,559410700,4.200494,100.575962,Perak,08,Manjung (Dinding),02,,,,,
OSM_node_2902132030,Unnamed Historic Site (Wreck),,,Historic Site (Wreck),historic=wreck,node,2902132030,4.272882,100.566543,Perak,08,Manjung (Dinding),02,,,,,
OSM_way_542472176,Muzium Beruas,Beruas Museum,,Museum,tourism=museum,way,542472176,4.501217,100.780146,Perak,08,Manjung (Dinding),02,,,,,
OSM_way_840409216,Sitiawan Settlement Museum,Sitiawan Settlement Museum,,Museum,tourism=museum,way,840409216,4.196158,100.700207,Perak,08,Manjung (Dinding),02,,,,,
OSM_node_5397879648,Unnamed Viewpoint,,,Viewpoint,tourism=viewpoint,node,5397879648,4.213573,100.544872,Perak,08,Manjung (Dinding),02,,,,,
OSM_node_5397879690,Unnamed Viewpoint,,,Viewpoint,tourism=viewpoint,node,5397879690,4.220193,100.544644,Perak,08,Manjung (Dinding),02,,,,,
OSM_node_5400752686,Unnamed Viewpoint,,,Viewpoint,tourism=viewpoint,node,5400752686,4.253703,100.553318,Perak,08,Manjung (Dinding),02,,,,,
OSM_node_5404149947,Unnamed Viewpoint,,,Viewpoint,tourism=viewpoint,node,5404149947,4.22168,100.5744,Perak,08,Manjung (Dinding),02,,,,,
OSM_node_7932880823,Unnamed Viewpoint,,,Viewpoint,tourism=viewpoint,node,7932880823,4.224089,100.628047,Perak,08,Manjung (Dinding),02,,,,,
OSM_node_11775679969,Unnamed Viewpoint,,,Viewpoint,tourism=viewpoint,node,11775679969,4.239203,100.571641,Perak,08,Manjung (Dinding),02,,,,,
OSM_node_11834999458,Unnamed Viewpoint,,,Viewpoint,tourism=viewpoint,node,11834999458,4.222954,100.628338,Perak,08,Manjung (Dinding),02,,,,,
OSM_node_6090530711,Air Terjun Ulu Licin,,,Waterfall,waterway=waterfall,node,6090530711,4.524726,100.781965,Perak,08,Manjung (Dinding),02,,,,,
OSM_node_6090530710,Air Terjun Ulu Licin Upper Tier,,,Waterfall,waterway=waterfall,node,6090530710,4.525851,100.782387,Perak,08,Manjung (Dinding),02,,,,,
OSM_node_506433628,Unnamed Waterfall,,,Waterfall,waterway=waterfall,node,506433628,4.231648,100.553071,Perak,08,Manjung (Dinding),02,,,,,
OSM_node_11835605502,Unnamed Waterfall,,,Waterfall,waterway=waterfall,node,11835605502,4.18492,100.613205,Perak,08,Manjung (Dinding),02,,,,,
OSM_node_6322181836,Mossy Forest,Mossy Forest,,Attraction,tourism=attraction,node,6322181836,3.802274,101.591377,Perak,08,Muallim,11,,,,,
OSM_node_5483300136,Sg.Bil Adventurous,,,Attraction,tourism=attraction,node,5483300136,3.804283,101.495148,Perak,08,Muallim,11,,,,,
OSM_node_11641493285,Unnamed Viewpoint,,,Viewpoint,tourism=viewpoint,node,11641493285,3.861325,101.596984,Perak,08,Muallim,11,,,,,
OSM_node_11641493289,Unnamed Viewpoint,,,Viewpoint,tourism=viewpoint,node,11641493289,3.863828,101.592128,Perak,08,Muallim,11,,,,,
OSM_node_11641987279,Unnamed Viewpoint,,,Viewpoint,tourism=viewpoint,node,11641987279,3.862591,101.593987,Perak,08,Muallim,11,,,,,
OSM_node_11641987280,Unnamed Viewpoint,,,Viewpoint,tourism=viewpoint,node,11641987280,3.861356,101.596344,Perak,08,Muallim,11,,,,,
OSM_node_6322181838,View Point,View Point,,Viewpoint,tourism=viewpoint,node,6322181838,3.800665,101.586891,Perak,08,Muallim,11,,,,,
OSM_node_11867693000,Kem HPA 1,,,Waterfall,waterway=waterfall,node,11867693000,3.776385,101.55075,Perak,08,Muallim,11,,,,,
OSM_node_12058697811,Lata Gerahang,,,Waterfall,waterway=waterfall,node,12058697811,3.775269,101.54818,Perak,08,Muallim,11,,,,,
OSM_node_10550565240,Lata Perangin,Perangin Falls,,Waterfall,waterway=waterfall,node,10550565240,3.747073,101.548771,Perak,08,Muallim,11,,,,,
OSM_node_10550565243,Lata Perangin,Perangin Falls,,Waterfall,waterway=waterfall,node,10550565243,3.747642,101.549272,Perak,08,Muallim,11,,,,,
OSM_node_10564752266,Lata Perangin,Perangin Falls,,Waterfall,waterway=waterfall,node,10564752266,3.746831,101.550004,Perak,08,Muallim,11,,,,,
OSM_node_10550566657,Salak Falls,,,Waterfall,waterway=waterfall,node,10550566657,3.73718,101.560397,Perak,08,Muallim,11,,,,,
OSM_node_11885925990,Salak Falls,,,Waterfall,waterway=waterfall,node,11885925990,3.737634,101.560945,Perak,08,Muallim,11,,,,,
OSM_node_6090952264,Strata Falls,,,Waterfall,waterway=waterfall,node,6090952264,3.764053,101.549259,Perak,08,Muallim,11,,,,,
OSM_node_6090953300,Unnamed Waterfall,,,Waterfall,waterway=waterfall,node,6090953300,3.764902,101.544636,Perak,08,Muallim,11,,,,,
OSM_node_12013781337,Unnamed Waterfall,,,Waterfall,waterway=waterfall,node,12013781337,3.789644,101.562321,Perak,08,Muallim,11,,,,,
OSM_node_12013781339,Unnamed Waterfall,,,Waterfall,waterway=waterfall,node,12013781339,3.788705,101.563039,Perak,08,Muallim,11,,,,,
OSM_node_12058697742,Unnamed Waterfall,,,Waterfall,waterway=waterfall,node,12058697742,3.776412,101.550716,Perak,08,Muallim,11,,,,,
OSM_node_5290951522,Makam Sultan Muzaffar Riayat Shah III,Sultan Muzaffar Riayat Shah III Mausoleum,,Historic Site (Tomb),historic=tomb,node,5290951522,4.353834,100.881815,Perak,08,Perak Tengah,09,,,,,
OSM_way_548245758,Kompleks Sejarah Pasir Salak,Pasir Salak Historical Complex,,Museum,tourism=museum,way,548245758,4.172866,100.947233,Perak,08,Perak Tengah,09,,,"09:30-17:00; Fr 09:30-12:15,14:45-17:00",yes,
OSM_node_7592062693,Hentaman Meteorit Bukit Bunuh (Checkpoint 1),Bukit Bunuh Meteorite Impact (Checkpoint 1),,Attraction,tourism=attraction,node,7592062693,5.068768,100.972626,Perak,08,Ulu Perak,08,,,,,
OSM_node_12108400453,Hentaman Meteorit Bukit Bunuh (Checkpoint 2),Bukit Bunuh Meteorite Impact (Checkpoint 2),,Attraction,tourism=attraction,node,12108400453,5.069295,100.975006,Perak,08,Ulu Perak,08,,,,,
OSM_node_4830025721,Pulau Banding Rainforest Research Centre,Pulau Banding Rainforest Research Centre,,Attraction,tourism=attraction,node,4830025721,5.551539,101.346483,Perak,08,Ulu Perak,08,https://www.pbf.org.my/,+60 5-791 5843,,,
OSM_node_4868872222,View Point,View Point,,Attraction,tourism=attraction,node,4868872222,5.586353,101.476261,Perak,08,Ulu Perak,08,,,,,
OSM_node_10807019805,Wat Namdaidee,,,Attraction,tourism=attraction,node,10807019805,5.627391,100.953027,Perak,08,Ulu Perak,08,,,,,
OSM_node_4264145689,Waterfall,,,Attraction,tourism=attraction,node,4264145689,5.187246,100.994924,Perak,08,Ulu Perak,08,,,,,
OSM_way_1307511146,Galeri Lenggong Geopark,Lenggong Geopark Gallery,,Gallery,tourism=gallery,way,1307511146,5.053427,100.965117,Perak,08,Ulu Perak,08,,,,,
OSM_relation_17934751,Archaeological Heritage of the Lenggong Valley,,Warisan Arkeologi Lembah Lenggong,Historic Site (Archaeological Site),historic=archaeological_site,relation,17934751,5.101779,100.981233,Perak,08,Ulu Perak,08,https://whc.unesco.org/en/list/1396/,,,,
OSM_node_12110292814,Bukit Jawa,,,Historic Site (Archaeological Site),historic=archaeological_site,node,12110292814,5.128666,100.992431,Perak,08,Ulu Perak,08,,,,,
OSM_node_7592062594,Bukit Kepala Gajah,,,Historic Site (Archaeological Site),historic=archaeological_site,node,7592062594,5.124288,100.970788,Perak,08,Ulu Perak,08,,,,,
OSM_node_12110292816,Gua Gunung Runtuh,Gunung Runtuh Cave,,Historic Site (Archaeological Site),historic=archaeological_site,node,12110292816,5.126353,100.970034,Perak,08,Ulu Perak,08,,,,,
OSM_node_7592062989,Gua Harimau,Harimau Cave,,Historic Site (Archaeological Site),historic=archaeological_site,node,7592062989,5.148551,100.980784,Perak,08,Ulu Perak,08,,,,,
OSM_node_11813408072,Gua Kajang,Kajang Cave,,Historic Site (Archaeological Site),historic=archaeological_site,node,11813408072,5.126402,100.980969,Perak,08,Ulu Perak,08,,,,,
OSM_node_12110292815,Gua Teluk Kelawar,Teluk Kelawar Cave,,Historic Site (Archaeological Site),historic=archaeological_site,node,12110292815,5.125215,100.976501,Perak,08,Ulu Perak,08,,,,,
OSM_node_9855010192,POV-BUKIT BUNUH,,,Historic Site (Archaeological Site),historic=archaeological_site,node,9855010192,5.059142,100.978016,Perak,08,Ulu Perak,08,,,,,
OSM_node_9855010191,Tapak Arkeologi Kota Tampan,Kota Tampan Archeological Site,,Historic Site (Archaeological Site),historic=archaeological_site,node,9855010191,5.055007,100.973513,Perak,08,Ulu Perak,08,,,,,
OSM_way_1307720699,Unnamed Historic Site (Archaeological Site),,,Historic Site (Archaeological Site),historic=archaeological_site,way,1307720699,5.128516,100.992706,Perak,08,Ulu Perak,08,,,,,
OSM_node_11697520779,Dataran Juang Tentera Darat,,,Historic Site (Memorial),historic=memorial,node,11697520779,5.543734,101.330482,Perak,08,Ulu Perak,08,,,,,
OSM_node_11332965710,FERRET SCOUT CAR,,,Historic Site (Memorial),historic=memorial,node,11332965710,5.433294,101.122952,Perak,08,Ulu Perak,08,,,,,
OSM_node_11974185128,Unnamed Historic Site (Memorial),,,Historic Site (Memorial),historic=memorial,node,11974185128,5.429853,101.121753,Perak,08,Ulu Perak,08,,,,,
OSM_node_11982299382,Unnamed Historic Site (Memorial),,,Historic Site (Memorial),historic=memorial,node,11982299382,5.429354,101.122447,Perak,08,Ulu Perak,08,,,,,
OSM_node_12011573474,Unnamed Historic Site (Memorial),,,Historic Site (Memorial),historic=memorial,node,12011573474,5.216812,101.097373,Perak,08,Ulu Perak,08,,,,,
OSM_way_766728340,Memorial tragedi Kroh-Betong (17 Jun 1968),Betong-Kroh tragedy memorial (17th June 1968),,Historic Site (Monument),historic=monument,way,766728340,5.745657,101.027436,Perak,08,Ulu Perak,08,,,,,
OSM_node_6897568056,Unnamed Historic Site (Monument),,,Historic Site (Monument),historic=monument,node,6897568056,5.554606,101.345747,Perak,08,Ulu Perak,08,,,,,
OSM_node_6897582706,Unnamed Historic Site (Monument),,,Historic Site (Monument),historic=monument,node,6897582706,5.541837,101.342754,Perak,08,Ulu Perak,08,,,,,
OSM_way_1511781259,Popular Cinema,,,Historic Site (Ruins),historic=ruins,way,1511781259,5.110196,100.968163,Perak,08,Ulu Perak,08,,,,,
OSM_way_1307511145,Galeri Arkeologi Lembah Lenggong,Lenggong Valley Archeological Gallery,,Museum,tourism=museum,way,1307511145,5.054937,100.973897,Perak,08,Ulu Perak,08,,+60 5767 9700,09:00-17:00,,
OSM_node_11713636249,Puncak Gerah Palsu,Gerah False Peak,,Viewpoint,tourism=viewpoint,node,11713636249,5.032187,101.46071,Perak,08,Ulu Perak,08,,,,,
OSM_node_11711195158,Puncak View,,,Viewpoint,tourism=viewpoint,node,11711195158,5.178954,101.492621,Perak,08,Ulu Perak,08,,,,,
OSM_node_11715632858,Puncak View,,,Viewpoint,tourism=viewpoint,node,11715632858,5.194659,101.474254,Perak,08,Ulu Perak,08,,,,,
OSM_node_11697737403,Unnamed Viewpoint,,,Viewpoint,tourism=viewpoint,node,11697737403,5.522267,101.087519,Perak,08,Ulu Perak,08,,,,,
OSM_node_11697737405,Unnamed Viewpoint,,,Viewpoint,tourism=viewpoint,node,11697737405,5.515306,101.08649,Perak,08,Ulu Perak,08,,,,,
OSM_node_11700049480,Unnamed Viewpoint,,,Viewpoint,tourism=viewpoint,node,11700049480,5.604602,101.113818,Perak,08,Ulu Perak,08,,,,,
OSM_node_11700072843,Unnamed Viewpoint,,,Viewpoint,tourism=viewpoint,node,11700072843,5.6046,101.115633,Perak,08,Ulu Perak,08,,,,,
OSM_node_11703776358,Unnamed Viewpoint,,,Viewpoint,tourism=viewpoint,node,11703776358,5.357772,101.090996,Perak,08,Ulu Perak,08,,,,,
OSM_node_11703776359,Unnamed Viewpoint,,,Viewpoint,tourism=viewpoint,node,11703776359,5.368642,101.081976,Perak,08,Ulu Perak,08,,,,,
OSM_node_11711195148,Unnamed Viewpoint,,,Viewpoint,tourism=viewpoint,node,11711195148,5.136873,101.47133,Perak,08,Ulu Perak,08,,,,,
OSM_node_11715238748,Unnamed Viewpoint,,,Viewpoint,tourism=viewpoint,node,11715238748,5.139801,101.483325,Perak,08,Ulu Perak,08,,,,,
OSM_node_11715636767,Unnamed Viewpoint,,,Viewpoint,tourism=viewpoint,node,11715636767,5.139912,101.476287,Perak,08,Ulu Perak,08,,,,,
OSM_node_12104029473,Unnamed Viewpoint,,,Viewpoint,tourism=viewpoint,node,12104029473,5.00156,100.947077,Perak,08,Ulu Perak,08,,,,,
OSM_node_13463334101,Unnamed Viewpoint,,,Viewpoint,tourism=viewpoint,node,13463334101,5.606436,101.542941,Perak,08,Ulu Perak,08,,,,,
OSM_node_6090852181,Bayas Fall,,,Waterfall,waterway=waterfall,node,6090852181,5.008643,100.921539,Perak,08,Ulu Perak,08,,,,,
OSM_node_6090148669,Kekabu Falls,,Air Terjun Kekabu,Waterfall,waterway=waterfall,node,6090148669,5.050437,100.941643,Perak,08,Ulu Perak,08,,,,,
OSM_node_2737029404,Kertil Fall,,,Waterfall,waterway=waterfall,node,2737029404,5.311333,101.399667,Perak,08,Ulu Perak,08,,,,,
OSM_node_2737029405,Kiroi Fall,,,Waterfall,waterway=waterfall,node,2737029405,5.4585,101.419,Perak,08,Ulu Perak,08,,,,,
OSM_node_2737029406,Ko’oi Fall,,,Waterfall,waterway=waterfall,node,2737029406,5.655546,101.404993,Perak,08,Ulu Perak,08,,,,,
OSM_node_11700659896,Lata Cermin,,,Waterfall,waterway=waterfall,node,11700659896,5.463219,100.91503,Perak,08,Ulu Perak,08,,,,,
OSM_node_6090852180,Lata Payong,,,Waterfall,waterway=waterfall,node,6090852180,5.00934,100.920587,Perak,08,Ulu Perak,08,,,,,
OSM_node_2737029407,Mes Fall,,,Waterfall,waterway=waterfall,node,2737029407,5.802,101.412333,Perak,08,Ulu Perak,08,,,,,
OSM_node_2737029408,Ruok Fall,,,Waterfall,waterway=waterfall,node,2737029408,5.605015,101.421829,Perak,08,Ulu Perak,08,,,,,
OSM_node_2737029409,Semelians Fall,,,Waterfall,waterway=waterfall,node,2737029409,5.722167,101.398833,Perak,08,Ulu Perak,08,,,,,
OSM_node_2737029410,Sungai Enam Falls,,,Waterfall,waterway=waterfall,node,2737029410,5.510833,101.463167,Perak,08,Ulu Perak,08,,,,,
OSM_node_2737029411,Tiang Fall,,,Waterfall,waterway=waterfall,node,2737029411,5.686833,101.393667,Perak,08,Ulu Perak,08,,,,,
OSM_node_11700049472,Unnamed Waterfall,,,Waterfall,waterway=waterfall,node,11700049472,5.609844,101.116807,Perak,08,Ulu Perak,08,,,,,
OSM_node_13335136797,Unnamed Waterfall,,,Waterfall,waterway=waterfall,node,13335136797,5.086285,101.039302,Perak,08,Ulu Perak,08,,,,,
OSM_node_13335333685,Unnamed Waterfall,,,Waterfall,waterway=waterfall,node,13335333685,5.052977,101.019161,Perak,08,Ulu Perak,08,,,,,
OSM_node_13466598185,Unnamed Waterfall,,,Waterfall,waterway=waterfall,node,13466598185,4.98511,100.993818,Perak,08,Ulu Perak,08,,,,,
OSM_node_2610748545,Gua Kelam,Kelam Cave,Gua Kelam,Attraction,tourism=attraction,node,2610748545,6.644267,100.20266,Perlis,09,Perlis,01,,,Mo-Su 08:00-17:00,,
OSM_node_9067212078,Trek Kurong Tengar,,,Attraction,tourism=attraction,node,9067212078,6.36834,100.14236,Perlis,09,Perlis,01,,,,,
OSM_way_980165101,Unnamed Beach,,,Beach,natural=beach,way,980165101,6.370467,100.14101,Perlis,09,Perlis,01,,,,,
OSM_node_4241588189,Istana Diraja Perlis,Royal King's Palace of Perlis,Istana Diraja Perlis,Historic Site (Castle),historic=castle,node,4241588189,6.430983,100.27165,Perlis,09,Perlis,01,,,,,
OSM_way_967369084,Kota Kayang Museum,Kota Kayang Museum,,Museum,tourism=museum,way,967369084,6.415792,100.148778,Perlis,09,Perlis,01,https://www.jmm.gov.my/en/museum/kota-kayang-museum,+6049770027,,,
OSM_node_12185989148,Sesar Bukit Chabang,,,Viewpoint,tourism=viewpoint,node,12185989148,6.602379,100.260933,Perlis,09,Perlis,01,https://geopark.perlis.gov.my/tour-item/sesar-bukit-chabang-2/,,,,
OSM_node_4546701345,Unnamed Viewpoint,,,Viewpoint,tourism=viewpoint,node,4546701345,6.396712,100.127074,Perlis,09,Perlis,01,,,,,
OSM_node_5688197421,Unnamed Viewpoint,,,Viewpoint,tourism=viewpoint,node,5688197421,6.505454,100.165552,Perlis,09,Perlis,01,,,,,
OSM_node_12189459573,Unnamed Viewpoint,,,Viewpoint,tourism=viewpoint,node,12189459573,6.50642,100.15858,Perlis,09,Perlis,01,,,,,
OSM_node_12194993187,Unnamed Viewpoint,,,Viewpoint,tourism=viewpoint,node,12194993187,6.414201,100.192906,Perlis,09,Perlis,01,,,,,
OSM_node_12195041364,Unnamed Viewpoint,,,Viewpoint,tourism=viewpoint,node,12195041364,6.398043,100.193774,Perlis,09,Perlis,01,,,,,
OSM_node_12196792549,Unnamed Viewpoint,,,Viewpoint,tourism=viewpoint,node,12196792549,6.535307,100.271275,Perlis,09,Perlis,01,,,,,
OSM_node_12195041372,View Point Gunung Medan,,,Viewpoint,tourism=viewpoint,node,12195041372,6.398279,100.194026,Perlis,09,Perlis,01,,,,,
OSM_relation_13669344,View Point Wang Kelian,,,Viewpoint,tourism=viewpoint,relation,13669344,6.665923,100.201323,Perlis,09,Perlis,01,,,,,
OSM_way_1317514503,Taman Ular dan Reptilia Sungai Batu Pahat,,,Zoo,tourism=zoo,way,1317514503,6.509666,100.174205,Perlis,09,Perlis,01,,,,,
OSM_node_12290271678,Aerobat,,,Attraction,tourism=attraction,node,12290271678,5.448721,100.215925,Pulau Pinang,07,Barat Daya,05,,,,,
OSM_node_9876472584,Atan's Jump,,,Attraction,tourism=attraction,node,9876472584,5.448613,100.21409,Pulau Pinang,07,Barat Daya,05,,,,,
OSM_node_9876472878,Atan's Leap,,,Attraction,tourism=attraction,node,9876472878,5.448927,100.216527,Pulau Pinang,07,Barat Daya,05,,,,,
OSM_node_5110609223,Big Bird House,,,Attraction,tourism=attraction,node,5110609223,5.323216,100.240476,Pulau Pinang,07,Barat Daya,05,,,,,
OSM_node_6601382191,Boat Rental,Boat Rental,,Attraction,tourism=attraction,node,6601382191,5.459724,100.206583,Pulau Pinang,07,Barat Daya,05,,,,,
OSM_node_6601347503,Boat Service,Boat Service,,Attraction,tourism=attraction,node,6601347503,5.45984,100.206563,Pulau Pinang,07,Barat Daya,05,,,,,
OSM_node_6601347498,Boat Trips,Boat Trips,,Attraction,tourism=attraction,node,6601347498,5.459748,100.20668,Pulau Pinang,07,Barat Daya,05,,,,,
OSM_node_12290271674,Chairlift,,,Attraction,tourism=attraction,node,12290271674,5.448589,100.215008,Pulau Pinang,07,Barat Daya,05,,,,,
OSM_node_9876472640,Coco Climb,,,Attraction,tourism=attraction,node,9876472640,5.448851,100.215766,Pulau Pinang,07,Barat Daya,05,,,,,
OSM_node_5199872421,Countryside Stables Penang,Countryside Stables Penang,,Attraction,tourism=attraction,node,5199872421,5.339271,100.198149,Pulau Pinang,07,Barat Daya,05,,+60 12-408 0678,Mo-Su 14:00-19:00,,
OSM_node_12290271680,Discovery Dig,,,Attraction,tourism=attraction,node,12290271680,5.44899,100.216423,Pulau Pinang,07,Barat Daya,05,,,,,
OSM_node_9876472824,Dunk Tank,,,Attraction,tourism=attraction,node,9876472824,5.447668,100.214239,Pulau Pinang,07,Barat Daya,05,,,,,
OSM_node_12290271679,Family Trail,,,Attraction,tourism=attraction,node,12290271679,5.449063,100.216393,Pulau Pinang,07,Barat Daya,05,,,,,
OSM_node_12290271683,Flying Lemur,,,Attraction,tourism=attraction,node,12290271683,5.44966,100.217503,Pulau Pinang,07,Barat Daya,05,,,,,
OSM_node_4502479389,Free the monkeys! (Caged monkeys),,,Attraction,tourism=attraction,node,4502479389,5.403264,100.221893,Pulau Pinang,07,Barat Daya,05,,,,,
OSM_node_9876472638,Gecko Tower,,,Attraction,tourism=attraction,node,9876472638,5.449,100.216326,Pulau Pinang,07,Barat Daya,05,,,,,
OSM_node_12290271676,Go Bananas,,,Attraction,tourism=attraction,node,12290271676,5.448899,100.215527,Pulau Pinang,07,Barat Daya,05,,,,,
OSM_node_5110609222,Half Pondok Upeh,,,Attraction,tourism=attraction,node,5110609222,5.331967,100.237481,Pulau Pinang,07,Barat Daya,05,,,,,
OSM_node_12290271677,Harness Station,,,Attraction,tourism=attraction,node,12290271677,5.449139,100.215266,Pulau Pinang,07,Barat Daya,05,,,,,
OSM_node_12290271681,Jumping Jack,,,Attraction,tourism=attraction,node,12290271681,5.449253,100.217281,Pulau Pinang,07,Barat Daya,05,,,,,
OSM_node_12290271684,Kite Flyer,,,Attraction,tourism=attraction,node,12290271684,5.449055,100.217604,Pulau Pinang,07,Barat Daya,05,,,,,
OSM_node_4306092393,Lim Brothers Orchard,Lim Brothers Orchard,,Attraction,tourism=attraction,node,4306092393,5.354989,100.23948,Pulau Pinang,07,Barat Daya,05,,,24/7,,
OSM_node_5092720725,Limbongan Batu Maung,,Limbongan Batu Maung,Attraction,tourism=attraction,node,5092720725,5.282495,100.29009,Pulau Pinang,07,Barat Daya,05,,,,,
OSM_node_9876472865,Monkey Bussiness,,,Attraction,tourism=attraction,node,9876472865,5.448856,100.215649,Pulau Pinang,07,Barat Daya,05,,,,,
OSM_node_12290271682,Monkey School,,,Attraction,tourism=attraction,node,12290271682,5.449259,100.217127,Pulau Pinang,07,Barat Daya,05,,,,,
OSM_node_5147539821,Muhibbah,,,Attraction,tourism=attraction,node,5147539821,5.366515,100.238952,Pulau Pinang,07,Barat Daya,05,,,,,
OSM_node_4664908090,PLS Downhill Trail,PLS Downhill Trail,,Attraction,tourism=attraction,node,4664908090,5.319231,100.252613,Pulau Pinang,07,Barat Daya,05,,,,,
OSM_node_6139075087,Planctons (Bioluminescent),Planctons (Bioluminescent),,Attraction,tourism=attraction,node,6139075087,5.471644,100.186476,Pulau Pinang,07,Barat Daya,05,,,,,
OSM_node_6139075088,Planctons (Bioluminescent),Planctons (Bioluminescent),,Attraction,tourism=attraction,node,6139075088,5.470522,100.189368,Pulau Pinang,07,Barat Daya,05,,,,,
OSM_node_6538595985,Shan Cheng Durian Penang,Shan Cheng Durian Penang,,Attraction,tourism=attraction,node,6538595985,5.347554,100.238252,Pulau Pinang,07,Barat Daya,05,https://www.facebook.com/ShanChengDurianPenang/,+60 10-274 8988,,,
OSM_node_12290271675,Ski Slope,,,Attraction,tourism=attraction,node,12290271675,5.448733,100.216241,Pulau Pinang,07,Barat Daya,05,,,,,
OSM_node_9876472649,Slingshot,,,Attraction,tourism=attraction,node,9876472649,5.448881,100.215272,Pulau Pinang,07,Barat Daya,05,,,,,
OSM_node_6923758089,Street Art,,,Attraction,tourism=attraction,node,6923758089,5.347976,100.227424,Pulau Pinang,07,Barat Daya,05,,,,,
OSM_node_5147539921,Sungai Rusa,,,Attraction,tourism=attraction,node,5147539921,5.400812,100.229204,Pulau Pinang,07,Barat Daya,05,,,,,
OSM_way_275620241,Taman Buah-Buahan Tropika,Tropical Fruit Farm,Taman Buah-Buahan Tropika,Attraction,tourism=attraction,way,275620241,5.416072,100.218174,Pulau Pinang,07,Barat Daya,05,https://tropicalfruitfarm.com.my/,,,,limited
OSM_node_5045686549,Tang Hang Hill,,,Attraction,tourism=attraction,node,5045686549,5.341727,100.259699,Pulau Pinang,07,Barat Daya,05,,,,,
OSM_node_12290271686,The Longest,,,Attraction,tourism=attraction,node,12290271686,5.448848,100.21837,Pulau Pinang,07,Barat Daya,05,,,,,
OSM_node_5110609225,To Bukit Genting,,,Attraction,tourism=attraction,node,5110609225,5.301329,100.225273,Pulau Pinang,07,Barat Daya,05,,,,,
OSM_way_1018568502,Tropical Spice Garden,Tropical Spice Garden,,Attraction,tourism=attraction,way,1018568502,5.46333,100.229251,Pulau Pinang,07,Barat Daya,05,https://tropicalspicegarden.com/,,,,no
OSM_node_12290271687,Tubby Racer,,,Attraction,tourism=attraction,node,12290271687,5.448845,100.218207,Pulau Pinang,07,Barat Daya,05,,,,,
OSM_relation_10085141,Tukun Batu Feringgi,Ferringhi Rock,,Attraction,tourism=attraction,relation,10085141,5.466205,100.235582,Pulau Pinang,07,Barat Daya,05,,,,,
OSM_way_764343543,Unnamed Attraction,,,Attraction,tourism=attraction,way,764343543,5.402917,100.219449,Pulau Pinang,07,Barat Daya,05,,,,,
OSM_node_4243277690,Waterfall (titi kerawang),,,Attraction,tourism=attraction,node,4243277690,5.403263,100.222528,Pulau Pinang,07,Barat Daya,05,,,,,
OSM_node_12290271685,Zip Coaster,,,Attraction,tourism=attraction,node,12290271685,5.448712,100.218389,Pulau Pinang,07,Barat Daya,05,,,,,
OSM_node_9876472441,Zoom Bug,,,Attraction,tourism=attraction,node,9876472441,5.448983,100.215656,Pulau Pinang,07,Barat Daya,05,,,,,
OSM_node_4664908792,八仙廟,,,Attraction,tourism=attraction,node,4664908792,5.337237,100.238049,Pulau Pinang,07,Barat Daya,05,,,,,
OSM_node_13703155303,Cat Beach,,,Beach,natural=beach,node,13703155303,5.460183,100.212808,Pulau Pinang,07,Barat Daya,05,,,,,
OSM_way_165289469,Monkey Beach,Monkey Beach,,Beach,natural=beach,way,165289469,5.47106,100.18893,Pulau Pinang,07,Barat Daya,05,,,,,
OSM_way_700779193,Pantai Esen,Esen Beach,Pantai Esen,Beach,natural=beach,way,700779193,5.266648,100.271468,Pulau Pinang,07,Barat Daya,05,,,,,
OSM_way_137903974,Pantai Kerachut,Kerachut Beach,Pantai Kerachut,Beach,natural=beach,way,137903974,5.451188,100.183051,Pulau Pinang,07,Barat Daya,05,,,,,
OSM_way_1229255885,Pantai Pasir Kecil Bukit Ginting,Small Ginting Hill Sand Beach,Pantai Pasir Kecil Bukit Ginting,Beach,natural=beach,way,1229255885,5.307776,100.187884,Pulau Pinang,07,Barat Daya,05,,,,,
OSM_way_254127726,Pantai Pasir Panjang,Panjang Sand Beach,Pantai Pasir Panjang,Beach,natural=beach,way,254127726,5.29735,100.184342,Pulau Pinang,07,Barat Daya,05,,,,,
OSM_way_700779062,Pantai Teluk Bayu,Bayu Bay Beach,Pantai Teluk Bayu,Beach,natural=beach,way,700779062,5.278871,100.241481,Pulau Pinang,07,Barat Daya,05,,,,,
OSM_way_262655514,Pasir Belanda,Belanda Beach,Pasir Belanda,Beach,natural=beach,way,262655514,5.281682,100.218529,Pulau Pinang,07,Barat Daya,05,,,,,
OSM_way_727656126,Pasir Buaya,,Pasir Buaya,Beach,natural=beach,way,727656126,5.438924,100.180004,Pulau Pinang,07,Barat Daya,05,,,,,
OSM_way_727676932,Pasir Bulan,Bulan Beach,Pasir Bulan,Beach,natural=beach,way,727676932,5.288034,100.180127,Pulau Pinang,07,Barat Daya,05,,,,,
OSM_way_727661055,Pasir Pandak,,,Beach,natural=beach,way,727661055,5.274235,100.182017,Pulau Pinang,07,Barat Daya,05,,,,,
OSM_way_122397988,Teluk Bahang,,,Beach,natural=beach,way,122397988,5.462424,100.21795,Pulau Pinang,07,Barat Daya,05,,,,,
OSM_way_261197670,Tropical Beach,,,Beach,natural=beach,way,261197670,5.463735,100.228202,Pulau Pinang,07,Barat Daya,05,,,,,
OSM_node_2758108220,Unnamed Beach,,,Beach,natural=beach,node,2758108220,5.462915,100.202756,Pulau Pinang,07,Barat Daya,05,,,,,no
OSM_way_275618516,Unnamed Beach,,,Beach,natural=beach,way,275618516,5.467613,100.199582,Pulau Pinang,07,Barat Daya,05,,,,,
OSM_way_763981410,Unnamed Beach,,,Beach,natural=beach,way,763981410,5.278875,100.205946,Pulau Pinang,07,Barat Daya,05,,,,,
OSM_way_790940302,Unnamed Beach,,,Beach,natural=beach,way,790940302,5.464189,100.234244,Pulau Pinang,07,Barat Daya,05,,,,,
OSM_way_823021011,Unnamed Beach,,,Beach,natural=beach,way,823021011,5.27691,100.186424,Pulau Pinang,07,Barat Daya,05,,,,,
OSM_relation_13334261,Unnamed Beach,,,Beach,natural=beach,relation,13334261,5.344306,100.312111,Pulau Pinang,07,Barat Daya,05,,,,,
OSM_relation_13638826,Unnamed Beach,,,Beach,natural=beach,relation,13638826,5.278253,100.28903,Pulau Pinang,07,Barat Daya,05,,,,,
OSM_node_10716449519,Art & Garden,Art & Garden,,Gallery,tourism=gallery,node,10716449519,5.414568,100.214944,Pulau Pinang,07,Barat Daya,05,,,,,
OSM_way_808277518,Kediaman Pegawai Daerah Daerah Barat Daya,Southwestern District Officer Bungalow,,Historic Site (Castle),historic=castle,way,808277518,5.356777,100.226028,Pulau Pinang,07,Barat Daya,05,,,,,
OSM_way_1068727459,Private Gated House,,,Historic Site (Manor),historic=manor,way,1068727459,5.327083,100.247809,Pulau Pinang,07,Barat Daya,05,,,,,
OSM_way_1068734878,Private Gated House,,,Historic Site (Manor),historic=manor,way,1068734878,5.326964,100.248154,Pulau Pinang,07,Barat Daya,05,,,,,
OSM_node_6605283497,Unnamed Historic Site (Memorial),,,Historic Site (Memorial),historic=memorial,node,6605283497,5.441044,100.216335,Pulau Pinang,07,Barat Daya,05,,,,,
OSM_node_4664870591,Tua Peh Kong,Tua Peh Kong,,Historic Site (Monument),historic=monument,node,4664870591,5.306047,100.253111,Pulau Pinang,07,Barat Daya,05,,,,,
OSM_node_9805679351,Unnamed Historic Site (Ruins),,,Historic Site (Ruins),historic=ruins,node,9805679351,5.32954,100.275784,Pulau Pinang,07,Barat Daya,05,,,,,
OSM_node_9909944974,Datuk Gong,,,Historic Site (Wayside Shrine),historic=wayside_shrine,node,9909944974,5.28333,100.285067,Pulau Pinang,07,Barat Daya,05,,,,,
OSM_node_9916288770,Datuk Gong,,,Historic Site (Wayside Shrine),historic=wayside_shrine,node,9916288770,5.284355,100.281112,Pulau Pinang,07,Barat Daya,05,,,,,
OSM_node_14065541177,Datuk Gong,,,Historic Site (Wayside Shrine),historic=wayside_shrine,node,14065541177,5.263141,100.273197,Pulau Pinang,07,Barat Daya,05,,,,,
OSM_way_275619764,Forestry Museum,,,Museum,tourism=museum,way,275619764,5.446467,100.217109,Pulau Pinang,07,Barat Daya,05,,,,,
OSM_node_1928907661,Muzium Perang Penang,Penang War Museum,Muzium Perang Penang,Museum,tourism=museum,node,1928907661,5.281242,100.288931,Pulau Pinang,07,Barat Daya,05,,,,,no
OSM_node_2270325272,Penang Toy Museum,Penang Toy Museum,,Museum,tourism=museum,node,2270325272,5.456892,100.215676,Pulau Pinang,07,Barat Daya,05,,,Daily 09:00-18:00,,
OSM_relation_13885747,ESCAPE,ESCAPE,ESCAPE,Theme Park,tourism=theme_park,relation,13885747,5.448426,100.215693,Pulau Pinang,07,Barat Daya,05,https://www.escape.my/,+604-881 1106,Tu-Su 10:00-18:00,yes,
OSM_node_1718697547,Anjung Indah,Anjung Indah,,Viewpoint,tourism=viewpoint,node,1718697547,5.350169,100.252018,Pulau Pinang,07,Barat Daya,05,,,,,
OSM_node_1728580914,Bukit Genting Viewpoint,,,Viewpoint,tourism=viewpoint,node,1728580914,5.309153,100.220769,Pulau Pinang,07,Barat Daya,05,,,,,no
OSM_node_4664847489,Heaven Hill,,,Viewpoint,tourism=viewpoint,node,4664847489,5.320186,100.237981,Pulau Pinang,07,Barat Daya,05,,,,,
OSM_node_10153356670,Jabatan Pantai Kerachut,,Jabatan Pantai Kerachut,Viewpoint,tourism=viewpoint,node,10153356670,5.453214,100.184406,Pulau Pinang,07,Barat Daya,05,,,,,
OSM_node_3246711671,Menara Pandang,,,Viewpoint,tourism=viewpoint,node,3246711671,5.449894,100.221967,Pulau Pinang,07,Barat Daya,05,,,,,
OSM_node_5758502621,Nice View Point,Nice View Point,,Viewpoint,tourism=viewpoint,node,5758502621,5.447025,100.195695,Pulau Pinang,07,Barat Daya,05,,,,,
OSM_node_1736780111,Unnamed Viewpoint,,,Viewpoint,tourism=viewpoint,node,1736780111,5.45115,100.182323,Pulau Pinang,07,Barat Daya,05,,,,,
OSM_node_4832147323,Unnamed Viewpoint,,,Viewpoint,tourism=viewpoint,node,4832147323,5.3512,100.253615,Pulau Pinang,07,Barat Daya,05,,,,,
OSM_node_6579426400,Unnamed Viewpoint,,,Viewpoint,tourism=viewpoint,node,6579426400,5.281396,100.28892,Pulau Pinang,07,Barat Daya,05,,,,,
OSM_node_9810444106,Unnamed Viewpoint,,,Viewpoint,tourism=viewpoint,node,9810444106,5.335716,100.246431,Pulau Pinang,07,Barat Daya,05,,,,,
OSM_node_9810444107,Unnamed Viewpoint,,,Viewpoint,tourism=viewpoint,node,9810444107,5.334448,100.245735,Pulau Pinang,07,Barat Daya,05,,,,,
OSM_node_10731980096,Unnamed Viewpoint,,,Viewpoint,tourism=viewpoint,node,10731980096,5.374101,100.244506,Pulau Pinang,07,Barat Daya,05,,,,,
OSM_node_10732044105,Unnamed Viewpoint,,,Viewpoint,tourism=viewpoint,node,10732044105,5.375585,100.238544,Pulau Pinang,07,Barat Daya,05,,,,,
OSM_node_10732044106,Unnamed Viewpoint,,,Viewpoint,tourism=viewpoint,node,10732044106,5.373586,100.236705,Pulau Pinang,07,Barat Daya,05,,,,,
OSM_node_10732950441,Unnamed Viewpoint,,,Viewpoint,tourism=viewpoint,node,10732950441,5.376613,100.243793,Pulau Pinang,07,Barat Daya,05,,,,,
OSM_node_10736133699,Unnamed Viewpoint,,,Viewpoint,tourism=viewpoint,node,10736133699,5.356165,100.248785,Pulau Pinang,07,Barat Daya,05,,,,,
OSM_node_10736158657,Unnamed Viewpoint,,,Viewpoint,tourism=viewpoint,node,10736158657,5.387891,100.219763,Pulau Pinang,07,Barat Daya,05,,,,,
OSM_node_12086704269,Unnamed Viewpoint,,,Viewpoint,tourism=viewpoint,node,12086704269,5.376897,100.254935,Pulau Pinang,07,Barat Daya,05,,,,,
OSM_node_7142656585,宝成园,,,Viewpoint,tourism=viewpoint,node,7142656585,5.402854,100.219675,Pulau Pinang,07,Barat Daya,05,,,,,
OSM_node_9511019323,Batu Ferringhi Waterfalls,Batu Ferringhi Waterfalls,,Waterfall,waterway=waterfall,node,9511019323,5.460007,100.241716,Pulau Pinang,07,Barat Daya,05,,,,,
OSM_node_4668397089,Big Lake Waterfall,Big Lake Waterfall,,Waterfall,waterway=waterfall,node,4668397089,5.323367,100.253667,Pulau Pinang,07,Barat Daya,05,,,,,
OSM_node_10736158656,Teruna Dara Falls,,,Waterfall,waterway=waterfall,node,10736158656,5.38997,100.221264,Pulau Pinang,07,Barat Daya,05,,,,,
OSM_node_3211356983,Unnamed Waterfall,,,Waterfall,waterway=waterfall,node,3211356983,5.445111,100.221163,Pulau Pinang,07,Barat Daya,05,,,,,
OSM_node_4666918892,Unnamed Waterfall,,,Waterfall,waterway=waterfall,node,4666918892,5.344884,100.267161,Pulau Pinang,07,Barat Daya,05,,,,,
OSM_node_4837938921,Unnamed Waterfall,,,Waterfall,waterway=waterfall,node,4837938921,5.460123,100.197757,Pulau Pinang,07,Barat Daya,05,,,,,
OSM_node_6605283302,Unnamed Waterfall,,,Waterfall,waterway=waterfall,node,6605283302,5.423627,100.220465,Pulau Pinang,07,Barat Daya,05,,,,,
OSM_node_11118710457,Unnamed Waterfall,,,Waterfall,waterway=waterfall,node,11118710457,5.457338,100.191115,Pulau Pinang,07,Barat Daya,05,,,,,
OSM_node_11118717298,Unnamed Waterfall,,,Waterfall,waterway=waterfall,node,11118717298,5.463627,100.199959,Pulau Pinang,07,Barat Daya,05,,,,,
OSM_relation_18184487,Entopia by Penang Butterfly Farm,,,Zoo,tourism=zoo,relation,18184487,5.447637,100.21525,Pulau Pinang,07,Barat Daya,05,,,,,
OSM_node_3321491949,Fireflies,,,Attraction,tourism=attraction,node,3321491949,5.159804,100.491343,Pulau Pinang,07,Seberang Perai Selatan,03,,,,,
OSM_node_13518631247,Heah Swee Lee Ancestral Mansion,Heah Swee Lee Ancestral Mansion,,Attraction,tourism=attraction,node,13518631247,5.273695,100.448639,Pulau Pinang,07,Seberang Perai Selatan,03,https://www.facebook.com/PenangHiddenGems/posts/pfbid02dwyVmXuftDJwzkBgXZh9MskpXF1TRc3bNaLwL7j8qJZ4FHsqSg2taUzfaXreHBWRl,,,,
OSM_way_1311505901,Pantai Teluk Aman,,,Beach,natural=beach,way,1311505901,5.267073,100.408764,Pulau Pinang,07,Seberang Perai Selatan,03,,,,,
OSM_node_12281391293,Frontier Pillar no 30,,,Historic Site (Boundary Stone),historic=boundary_stone,node,12281391293,5.143065,100.55047,Pulau Pinang,07,Seberang Perai Selatan,03,,,,,
OSM_way_1308636612,Unnamed Historic Site (Castle),,,Historic Site (Castle),historic=castle,way,1308636612,5.223298,100.49703,Pulau Pinang,07,Seberang Perai Selatan,03,,,,,
OSM_node_2739129033,Malaysia's Largest Sundial,,,Historic Site (Monument),historic=monument,node,2739129033,5.257742,100.428618,Pulau Pinang,07,Seberang Perai Selatan,03,,,,,
OSM_node_14080035382,Datuk Gong,,,Historic Site (Wayside Shrine),historic=wayside_shrine,node,14080035382,5.236206,100.444369,Pulau Pinang,07,Seberang Perai Selatan,03,,,,,
OSM_node_7174772427,Unnamed Historic Site (Wayside Shrine),,,Historic Site (Wayside Shrine),historic=wayside_shrine,node,7174772427,5.166536,100.477953,Pulau Pinang,07,Seberang Perai Selatan,03,,,,,
OSM_node_7174772433,高渊历史文物馆,,,Museum,tourism=museum,node,7174772433,5.16578,100.477262,Pulau Pinang,07,Seberang Perai Selatan,03,,,,,
OSM_node_8779178550,Aiz Aquarium,,,Aquarium,tourism=aquarium,node,8779178550,5.333014,100.481848,Pulau Pinang,07,Seberang Perai Tengah,01,,,,,
OSM_way_354004636,AEON MALL Bukit Mertajam,,,Attraction,tourism=attraction,way,354004636,5.320168,100.477927,Pulau Pinang,07,Seberang Perai Tengah,01,https://aeonmallmy.com/mall/aeon-mall-bukit-mertajam,,Mo-Su 10:00-22:00,,
OSM_relation_16408121,Auto-City Juru,,,Attraction,tourism=attraction,relation,16408121,5.338899,100.428767,Pulau Pinang,07,Seberang Perai Tengah,01,,,,,
OSM_way_627848751,Icon City,,,Attraction,tourism=attraction,way,627848751,5.343648,100.433711,Pulau Pinang,07,Seberang Perai Tengah,01,,,,,
OSM_way_353782552,Jalan Pasar,,Jalan Pasar,Attraction,tourism=attraction,way,353782552,5.363999,100.460459,Pulau Pinang,07,Seberang Perai Tengah,01,,,,,
OSM_way_601267471,Jambatan Pulau Pinang,Penang Bridge,,Attraction,tourism=attraction,way,601267471,5.355506,100.351742,Pulau Pinang,07,Seberang Perai Tengah,01,http://penangbridge.com.my,,,,
OSM_way_699234331,Mertajam Art Walk (Lorong Ann Cheng),Mertajam Art Walk (Lorong Ann Cheng),Lorong Ann Cheng,Attraction,tourism=attraction,way,699234331,5.363413,100.462639,Pulau Pinang,07,Seberang Perai Tengah,01,,,,,
OSM_way_1185247004,Pek Kong Cheng,Pek Kong Cheng,Pek Kong Cheng,Attraction,tourism=attraction,way,1185247004,5.364248,100.460915,Pulau Pinang,07,Seberang Perai Tengah,01,,,,,
OSM_way_354331493,Sri Mangalanayagi Amman Devasthanam,,Sri Mangalanayagi Amman Devasthanam,Attraction,tourism=attraction,way,354331493,5.361303,100.464216,Pulau Pinang,07,Seberang Perai Tengah,01,,,,,
OSM_way_502324264,Vangohh Eminent,,,Attraction,tourism=attraction,way,502324264,5.329893,100.499718,Pulau Pinang,07,Seberang Perai Tengah,01,https://www.vangohh.com/,+604 548 6999 / +604 548 6888,,,
OSM_node_5258285471,Chun May Treding Co. 精美画框,,,Gallery,tourism=gallery,node,5258285471,5.361896,100.444433,Pulau Pinang,07,Seberang Perai Tengah,01,,,,,
OSM_way_1310622534,Catholic Church of the Sacred Heart of Jesus,,,Historic Site (Church),historic=church,way,1310622534,5.358067,100.520052,Pulau Pinang,07,Seberang Perai Tengah,01,,,,,
OSM_node_5044942393,Unnamed Historic Site (Memorial),,,Historic Site (Memorial),historic=memorial,node,5044942393,5.348404,100.521842,Pulau Pinang,07,Seberang Perai Tengah,01,,,,,
OSM_node_6119361834,Unnamed Historic Site (Memorial),,,Historic Site (Memorial),historic=memorial,node,6119361834,5.356887,100.3923,Pulau Pinang,07,Seberang Perai Tengah,01,,,,,
OSM_way_965543890,Unnamed Historic Site (Monument),,,Historic Site (Monument),historic=monument,way,965543890,5.367104,100.448007,Pulau Pinang,07,Seberang Perai Tengah,01,,,,,
OSM_way_1183636245,Old Bukit Mertajam Station,Old Bukit Mertajam Station,,Historic Site (Railway),historic=railway,way,1183636245,5.361257,100.46087,Pulau Pinang,07,Seberang Perai Tengah,01,,,,,
OSM_node_12183668318,Datuk Gong,,,Historic Site (Wayside Shrine),historic=wayside_shrine,node,12183668318,5.314391,100.446698,Pulau Pinang,07,Seberang Perai Tengah,01,,,,,
OSM_node_12183668319,Datuk Gong,,,Historic Site (Wayside Shrine),historic=wayside_shrine,node,12183668319,5.312919,100.446307,Pulau Pinang,07,Seberang Perai Tengah,01,,,,,
OSM_node_5630265721,Unnamed Historic Site (Wayside Shrine),,,Historic Site (Wayside Shrine),historic=wayside_shrine,node,5630265721,5.321015,100.479255,Pulau Pinang,07,Seberang Perai Tengah,01,,,,,
OSM_node_5875624664,Unnamed Historic Site (Wayside Shrine),,,Historic Site (Wayside Shrine),historic=wayside_shrine,node,5875624664,5.333775,100.494795,Pulau Pinang,07,Seberang Perai Tengah,01,,,,,
OSM_node_6489605736,Unnamed Historic Site (Wayside Shrine),,,Historic Site (Wayside Shrine),historic=wayside_shrine,node,6489605736,5.29885,100.423243,Pulau Pinang,07,Seberang Perai Tengah,01,,,,,
OSM_node_7566053967,Unnamed Historic Site (Wayside Shrine),,,Historic Site (Wayside Shrine),historic=wayside_shrine,node,7566053967,5.332636,100.493296,Pulau Pinang,07,Seberang Perai Tengah,01,,,,,
OSM_node_7566053968,Unnamed Historic Site (Wayside Shrine),,,Historic Site (Wayside Shrine),historic=wayside_shrine,node,7566053968,5.330654,100.494419,Pulau Pinang,07,Seberang Perai Tengah,01,,,,,
OSM_node_7728624322,Unnamed Historic Site (Wayside Shrine),,,Historic Site (Wayside Shrine),historic=wayside_shrine,node,7728624322,5.352825,100.44507,Pulau Pinang,07,Seberang Perai Tengah,01,,,,,
OSM_node_8027355875,Unnamed Historic Site (Wayside Shrine),,,Historic Site (Wayside Shrine),historic=wayside_shrine,node,8027355875,5.297787,100.423973,Pulau Pinang,07,Seberang Perai Tengah,01,,,,,
OSM_node_12053638974,Unnamed Historic Site (Wayside Shrine),,,Historic Site (Wayside Shrine),historic=wayside_shrine,node,12053638974,5.310281,100.482776,Pulau Pinang,07,Seberang Perai Tengah,01,,,,,
OSM_node_12445207733,Unnamed Historic Site (Wayside Shrine),,,Historic Site (Wayside Shrine),historic=wayside_shrine,node,12445207733,5.408094,100.413142,Pulau Pinang,07,Seberang Perai Tengah,01,,,,,
OSM_way_1452803955,Lavenda Fun Park,,,Theme Park,tourism=theme_park,way,1452803955,5.338374,100.427015,Pulau Pinang,07,Seberang Perai Tengah,01,,,,,
OSM_node_4608885597,Bukit Mertajam Viewing Point,Bukit Mertajam Viewing Point,,Viewpoint,tourism=viewpoint,node,4608885597,5.369682,100.484747,Pulau Pinang,07,Seberang Perai Tengah,01,,,,,
OSM_node_11981177227,F3,,,Viewpoint,tourism=viewpoint,node,11981177227,5.361952,100.482366,Pulau Pinang,07,Seberang Perai Tengah,01,,,,,
OSM_node_12129477673,Good View Point,,,Viewpoint,tourism=viewpoint,node,12129477673,5.358493,100.482894,Pulau Pinang,07,Seberang Perai Tengah,01,,,,,
OSM_node_10679887614,Old Railway Remnant,,,Viewpoint,tourism=viewpoint,node,10679887614,5.354717,100.503092,Pulau Pinang,07,Seberang Perai Tengah,01,,,,,
OSM_node_10015302108,Rock Forest,Rock Forest,,Viewpoint,tourism=viewpoint,node,10015302108,5.363191,100.484369,Pulau Pinang,07,Seberang Perai Tengah,01,,,,,
OSM_node_10015260853,The Mask,,,Viewpoint,tourism=viewpoint,node,10015260853,5.358604,100.489037,Pulau Pinang,07,Seberang Perai Tengah,01,,,,,
OSM_node_9848158338,Three Red Chair,Three Red Chair,,Viewpoint,tourism=viewpoint,node,9848158338,5.365406,100.486648,Pulau Pinang,07,Seberang Perai Tengah,01,,,,,
OSM_node_10015260855,Triple Rock,Triple Rock,,Viewpoint,tourism=viewpoint,node,10015260855,5.362328,100.485638,Pulau Pinang,07,Seberang Perai Tengah,01,,,,,
OSM_node_4560319607,Unnamed Viewpoint,,,Viewpoint,tourism=viewpoint,node,4560319607,5.369643,100.484698,Pulau Pinang,07,Seberang Perai Tengah,01,,,,,
OSM_node_12136030673,Unnamed Viewpoint,,,Viewpoint,tourism=viewpoint,node,12136030673,5.364273,100.5125,Pulau Pinang,07,Seberang Perai Tengah,01,,,,,
OSM_node_12137157177,Unnamed Viewpoint,,,Viewpoint,tourism=viewpoint,node,12137157177,5.36172,100.507848,Pulau Pinang,07,Seberang Perai Tengah,01,,,,,
OSM_node_12140623086,Unnamed Viewpoint,,,Viewpoint,tourism=viewpoint,node,12140623086,5.405392,100.508949,Pulau Pinang,07,Seberang Perai Tengah,01,,,,,
OSM_node_12135762206,Pak Janggus Waterfall,,,Waterfall,waterway=waterfall,node,12135762206,5.354832,100.502685,Pulau Pinang,07,Seberang Perai Tengah,01,,,,,
OSM_way_264867106,Penang Bird Park,,Taman Burung Pulau Pinang,Zoo,tourism=zoo,way,264867106,5.395203,100.394603,Pulau Pinang,07,Seberang Perai Tengah,01,https://penangbirdpark.com.my/,043991899,09:00-18:00,yes,
OSM_node_4934160821,Butterworth Art Walk,Butterworth Art Walk,,Attraction,tourism=attraction,node,4934160821,5.409721,100.370355,Pulau Pinang,07,Seberang Perai Utara,02,,,,,
OSM_node_10964084451,Kampung Agong,,,Attraction,tourism=attraction,node,10964084451,5.540258,100.379659,Pulau Pinang,07,Seberang Perai Utara,02,,,,,
OSM_way_1134824477,Musical fountain,,,Attraction,tourism=attraction,way,1134824477,5.507595,100.469182,Pulau Pinang,07,Seberang Perai Utara,02,,,,,
OSM_way_1027468422,Pusat Rekreasi Pantai Kamloon,Pantai Kamloon Recreation Centre,,Attraction,tourism=attraction,way,1027468422,5.562482,100.443698,Pulau Pinang,07,Seberang Perai Utara,02,,,,,
OSM_way_464338956,Rumah Berhala Tow Boo Kong Butterworth,Tow Boo Kong Temple,Rumah Berhala Tow Boo Kong Butterworth,Attraction,tourism=attraction,way,464338956,5.440191,100.387652,Pulau Pinang,07,Seberang Perai Utara,02,https://towbookong.org.my/,+604 331 8717,,,
OSM_way_643036591,Pantai Bersih,Bersih Beach,Pantai Bersih,Beach,natural=beach,way,643036591,5.438821,100.377431,Pulau Pinang,07,Seberang Perai Utara,02,,,,,
OSM_way_643036590,Unnamed Beach,,,Beach,natural=beach,way,643036590,5.449091,100.379867,Pulau Pinang,07,Seberang Perai Utara,02,,,,,
OSM_way_769809874,Unnamed Beach,,,Beach,natural=beach,way,769809874,5.475263,100.379189,Pulau Pinang,07,Seberang Perai Utara,02,,,,,
OSM_relation_13016925,Unnamed Beach,,,Beach,natural=beach,relation,13016925,5.422649,100.372913,Pulau Pinang,07,Seberang Perai Utara,02,,,,,
OSM_way_804793425,Galeri Arkeologi Guar Kepah,,,Historic Site (Archaeological Site),historic=archaeological_site,way,804793425,5.557862,100.424755,Pulau Pinang,07,Seberang Perai Utara,02,,,,,
OSM_node_12530896510,British and Siamese Boundary,,,Historic Site (Boundary Stone),historic=boundary_stone,node,12530896510,5.551425,100.528846,Pulau Pinang,07,Seberang Perai Utara,02,,,,,
OSM_node_4929233155,Frog Lake,,,Viewpoint,tourism=viewpoint,node,4929233155,5.441529,100.483302,Pulau Pinang,07,Seberang Perai Utara,02,,,,,
OSM_node_6168764269,Unnamed Viewpoint,,,Viewpoint,tourism=viewpoint,node,6168764269,5.394714,100.364994,Pulau Pinang,07,Seberang Perai Utara,02,,,,,
OSM_way_1027449855,Bertam Resort & Water Park,,,Water Park,leisure=water_park,way,1027449855,5.520827,100.452631,Pulau Pinang,07,Seberang Perai Utara,02,https://bertamresortwaterpark.com/ticketspackages/,,,,
OSM_node_10983485705,"""Boy on Motorcycle"" Mural","""Boy on Motorcycle"" Mural",,Attraction,tourism=attraction,node,10983485705,5.414982,100.338592,Pulau Pinang,07,Timur Laut,04,,,,,
OSM_node_5062131025,"""Star Wars"" Street Art","""Star Wars"" Street Art",,Attraction,tourism=attraction,node,5062131025,5.41627,100.337924,Pulau Pinang,07,Timur Laut,04,,,,,
OSM_node_5107362327,1200 Steps,,,Attraction,tourism=attraction,node,5107362327,5.38282,100.261702,Pulau Pinang,07,Timur Laut,04,,,,,
OSM_node_5107509221,3 Hills,,,Attraction,tourism=attraction,node,5107509221,5.401409,100.267193,Pulau Pinang,07,Timur Laut,04,,,,,
OSM_node_7068908785,5.4 Degrees North,5.4 Degrees North,,Attraction,tourism=attraction,node,7068908785,5.41928,100.337366,Pulau Pinang,07,Timur Laut,04,,,,,
OSM_node_6923785585,Batu Feringghi night market,,,Attraction,tourism=attraction,node,6923785585,5.475062,100.250449,Pulau Pinang,07,Timur Laut,04,,,,,
OSM_node_6602162286,Boat Tour,Boat Tour,,Attraction,tourism=attraction,node,6602162286,5.411624,100.340798,Pulau Pinang,07,Timur Laut,04,,,,,
OSM_node_6581208685,Boon San Tong,Boon San Tong,Boon San Tong,Attraction,tourism=attraction,node,6581208685,5.412394,100.336887,Pulau Pinang,07,Timur Laut,04,,,,,
OSM_node_9984403705,Chapel,Chapel,Chapel,Attraction,tourism=attraction,node,9984403705,5.420216,100.343228,Pulau Pinang,07,Timur Laut,04,,,,,
OSM_node_10264586736,Cheap Beer Place,Cheap Beer Place,,Attraction,tourism=attraction,node,10264586736,5.418702,100.338136,Pulau Pinang,07,Timur Laut,04,,,,,
OSM_relation_13314976,Chew Jetty,Chew Jetty,Jeti Chew,Attraction,tourism=attraction,relation,13314976,5.411961,100.340142,Pulau Pinang,07,Timur Laut,04,http://www.visitpenang.gov.my/portal3/what-to-see/attractions/chew-jetty.html,,,,yes
OSM_node_9295206300,Circular root,,,Attraction,tourism=attraction,node,9295206300,5.387848,100.293021,Pulau Pinang,07,Timur Laut,04,,,,,
OSM_way_1302204329,Color Port,Color Port,,Attraction,tourism=attraction,way,1302204329,5.414833,100.343277,Pulau Pinang,07,Timur Laut,04,,,,,
OSM_node_12528768721,ConvEx @ USM,ConvEx @ USM,ConvEx @ USM,Attraction,tourism=attraction,node,12528768721,5.354967,100.302646,Pulau Pinang,07,Timur Laut,04,,,,,
OSM_way_1083810905,Earthquake & Typhoon Pavilion,Earthquake & Typhoon Pavilion,,Attraction,tourism=attraction,way,1083810905,5.425171,100.269017,Pulau Pinang,07,Timur Laut,04,,,,,
OSM_node_10741072286,Fish head rock,,,Attraction,tourism=attraction,node,10741072286,5.388294,100.290197,Pulau Pinang,07,Timur Laut,04,,,,,
OSM_node_5107377724,Fishball Hill,,,Attraction,tourism=attraction,node,5107377724,5.388224,100.263809,Pulau Pinang,07,Timur Laut,04,,,,,
OSM_way_268531305,Goddess of Mercy Temple,Goddess of Mercy Temple,,Attraction,tourism=attraction,way,268531305,5.418679,100.338572,Pulau Pinang,07,Timur Laut,04,,,,,limited
OSM_way_267344806,Han Jiang Ancestral Temple,Han Jiang Ancestral Temple,Tokong Han Jiang,Attraction,tourism=attraction,way,267344806,5.416682,100.338159,Pulau Pinang,07,Timur Laut,04,,,,,no
OSM_way_1328352102,Har Yang Sit Teik Tong Yeoh Kongsi,,,Attraction,tourism=attraction,way,1328352102,5.414909,100.340206,Pulau Pinang,07,Timur Laut,04,,,,,
OSM_node_5063236223,Jet Ski Paraseiling Banana,Jet Ski Paraseiling Banana,,Attraction,tourism=attraction,node,5063236223,5.476314,100.249448,Pulau Pinang,07,Timur Laut,04,,,,,
OSM_node_4206135189,Jeti Lim,Lim Jetty,Jeti Lim,Attraction,tourism=attraction,node,4206135189,5.413056,100.340997,Pulau Pinang,07,Timur Laut,04,,,,,yes
OSM_node_12452573501,Kart Hauz Georgetown,Kart Hauz Georgetown,,Attraction,tourism=attraction,node,12452573501,5.412152,100.325468,Pulau Pinang,07,Timur Laut,04,https://karthauz.com/,011-2518 3268,,,
OSM_node_7175322691,Kek Lok Si Temple,Kek Lok Si Temple,,Attraction,tourism=attraction,node,7175322691,5.399721,100.273889,Pulau Pinang,07,Timur Laut,04,,,Mo-Su 08:30-18:30,,
OSM_way_993213420,Komtar Walk,Komtar Walk,,Attraction,tourism=attraction,way,993213420,5.415643,100.330951,Pulau Pinang,07,Timur Laut,04,,,,,
OSM_node_7249888785,Lebuh Muntri,Muntri Street,Lebuh Muntri,Attraction,tourism=attraction,node,7249888785,5.420814,100.333656,Pulau Pinang,07,Timur Laut,04,,,,,
OSM_node_5107547623,Lee Rubber,,,Attraction,tourism=attraction,node,5107547623,5.369641,100.281534,Pulau Pinang,07,Timur Laut,04,,,,,
OSM_node_4206410706,Little India,Little India,,Attraction,tourism=attraction,node,4206410706,5.417183,100.339338,Pulau Pinang,07,Timur Laut,04,,,,,limited
OSM_node_9884623113,Little Village,Little Village,,Attraction,tourism=attraction,node,9884623113,5.424137,100.270092,Pulau Pinang,07,Timur Laut,04,,,,,
OSM_node_10572319309,Many Cats,Many Cats,,Attraction,tourism=attraction,node,10572319309,5.415953,100.337674,Pulau Pinang,07,Timur Laut,04,,,,,
OSM_node_4917020125,"Marking George Town - ""Labourer To Trader""","Marking George Town - ""Labourer To Trader""",,Attraction,tourism=attraction,node,4917020125,5.418191,100.331438,Pulau Pinang,07,Timur Laut,04,,,,,
OSM_node_4684711090,Morning Market,Morning Market,,Attraction,tourism=attraction,node,4684711090,5.417799,100.332397,Pulau Pinang,07,Timur Laut,04,,,,,
OSM_node_4708386790,Nagore Square,Nagore Square,,Attraction,tourism=attraction,node,4708386790,5.420586,100.325664,Pulau Pinang,07,Timur Laut,04,,,,,
OSM_node_9538972867,Old Cabin Train,Old Cabin Train,,Attraction,tourism=attraction,node,9538972867,5.424302,100.269078,Pulau Pinang,07,Timur Laut,04,,,,,
OSM_way_325187723,Penang Botanic Gardens,Penang Botanic Gardens,Taman Botani Pulau Pinang,Attraction,tourism=attraction,way,325187723,5.438149,100.290345,Pulau Pinang,07,Timur Laut,04,https://botanicalgardens.penang.gov.my/,042264401,Mo-Su 05:00-20:00,0 MYR,
OSM_node_9396166496,Penang Graffiti Park,,,Attraction,tourism=attraction,node,9396166496,5.429199,100.29542,Pulau Pinang,07,Timur Laut,04,,,,,
OSM_way_589805186,Queen Victoria Memorial Clock Tower,Queen Victoria Memorial Clock Tower,,Attraction,tourism=attraction,way,589805186,5.419384,100.344243,Pulau Pinang,07,Timur Laut,04,,,,,
OSM_node_9932024636,Sky Walk,Sky Walk,,Attraction,tourism=attraction,node,9932024636,5.423527,100.269707,Pulau Pinang,07,Timur Laut,04,,,,,
OSM_node_11830361463,Squiggly tree,,,Attraction,tourism=attraction,node,11830361463,5.390636,100.291015,Pulau Pinang,07,Timur Laut,04,,,,,
OSM_node_9984403693,Sri Rambai Cannon,Sri Rambai Cannon,,Attraction,tourism=attraction,node,9984403693,5.421328,100.343497,Pulau Pinang,07,Timur Laut,04,,,,,
OSM_node_6579429126,Stage,Stage,,Attraction,tourism=attraction,node,6579429126,5.420421,100.343841,Pulau Pinang,07,Timur Laut,04,,,,,
OSM_node_5132590526,"Street Art - ""Banh Bao""","Street Art - ""Banh Bao""",,Attraction,tourism=attraction,node,5132590526,5.420242,100.333106,Pulau Pinang,07,Timur Laut,04,,,,,
OSM_node_5478063521,"Street Art - ""Garbage Rat""","Street Art - ""Garbage Rat""",,Attraction,tourism=attraction,node,5478063521,5.41848,100.336574,Pulau Pinang,07,Timur Laut,04,,,,,
OSM_node_5484314621,"Street Art - ""Warrior on a horse""","Street Art - ""Warrior on a horse""",,Attraction,tourism=attraction,node,5484314621,5.419643,100.330924,Pulau Pinang,07,Timur Laut,04,,,,,
OSM_node_5690425221,Street Art by Thomas Powell,Street Art by Thomas Powell,,Attraction,tourism=attraction,node,5690425221,5.420735,100.329092,Pulau Pinang,07,Timur Laut,04,,,,,
OSM_node_5147539822,TSLK,,,Attraction,tourism=attraction,node,5147539822,5.412346,100.270098,Pulau Pinang,07,Timur Laut,04,,,,,
OSM_node_5340034249,Tan Jetty,Tan Jetty,Jeti Tan,Attraction,tourism=attraction,node,5340034249,5.411903,100.338816,Pulau Pinang,07,Timur Laut,04,,,,,yes
OSM_node_9932024851,The Colugo Zip,,,Attraction,tourism=attraction,node,9932024851,5.420849,100.264218,Pulau Pinang,07,Timur Laut,04,,,,,
OSM_way_1424800451,The Habitat Penang Hill,The Habitat Penang Hill,,Attraction,tourism=attraction,way,1424800451,5.422774,100.266133,Pulau Pinang,07,Timur Laut,04,https://www.thehabitat.my/the-park/,,Mo-Su 09:00-21:00,yes,
OSM_node_9176020857,The Top,The Top,,Attraction,tourism=attraction,node,9176020857,5.415963,100.330423,Pulau Pinang,07,Timur Laut,04,,,,,
OSM_node_4531155589,Villa Primavera,Konishi Castle,Villa Primavera,Attraction,tourism=attraction,node,4531155589,5.422312,100.298971,Pulau Pinang,07,Timur Laut,04,,,,,
OSM_node_6601382188,Water Sports,Water Sports,,Attraction,tourism=attraction,node,6601382188,5.475273,100.248447,Pulau Pinang,07,Timur Laut,04,,,,,
OSM_node_5603123031,ハイドロホテルペナン,,,Attraction,tourism=attraction,node,5603123031,5.477541,100.26898,Pulau Pinang,07,Timur Laut,04,,,,,
OSM_way_271055730,Miami Beach,Shamrock,,Beach,natural=beach,way,271055730,5.475857,100.276538,Pulau Pinang,07,Timur Laut,04,,,,,
OSM_way_261197726,Moonlight Bay,Moonlight Bay,,Beach,natural=beach,way,261197726,5.478916,100.262704,Pulau Pinang,07,Timur Laut,04,,,,,
OSM_way_261197672,Pantai Batu Feringgi,Batu Feringgi Beach,Pantai Batu Feringgi,Beach,natural=beach,way,261197672,5.47273,100.245379,Pulau Pinang,07,Timur Laut,04,,,,,
OSM_way_261197883,Pantai Miami,Miami Beach,Pantai Miami,Beach,natural=beach,way,261197883,5.478414,100.267865,Pulau Pinang,07,Timur Laut,04,,,,,
OSM_way_265914356,Pantai Tanjung Bungah,,Pantai Tanjung Bungah,Beach,natural=beach,way,265914356,5.468006,100.284379,Pulau Pinang,07,Timur Laut,04,,,,,
OSM_way_458049534,Pantai Tanjung Tokong,Tokong Cape Beach,Pantai Tanjung Tokong,Beach,natural=beach,way,458049534,5.464054,100.308341,Pulau Pinang,07,Timur Laut,04,,,,,
OSM_way_1110559437,Pantai Tanjung Tokong,Tokong Cape Beach,Pantai Tanjung Tokong,Beach,natural=beach,way,1110559437,5.46259,100.309418,Pulau Pinang,07,Timur Laut,04,,,,,
OSM_way_94254984,Unnamed Beach,,,Beach,natural=beach,way,94254984,5.317076,100.310049,Pulau Pinang,07,Timur Laut,04,,,,,
OSM_way_223558143,Unnamed Beach,,,Beach,natural=beach,way,223558143,5.464137,100.304389,Pulau Pinang,07,Timur Laut,04,,,,,
OSM_way_270708844,Unnamed Beach,,,Beach,natural=beach,way,270708844,5.477922,100.272955,Pulau Pinang,07,Timur Laut,04,,,,,
OSM_way_270708847,Unnamed Beach,,,Beach,natural=beach,way,270708847,5.47115,100.277992,Pulau Pinang,07,Timur Laut,04,,,,,
OSM_way_320842071,Unnamed Beach,,,Beach,natural=beach,way,320842071,5.465266,100.298575,Pulau Pinang,07,Timur Laut,04,,,,,
OSM_way_320842074,Unnamed Beach,,,Beach,natural=beach,way,320842074,5.467657,100.293782,Pulau Pinang,07,Timur Laut,04,,,,,
OSM_way_320842075,Unnamed Beach,,,Beach,natural=beach,way,320842075,5.465706,100.295136,Pulau Pinang,07,Timur Laut,04,,,,,
OSM_way_563128383,Unnamed Beach,,,Beach,natural=beach,way,563128383,5.304853,100.308567,Pulau Pinang,07,Timur Laut,04,,,,,
OSM_way_563128384,Unnamed Beach,,,Beach,natural=beach,way,563128384,5.306593,100.31376,Pulau Pinang,07,Timur Laut,04,,,,,
OSM_way_563128385,Unnamed Beach,,,Beach,natural=beach,way,563128385,5.313063,100.314408,Pulau Pinang,07,Timur Laut,04,,,,,
OSM_way_563128386,Unnamed Beach,,,Beach,natural=beach,way,563128386,5.31407,100.316143,Pulau Pinang,07,Timur Laut,04,,,,,
OSM_way_563128387,Unnamed Beach,,,Beach,natural=beach,way,563128387,5.317041,100.323821,Pulau Pinang,07,Timur Laut,04,,,,,
OSM_relation_17288734,Unnamed Beach,,,Beach,natural=beach,relation,17288734,5.427494,100.324641,Pulau Pinang,07,Timur Laut,04,,,,,
OSM_node_5907470485,Jeff’s Art Deco,Jeff’s Art Deco,,Gallery,tourism=gallery,node,5907470485,5.416508,100.327865,Pulau Pinang,07,Timur Laut,04,,,,,
OSM_way_943229470,Lin Xiang Xiong Art Gallery,Lin Xiang Xiong Art Gallery,,Gallery,tourism=gallery,way,943229470,5.376558,100.319275,Pulau Pinang,07,Timur Laut,04,,,,,
OSM_node_9473131272,Penang State Art Gallery,Penang State Art Gallery,,Gallery,tourism=gallery,node,9473131272,5.421878,100.340497,Pulau Pinang,07,Timur Laut,04,,,,,
OSM_node_4347327419,Unique Penang Art Gallery,Unique Penang Art Gallery,,Gallery,tourism=gallery,node,4347327419,5.419316,100.336668,Pulau Pinang,07,Timur Laut,04,,,,,
OSM_way_275631932,Yahong Art Gallery,Yahong Art Gallery,,Gallery,tourism=gallery,way,275631932,5.470163,100.24572,Pulau Pinang,07,Timur Laut,04,,,,,
OSM_node_9505728378,Archaeological Site A,Archaeological Site A,Archaeological Site A,Historic Site (Archaeological Site),historic=archaeological_site,node,9505728378,5.412455,100.333297,Pulau Pinang,07,Timur Laut,04,,,,,
OSM_node_9505728379,Tapak Arkeologi B,Archaeological Site B,Tapak Arkeologi B,Historic Site (Archaeological Site),historic=archaeological_site,node,9505728379,5.412134,100.333877,Pulau Pinang,07,Timur Laut,04,,,,,
OSM_relation_5827552,Kota Cornwallis,Fort Cornwallis,Kota Cornwallis,Historic Site (Fort),historic=fort,relation,5827552,5.420473,100.343868,Pulau Pinang,07,Timur Laut,04,https://mypenang.gov.my/culture-heritage/directory/399/?lg=en,016-411 0000,We-Mo 08:00-22:00; Tu 08:00-19:00,yes,limited
OSM_way_852725613,Unnamed Historic Site (House),,,Historic Site (House),historic=house,way,852725613,5.427575,100.320523,Pulau Pinang,07,Timur Laut,04,,,,,
OSM_relation_15556733,Crag Hotel,Crag Hotel,,Historic Site (Manor),historic=manor,relation,15556733,5.430289,100.271175,Pulau Pinang,07,Timur Laut,04,,,,,
OSM_way_593774430,Francis Light Memorial,,,Historic Site (Memorial),historic=memorial,way,593774430,5.420022,100.339322,Pulau Pinang,07,Timur Laut,04,,,,,
OSM_way_979451401,Makam Ma'amah,Tomb Ma'amah,,Historic Site (Memorial),historic=memorial,way,979451401,5.416353,100.336324,Pulau Pinang,07,Timur Laut,04,,,,,
OSM_way_979737123,Makam Syed Hussain Idid,,Makam Syed Hussain Idid,Historic Site (Memorial),historic=memorial,way,979737123,5.414619,100.336045,Pulau Pinang,07,Timur Laut,04,,,,,
OSM_node_4851185622,Overseas Chinese Anti-War Memorial,Overseas Chinese Anti-War Memorial,,Historic Site (Memorial),historic=memorial,node,4851185622,5.405628,100.282589,Pulau Pinang,07,Timur Laut,04,,,,,
OSM_node_9150559753,Padang Brown,Brown Memorial,Padang Brown,Historic Site (Memorial),historic=memorial,node,9150559753,5.414456,100.316702,Pulau Pinang,07,Timur Laut,04,,,,,
OSM_node_1726781335,The Cenotaph War Memorial,The Cenotaph War Memorial,,Historic Site (Memorial),historic=memorial,node,1726781335,5.422381,100.341831,Pulau Pinang,07,Timur Laut,04,,,,,yes
OSM_node_4443332991,"The monument at the grave of Russian sailors from the cruiser ""Zhemchug""","The monument at the grave of Russian sailors from the cruiser ""Zhemchug""",,Historic Site (Memorial),historic=memorial,node,4443332991,5.426119,100.29975,Pulau Pinang,07,Timur Laut,04,,,,,
OSM_node_9380900040,Unnamed Historic Site (Memorial),,,Historic Site (Memorial),historic=memorial,node,9380900040,5.38693,100.317793,Pulau Pinang,07,Timur Laut,04,,,,,
OSM_way_1475201752,Unnamed Historic Site (Memorial),,,Historic Site (Memorial),historic=memorial,way,1475201752,5.414095,100.293742,Pulau Pinang,07,Timur Laut,04,,,,,
OSM_node_9144054335,World Peace Memorial,World Peace Memorial,,Historic Site (Memorial),historic=memorial,node,9144054335,5.405522,100.282536,Pulau Pinang,07,Timur Laut,04,,,,,
OSM_node_4679723889,James Richardson Logan Monument,James Richardson Logan Monument,,Historic Site (Monument),historic=monument,node,4679723889,5.42111,100.339828,Pulau Pinang,07,Timur Laut,04,https://www.facebook.com/share/p/1EK7ysFzUr/,,,,
OSM_node_1376587787,Moongate,,,Historic Site (Monument),historic=monument,node,1376587787,5.435651,100.292708,Pulau Pinang,07,Timur Laut,04,,,,,
OSM_node_9121631164,Penang Free School Main Gate,,,Historic Site (Monument),historic=monument,node,9121631164,5.403574,100.304029,Pulau Pinang,07,Timur Laut,04,,,,,
OSM_node_5484339021,Rumah Teh Bunga,Floral Tea Mansion,Rumah Teh Bunga,Historic Site (Monument),historic=monument,node,5484339021,5.421941,100.327978,Pulau Pinang,07,Timur Laut,04,,,,,
OSM_node_5735834314,Unnamed Historic Site (Monument),,,Historic Site (Monument),historic=monument,node,5735834314,5.415767,100.324331,Pulau Pinang,07,Timur Laut,04,,,,,
OSM_node_9378018810,Relau Villa,,,Historic Site (Ruins),historic=ruins,node,9378018810,5.345609,100.271914,Pulau Pinang,07,Timur Laut,04,,,,,
OSM_way_993227677,Unnamed Historic Site (Ruins),,,Historic Site (Ruins),historic=ruins,way,993227677,5.3545,100.309172,Pulau Pinang,07,Timur Laut,04,,,,,
OSM_way_1028950531,Leng Aun Koe,Leng Aun Koe,Leng Aun Koe,Historic Site (Tomb),historic=tomb,way,1028950531,5.412959,100.294383,Pulau Pinang,07,Timur Laut,04,,,,,
OSM_node_11499054620,Michael Arratoon Anthony,Michael Arratoon Anthony,,Historic Site (Tomb),historic=tomb,node,11499054620,5.423016,100.333354,Pulau Pinang,07,Timur Laut,04,,,,,
OSM_node_9848448957,Unnamed Historic Site (Tomb),,,Historic Site (Tomb),historic=tomb,node,9848448957,5.40242,100.308551,Pulau Pinang,07,Timur Laut,04,,,,,
OSM_way_270292142,Unnamed Historic Site (Tomb),,,Historic Site (Tomb),historic=tomb,way,270292142,5.41324,100.294136,Pulau Pinang,07,Timur Laut,04,,,,,
OSM_way_1028950528,Unnamed Historic Site (Tomb),,,Historic Site (Tomb),historic=tomb,way,1028950528,5.412842,100.294033,Pulau Pinang,07,Timur Laut,04,,,,,
OSM_way_1028950529,Unnamed Historic Site (Tomb),,,Historic Site (Tomb),historic=tomb,way,1028950529,5.41273,100.293903,Pulau Pinang,07,Timur Laut,04,,,,,
OSM_way_1028950530,Unnamed Historic Site (Tomb),,,Historic Site (Tomb),historic=tomb,way,1028950530,5.41337,100.294095,Pulau Pinang,07,Timur Laut,04,,,,,
OSM_node_7180094929,Lorong Jog Tua Pek Kong,,Lorong Jog Tua Pek Kong,Historic Site (Wayside Shrine),historic=wayside_shrine,node,7180094929,5.39251,100.261579,Pulau Pinang,07,Timur Laut,04,,,,,
OSM_node_9932024654,Unnamed Historic Site (Wayside Shrine),,,Historic Site (Wayside Shrine),historic=wayside_shrine,node,9932024654,5.423714,100.269256,Pulau Pinang,07,Timur Laut,04,,,,,
OSM_node_12105936095,Unnamed Historic Site (Wayside Shrine),,,Historic Site (Wayside Shrine),historic=wayside_shrine,node,12105936095,5.415552,100.3364,Pulau Pinang,07,Timur Laut,04,,,,,
OSM_node_12105939924,Unnamed Historic Site (Wayside Shrine),,,Historic Site (Wayside Shrine),historic=wayside_shrine,node,12105939924,5.41398,100.339417,Pulau Pinang,07,Timur Laut,04,,,,,
OSM_node_13571710592,Unnamed Historic Site (Wayside Shrine),,,Historic Site (Wayside Shrine),historic=wayside_shrine,node,13571710592,5.438863,100.282114,Pulau Pinang,07,Timur Laut,04,,,,,
OSM_node_4549309107,Antique Shop,Antique Shop,,Museum,tourism=museum,node,4549309107,5.41698,100.335884,Pulau Pinang,07,Timur Laut,04,,,,,
OSM_node_6177522386,Asia Comic Cultural Museum,Asia Comic Cultural Museum,,Museum,tourism=museum,node,6177522386,5.413936,100.330854,Pulau Pinang,07,Timur Laut,04,,,,,
OSM_way_1480149286,Automotive Gallery,,Galeri Automotif,Museum,tourism=museum,way,1480149286,5.414258,100.325146,Pulau Pinang,07,Timur Laut,04,,,,,
OSM_way_160314142,B01 Muzium & Galeri Tengku Fauziah,,B01 Muzium & Galeri Tengku Fauziah,Museum,tourism=museum,way,160314142,5.360853,100.306737,Pulau Pinang,07,Timur Laut,04,,,,,
OSM_node_4347327417,Batik Painting Museum Penang,Batik Painting Museum Penang,,Museum,tourism=museum,node,4347327417,5.41474,100.337752,Pulau Pinang,07,Timur Laut,04,,,"Mo,Su off; Tu-Sa 10:00-18:00",yes,
OSM_node_2411605181,Camera Museum,Camera Museum,,Museum,tourism=museum,node,2411605181,5.419876,100.335753,Pulau Pinang,07,Timur Laut,04,http://www.thecameramuseumpenang.com,,0930-1830,,no
OSM_way_247175848,Cheong Fatt Tze Mansion,Cheong Fatt Tze Mansion,,Museum,tourism=museum,way,247175848,5.421506,100.334774,Pulau Pinang,07,Timur Laut,04,https://www.cheongfatttzemansion.com/,,"""Daily tours 11:00, 14:00, 15:30""",yes,no
OSM_way_1067242715,Colonial Penang Museum,Colonial Penang Museum,Muzium Kolonial Pulau Pinang,Museum,tourism=museum,way,1067242715,5.428901,100.306151,Pulau Pinang,07,Timur Laut,04,,,Mo-Su 10:00-17:30,,
OSM_way_921288308,Dark Mansion - 3D Glow In The Dark Museum,Dark Mansion - 3D Glow In The Dark Museum,,Museum,tourism=museum,way,921288308,5.416398,100.332433,Pulau Pinang,07,Timur Laut,04,,,,,
OSM_node_4206649993,Ghost Museum,Ghost Museum,,Museum,tourism=museum,node,4206649993,5.413808,100.334739,Pulau Pinang,07,Timur Laut,04,,,Mo-Su 10:00-19:00,,no
OSM_node_7642194458,House of Yeap Chor Ee,House of Yeap Chor Ee,,Museum,tourism=museum,node,7642194458,5.41993,100.341802,Pulau Pinang,07,Timur Laut,04,,,,,
OSM_node_13908559068,Meng Eng Soo Memorial Hall,Meng Eng Soo Memorial Hall,,Museum,tourism=museum,node,13908559068,5.41733,100.334447,Pulau Pinang,07,Timur Laut,04,https://www.facebook.com/MengEngSoo/,,,,
OSM_node_7619276521,Muzium Islam Pulau Pinang,Penang Islamic Museum,Muzium Islam Pulau Pinang,Museum,tourism=museum,node,7619276521,5.415675,100.33594,Pulau Pinang,07,Timur Laut,04,,,,,
OSM_node_6410495185,Muzium Kamera Asia,Asia Camera Museum,Muzium Kamera Asia,Museum,tourism=museum,node,6410495185,5.415474,100.336697,Pulau Pinang,07,Timur Laut,04,https://asiacameramuseum.com/,,Mo-Su 10:00-18:00,yes,
OSM_node_9793143772,Muzium Warisan India,Indian Heritage Museum,Muzium Warisan India,Museum,tourism=museum,node,9793143772,5.421244,100.304037,Pulau Pinang,07,Timur Laut,04,,,,,
OSM_node_4206498297,PG Gold Museum,PG Gold Museum,,Museum,tourism=museum,node,4206498297,5.41956,100.339951,Pulau Pinang,07,Timur Laut,04,,,,,no
OSM_node_4242270489,Penang 3D Trick Art Museum,Penang 3D Trick Art Museum,,Museum,tourism=museum,node,4242270489,5.419759,100.341741,Pulau Pinang,07,Timur Laut,04,https://3d.penangtrickart.com/,,,,
OSM_way_1018716392,Penang Bee Gallery,,,Museum,tourism=museum,way,1018716392,5.435116,100.294331,Pulau Pinang,07,Timur Laut,04,,,,,
OSM_node_9063431463,Penang Diocesan Museum,Penang Diocesan Museum,,Museum,tourism=museum,node,9063431463,5.420648,100.338121,Pulau Pinang,07,Timur Laut,04,,,,,
OSM_way_1434321181,Penang Ferry Museum,,,Museum,tourism=museum,way,1434321181,5.414585,100.343495,Pulau Pinang,07,Timur Laut,04,,,,,
OSM_node_4216637789,Penang Heritage Gallery,Penang Heritage Gallery,,Museum,tourism=museum,node,4216637789,5.421967,100.331258,Pulau Pinang,07,Timur Laut,04,,,,,
OSM_way_550971418,Penang Hill Gallery @ Edgecliff,Penang Hill Gallery @ Edgecliff,,Museum,tourism=museum,way,550971418,5.424097,100.270609,Pulau Pinang,07,Timur Laut,04,https://edgecliff.penanghill.gov.my/,+604 282 8880,We-Mo 09:00-16:30; Tu off,,
OSM_node_10943481305,Penang House of Music,Penang House of Music,,Museum,tourism=museum,node,10943481305,5.413826,100.330719,Pulau Pinang,07,Timur Laut,04,,,,,
OSM_way_189574938,Penang State Museum & Art Gallery (Branch),Penang State Museum & Art Gallery (Branch),,Museum,tourism=museum,way,189574938,5.415009,100.325497,Pulau Pinang,07,Timur Laut,04,,,,,limited
OSM_way_124319048,Penang State Museum and Art Gallery,,Muzium Pulau Pinang dan Galeri Seni,Museum,tourism=museum,way,124319048,5.420483,100.33853,Pulau Pinang,07,Timur Laut,04,https://penangmuseum.gov.my/,,Sa-Th 09:00-17:00,,limited
OSM_relation_12433499,Pinang Peranakan Mansion,Pinang Peranakan Mansion,,Museum,tourism=museum,relation,12433499,5.417777,100.341172,Pulau Pinang,07,Timur Laut,04,http://www.pinangperanakanmansion.com.my,+60-42642929,Mo-Su 09:30-17:00,yes,no
OSM_way_276469375,Rumah Kelahiran & Galeri P. Ramlee,,Rumah Kelahiran & Galeri P. Ramlee,Museum,tourism=museum,way,276469375,5.410267,100.313519,Pulau Pinang,07,Timur Laut,04,,,,no,
OSM_way_983525462,Rumah Kelahiran P. Ramlee,P. Ramlee House,,Museum,tourism=museum,way,983525462,5.410087,100.313806,Pulau Pinang,07,Timur Laut,04,,,,no,
OSM_node_7619276522,Sun Yat Sen Museum Penang,Sun Yat Sen Museum Penang,,Museum,tourism=museum,node,7619276522,5.415754,100.33617,Pulau Pinang,07,Timur Laut,04,,,,,
OSM_way_264547474,Sun Yat-Sen Memorial Center Penang,Sun Yat-Sen Memorial Center Penang,,Museum,tourism=museum,way,264547474,5.415532,100.324202,Pulau Pinang,07,Timur Laut,04,,,,,
OSM_way_993213442,Tech Dome,,,Museum,tourism=museum,way,993213442,5.414033,100.33049,Pulau Pinang,07,Timur Laut,04,https://www.techdomepenang.org/,,,yes,
OSM_node_11811820869,TeddyVille Museum,TeddyVille Museum,,Museum,tourism=museum,node,11811820869,5.477004,100.269563,Pulau Pinang,07,Timur Laut,04,,,,,
OSM_node_4499824989,Teochew Puppet and Opera,Teochew Puppet and Opera,,Museum,tourism=museum,node,4499824989,5.415726,100.336125,Pulau Pinang,07,Timur Laut,04,,,,,
OSM_node_3103757000,The Owl Museum,The Owl Museum,,Museum,tourism=museum,node,3103757000,5.424479,100.268803,Pulau Pinang,07,Timur Laut,04,http://theowlmuseum.com/,,,,no
OSM_way_1480149280,Unnamed Museum,,,Museum,tourism=museum,way,1480149280,5.415109,100.325945,Pulau Pinang,07,Timur Laut,04,,,,,
OSM_way_1480149289,Unnamed Museum,,,Museum,tourism=museum,way,1480149289,5.414266,100.325294,Pulau Pinang,07,Timur Laut,04,,,,,
OSM_node_4206629990,Upside Down Museum,Upside Down Museum,,Museum,tourism=museum,node,4206629990,5.415759,100.333605,Pulau Pinang,07,Timur Laut,04,,,,,no
OSM_way_585862465,Wonderfood Museum,Wonderfood Museum,Muzium Wonderfood,Museum,tourism=museum,way,585862465,5.416187,100.341256,Pulau Pinang,07,Timur Laut,04,,+6042519095,"PH,Mo-Su 09:00-18:00",yes,
OSM_way_268854286,i-box Glass Museum Penang,i-box Glass Museum Penang,,Museum,tourism=museum,way,268854286,5.417514,100.329529,Pulau Pinang,07,Timur Laut,04,,,,,
OSM_node_9776872227,Astro Rock View Point,,,Viewpoint,tourism=viewpoint,node,9776872227,5.421723,100.292131,Pulau Pinang,07,Timur Laut,04,,,,,
OSM_node_9954031463,Big Rock,Big Rock,,Viewpoint,tourism=viewpoint,node,9954031463,5.423221,100.286117,Pulau Pinang,07,Timur Laut,04,,,,,
OSM_node_10740493206,Fortress Hill,,,Viewpoint,tourism=viewpoint,node,10740493206,5.371733,100.26272,Pulau Pinang,07,Timur Laut,04,,,,,
OSM_way_1087007610,Gazebo (Lookout Point),,,Viewpoint,tourism=viewpoint,way,1087007610,5.342942,100.286424,Pulau Pinang,07,Timur Laut,04,,,,,
OSM_node_5107457523,Iconic Hill,,,Viewpoint,tourism=viewpoint,node,5107457523,5.366501,100.282617,Pulau Pinang,07,Timur Laut,04,,,,,
OSM_node_11100979606,King Kong Rock,King Kong Rock,,Viewpoint,tourism=viewpoint,node,11100979606,5.422769,100.287297,Pulau Pinang,07,Timur Laut,04,,,,,
OSM_node_11100983805,King Kong Rock,King Kong Rock,,Viewpoint,tourism=viewpoint,node,11100983805,5.421773,100.286659,Pulau Pinang,07,Timur Laut,04,,,,,
OSM_node_6717808987,Lena Viewpoint,Lena Viewpoint,,Viewpoint,tourism=viewpoint,node,6717808987,5.397313,100.266122,Pulau Pinang,07,Timur Laut,04,,,,,
OSM_node_9776843188,Mini Astro Rock ViewPoint,Mini Astro Rock ViewPoint,,Viewpoint,tourism=viewpoint,node,9776843188,5.422149,100.292636,Pulau Pinang,07,Timur Laut,04,,,,,
OSM_node_4664842691,Nam Shan,Nam Shan,,Viewpoint,tourism=viewpoint,node,4664842691,5.365602,100.262307,Pulau Pinang,07,Timur Laut,04,,,,,
OSM_way_268563990,Nan Hai Hui Guan,Nan Hai Hui Guan,Nan Hai Hui Guan,Viewpoint,tourism=viewpoint,way,268563990,5.419056,100.333553,Pulau Pinang,07,Timur Laut,04,,,,,no
OSM_node_10698882074,Point 3 Viewpoint,,,Viewpoint,tourism=viewpoint,node,10698882074,5.430985,100.293794,Pulau Pinang,07,Timur Laut,04,,,,,
OSM_node_10679888908,R29,,,Viewpoint,tourism=viewpoint,node,10679888908,5.406656,100.247444,Pulau Pinang,07,Timur Laut,04,,,,,
OSM_node_10712219528,RG7,RG7,RG7,Viewpoint,tourism=viewpoint,node,10712219528,5.418149,100.255415,Pulau Pinang,07,Timur Laut,04,,,,,
OSM_node_9211880464,Rain Gauge 6,Rain Gauge 6,,Viewpoint,tourism=viewpoint,node,9211880464,5.418147,100.262447,Pulau Pinang,07,Timur Laut,04,,,,,
OSM_node_10698882066,Rainbow Rock,Rainbow Rock,,Viewpoint,tourism=viewpoint,node,10698882066,5.423392,100.284283,Pulau Pinang,07,Timur Laut,04,,,,,
OSM_node_10698882055,Red Helmet,Red Helmet,,Viewpoint,tourism=viewpoint,node,10698882055,5.422143,100.28974,Pulau Pinang,07,Timur Laut,04,,,,,
OSM_node_9954031465,Rest Stop 39 ViewPoint,Rest Stop 39 ViewPoint,,Viewpoint,tourism=viewpoint,node,9954031465,5.420054,100.284656,Pulau Pinang,07,Timur Laut,04,,,,,
OSM_node_10698882082,Secret Garden,Secret Garden,,Viewpoint,tourism=viewpoint,node,10698882082,5.425584,100.293351,Pulau Pinang,07,Timur Laut,04,,,,,
OSM_node_6873083886,Street Art - Kungfu Girl,Street Art - Kungfu Girl,,Viewpoint,tourism=viewpoint,node,6873083886,5.420131,100.335418,Pulau Pinang,07,Timur Laut,04,,,,,
OSM_node_4248787292,Top of The Pagoda,,,Viewpoint,tourism=viewpoint,node,4248787292,5.399729,100.273375,Pulau Pinang,07,Timur Laut,04,,,,,
OSM_node_12086642669,Top of The Pagoda,Top of The Pagoda,,Viewpoint,tourism=viewpoint,node,12086642669,5.399797,100.273565,Pulau Pinang,07,Timur Laut,04,,,,,
OSM_node_1376525103,Unnamed Viewpoint,,,Viewpoint,tourism=viewpoint,node,1376525103,5.42413,100.269722,Pulau Pinang,07,Timur Laut,04,,,,,no
OSM_node_3103757009,Unnamed Viewpoint,,,Viewpoint,tourism=viewpoint,node,3103757009,5.422174,100.267469,Pulau Pinang,07,Timur Laut,04,,,,,
OSM_node_4143913289,Unnamed Viewpoint,,,Viewpoint,tourism=viewpoint,node,4143913289,5.422875,100.284267,Pulau Pinang,07,Timur Laut,04,,,,,
OSM_node_4143913389,Unnamed Viewpoint,,,Viewpoint,tourism=viewpoint,node,4143913389,5.423939,100.284257,Pulau Pinang,07,Timur Laut,04,,,,,
OSM_node_4490964890,Unnamed Viewpoint,,,Viewpoint,tourism=viewpoint,node,4490964890,5.420614,100.265304,Pulau Pinang,07,Timur Laut,04,,,,,
OSM_node_6694568586,Unnamed Viewpoint,,,Viewpoint,tourism=viewpoint,node,6694568586,5.424292,100.276961,Pulau Pinang,07,Timur Laut,04,,,,,
OSM_node_7248957766,Unnamed Viewpoint,,,Viewpoint,tourism=viewpoint,node,7248957766,5.424099,100.266477,Pulau Pinang,07,Timur Laut,04,,,,,
OSM_node_10709734152,Unnamed Viewpoint,,,Viewpoint,tourism=viewpoint,node,10709734152,5.471348,100.263774,Pulau Pinang,07,Timur Laut,04,,,,,
OSM_node_10709734375,Unnamed Viewpoint,,,Viewpoint,tourism=viewpoint,node,10709734375,5.443476,100.27338,Pulau Pinang,07,Timur Laut,04,,,,,
OSM_node_10728786300,Unnamed Viewpoint,,,Viewpoint,tourism=viewpoint,node,10728786300,5.353257,100.280261,Pulau Pinang,07,Timur Laut,04,,,,,
OSM_node_10728871911,Unnamed Viewpoint,,,Viewpoint,tourism=viewpoint,node,10728871911,5.352405,100.280047,Pulau Pinang,07,Timur Laut,04,,,,,
OSM_node_10736149920,Unnamed Viewpoint,,,Viewpoint,tourism=viewpoint,node,10736149920,5.382213,100.256765,Pulau Pinang,07,Timur Laut,04,,,,,
OSM_node_10740803390,Unnamed Viewpoint,,,Viewpoint,tourism=viewpoint,node,10740803390,5.389272,100.291639,Pulau Pinang,07,Timur Laut,04,,,,,
OSM_node_11100982905,Unnamed Viewpoint,,,Viewpoint,tourism=viewpoint,node,11100982905,5.4214,100.286405,Pulau Pinang,07,Timur Laut,04,,,,,
OSM_node_11664110170,Unnamed Viewpoint,,,Viewpoint,tourism=viewpoint,node,11664110170,5.410065,100.338104,Pulau Pinang,07,Timur Laut,04,,,,,
OSM_node_11830361460,Unnamed Viewpoint,,,Viewpoint,tourism=viewpoint,node,11830361460,5.388857,100.290911,Pulau Pinang,07,Timur Laut,04,,,,,
OSM_node_7115807385,Viewing Point,Viewing Point,,Viewpoint,tourism=viewpoint,node,7115807385,5.393116,100.261502,Pulau Pinang,07,Timur Laut,04,,,,,no
OSM_node_7115837185,Viewing Point,,,Viewpoint,tourism=viewpoint,node,7115837185,5.393372,100.258136,Pulau Pinang,07,Timur Laut,04,,,,,
OSM_node_10698882056,White Helmet,White Helmet,,Viewpoint,tourism=viewpoint,node,10698882056,5.42245,100.291259,Pulau Pinang,07,Timur Laut,04,,,,,
OSM_way_555741381,福德堂 大伯公,Hock Teck Tong Tua Pek Kong temple,,Viewpoint,tourism=viewpoint,way,555741381,5.412551,100.269928,Pulau Pinang,07,Timur Laut,04,,,,,
OSM_node_1794708188,Penang Waterfall (Lower section),,,Waterfall,waterway=waterfall,node,1794708188,5.440369,100.283015,Pulau Pinang,07,Timur Laut,04,,,,,
OSM_node_12488060718,Penang Waterfall (Upper section),,,Waterfall,waterway=waterfall,node,12488060718,5.440429,100.282189,Pulau Pinang,07,Timur Laut,04,,,,,
OSM_node_7209653687,Unnamed Waterfall,,,Waterfall,waterway=waterfall,node,7209653687,5.399752,100.250861,Pulau Pinang,07,Timur Laut,04,,,,,
OSM_node_9396112670,Unnamed Waterfall,,,Waterfall,waterway=waterfall,node,9396112670,5.440079,100.286013,Pulau Pinang,07,Timur Laut,04,,,,,
OSM_node_9991873665,Unnamed Waterfall,,,Waterfall,waterway=waterfall,node,9991873665,5.387876,100.293456,Pulau Pinang,07,Timur Laut,04,,,,,
OSM_node_10303932517,Unnamed Waterfall,,,Waterfall,waterway=waterfall,node,10303932517,5.435628,100.291877,Pulau Pinang,07,Timur Laut,04,,,,,
OSM_node_12145361828,Unnamed Waterfall,,,Waterfall,waterway=waterfall,node,12145361828,5.441499,100.29007,Pulau Pinang,07,Timur Laut,04,,,,,
OSM_node_5052359022,Beaufort Waterfront,Beaufort Waterfront,,Attraction,tourism=attraction,node,5052359022,5.346309,115.742738,Sabah,12,Beaufort,16,,,,,
OSM_node_11813383469,Klias Rivercruise,,,Attraction,tourism=attraction,node,11813383469,5.454007,115.614788,Sabah,12,Beaufort,16,https://www.onlyinborneotour.com/,,,,
OSM_node_5113387023,Pilajau River Cruise,,,Attraction,tourism=attraction,node,5113387023,5.428224,115.6552,Sabah,12,Beaufort,16,,+60142046293,,,
OSM_node_6041614485,Taman Tasik,,,Attraction,tourism=attraction,node,6041614485,5.345513,115.748138,Sabah,12,Beaufort,16,,,,,
OSM_node_7051779185,Unnamed Attraction,,,Attraction,tourism=attraction,node,7051779185,5.524719,115.792336,Sabah,12,Beaufort,16,,,,,
OSM_node_11693284676,Tugu Peringatan Starcevich,Starcevich Memorial Monument,Tugu Peringatan Starcevich,Historic Site (Monument),historic=monument,node,11693284676,5.343237,115.746727,Sabah,12,Beaufort,16,,,,,
OSM_node_7013117585,Weston Wetland,Weston Wetland,,Viewpoint,tourism=viewpoint,node,7013117585,5.209373,115.589259,Sabah,12,Beaufort,16,,,,,
OSM_node_11827314998,Jeti Pekan Beluran,,Jeti Pekan Beluran,Attraction,tourism=attraction,node,11827314998,5.89832,117.556555,Sabah,12,Beluran,06,,,,,
OSM_node_11827309559,Muara Beluran,Muara Beluran,Muara Beluran,Attraction,tourism=attraction,node,11827309559,5.898004,117.55709,Sabah,12,Beluran,06,,,,,
OSM_node_11827309567,Pentas Terbuka Labuk,,Pentas Terbuka Labuk,Attraction,tourism=attraction,node,11827309567,5.89712,117.55867,Sabah,12,Beluran,06,,,,,
OSM_relation_10039940,Pulau Landayang,,,Beach,natural=beach,relation,10039940,6.805309,117.351946,Sabah,12,Beluran,06,,,,,
OSM_way_717889010,Unnamed Beach,,,Beach,natural=beach,way,717889010,6.506883,117.9177,Sabah,12,Beluran,06,,,,,
OSM_relation_10004436,Unnamed Beach,,,Beach,natural=beach,relation,10004436,6.549143,117.719307,Sabah,12,Beluran,06,,,,,
OSM_relation_10010149,Unnamed Beach,,,Beach,natural=beach,relation,10010149,6.612252,117.767744,Sabah,12,Beluran,06,,,,,
OSM_relation_10011706,Unnamed Beach,,,Beach,natural=beach,relation,10011706,6.700268,117.514737,Sabah,12,Beluran,06,,,,,
OSM_relation_10011731,Unnamed Beach,,,Beach,natural=beach,relation,10011731,6.779546,117.504665,Sabah,12,Beluran,06,,,,,
OSM_relation_10011949,Unnamed Beach,,,Beach,natural=beach,relation,10011949,6.784056,117.458183,Sabah,12,Beluran,06,,,,,
OSM_node_6046494142,Crocker Range Park Entrance,,,Attraction,tourism=attraction,node,6046494142,5.397178,116.097031,Sabah,12,Keningau,21,,,,,
OSM_node_6121124781,Matanoi Hill,,,Attraction,tourism=attraction,node,6121124781,5.493346,116.247131,Sabah,12,Keningau,21,,+60198098007,Mo-Su 06:00-18:00,,
OSM_node_10592131276,Pusat Ziarah Keluarga Kudus Nulu Sosopon,,,Attraction,tourism=attraction,node,10592131276,5.357752,116.123445,Sabah,12,Keningau,21,,,,,
OSM_node_6121124783,Rabbit Garden,,,Attraction,tourism=attraction,node,6121124783,5.492766,116.246858,Sabah,12,Keningau,21,,+60135566908,Mo-Su 06:00-18:00,,
OSM_node_7418553539,Unnamed Attraction,,,Attraction,tourism=attraction,node,7418553539,5.312547,116.13762,Sabah,12,Keningau,21,,,,,
OSM_node_10592131356,Unnamed Attraction,,,Attraction,tourism=attraction,node,10592131356,5.332448,116.153155,Sabah,12,Keningau,21,,,,,
OSM_node_5135650322,Kuyubin Castle,,,Historic Site (Castle),historic=castle,node,5135650322,5.479167,116.276561,Sabah,12,Keningau,21,,,,,
OSM_node_9963878901,Tugu Peringatan Cho Huan Lai,Cho Huan Lai Memorial,Tugu Peringatan Cho Huan Lai,Historic Site (Memorial),historic=memorial,node,9963878901,5.350763,116.167828,Sabah,12,Keningau,21,,,,,
OSM_node_9951243386,Batu Sumpah,Oath Stone,,Historic Site (Monument),historic=monument,node,9951243386,5.344876,116.158104,Sabah,12,Keningau,21,,,,,
OSM_node_9951243385,Muzium Warisan Keningau,,,Museum,tourism=museum,node,9951243385,5.345584,116.157916,Sabah,12,Keningau,21,,,,no,
OSM_node_6387050485,"""To starting point"" cave signpost 1",,,Attraction,tourism=attraction,node,6387050485,5.527251,118.292365,Sabah,12,Kinabatangan,05,,,,,
OSM_node_6387043187,"""To the cave"" Signpost 2",,,Attraction,tourism=attraction,node,6387043187,5.527374,118.290728,Sabah,12,Kinabatangan,05,,,,,
OSM_node_5775948214,Bukit Piton First Class Reserve,,,Attraction,tourism=attraction,node,5775948214,5.186302,117.955353,Sabah,12,Kinabatangan,05,https://www.bikeandtours.com/de/malaysia/sabah/borneo-ost-sabah/danum-valley-conservation-area/orang-utan-bukit-piton,,,,
OSM_node_6387039085,Cave,,,Attraction,tourism=attraction,node,6387039085,5.522932,118.285203,Sabah,12,Kinabatangan,05,,,,,
OSM_node_10032776717,Fig Tree Felix,,,Attraction,tourism=attraction,node,10032776717,5.494015,118.202453,Sabah,12,Kinabatangan,05,,,,,
OSM_node_3671145188,KOPEL Reception Centre,,,Attraction,tourism=attraction,node,3671145188,5.407518,117.950593,Sabah,12,Kinabatangan,05,,+60 89551070,,,
OSM_node_5083386121,Kawasan Hutan Simpan,Kawasan Hutan Simpan,,Attraction,tourism=attraction,node,5083386121,5.531594,118.290606,Sabah,12,Kinabatangan,05,,,,,
OSM_node_5083370824,Palm oil plantation,Palm oil plantation,,Attraction,tourism=attraction,node,5083370824,5.535973,118.285609,Sabah,12,Kinabatangan,05,,,,,
OSM_node_5083385423,Taman Fadzil Kg. Sukau,Taman Fadzil Kg. Sukau,,Attraction,tourism=attraction,node,5083385423,5.509016,118.28591,Sabah,12,Kinabatangan,05,,,,,
OSM_node_3992158209,Tungog Rainforest Eco Camp,,,Attraction,tourism=attraction,node,3992158209,5.410822,117.962007,Sabah,12,Kinabatangan,05,http://www.mescot.org,+60 89551070,,,
OSM_node_3998399410,Manggis Memodou,,,Historic Site,historic=yes,node,3998399410,5.699158,118.382737,Sabah,12,Kinabatangan,05,,,,,
OSM_node_3991630115,Martin and Osa Johnson Camp,,,Historic Site,historic=yes,node,3991630115,5.6863,118.394651,Sabah,12,Kinabatangan,05,,,At Any Time,,
OSM_node_3998399409,Tapak Kuburan Pengiran Indor,,,Historic Site (Tomb),historic=tomb,node,3998399409,5.661896,118.40326,Sabah,12,Kinabatangan,05,,,,,
OSM_node_3991661111,Muzium Agop Batu Tulug.,,,Museum,tourism=museum,node,3991661111,5.415701,117.942409,Sabah,12,Kinabatangan,05,,,,,
OSM_node_4707674789,Pertasa estate,,,Viewpoint,tourism=viewpoint,node,4707674789,5.281781,118.316708,Sabah,12,Kinabatangan,05,,,,,
OSM_node_5460602524,Borneo Bayau Firefly Cruise,Borneo Bayau Firefly Cruise,,Attraction,tourism=attraction,node,5460602524,6.477387,116.493345,Sabah,12,Kota Belud,09,,,,,
OSM_node_5460612828,Borneo Bayau River Cruise,Borneo Bayau River Cruise,,Attraction,tourism=attraction,node,5460612828,6.40969,116.4161,Sabah,12,Kota Belud,09,,,,,
OSM_node_5134516133,Capernaum Garden,,,Attraction,tourism=attraction,node,5134516133,6.221346,116.4399,Sabah,12,Kota Belud,09,,+6013-547 5140,,,
OSM_node_4805082721,Fruits Market,Fruits Market,,Attraction,tourism=attraction,node,4805082721,6.028041,116.462607,Sabah,12,Kota Belud,09,,,,,
OSM_node_5135304123,Garden Hill Homestead(close2017),,,Attraction,tourism=attraction,node,5135304123,6.139372,116.448531,Sabah,12,Kota Belud,09,,,,,
OSM_node_5460602432,Kausar River Cruise,Kausar River Cruise,,Attraction,tourism=attraction,node,5460602432,6.416686,116.409082,Sabah,12,Kota Belud,09,,,,,
OSM_node_5460612829,Kawa-kawa River Cruise,Kawa-kawa River Cruise,,Attraction,tourism=attraction,node,5460612829,6.415405,116.406137,Sabah,12,Kota Belud,09,,,,,
OSM_node_4506699890,Kawa红树林,,,Attraction,tourism=attraction,node,4506699890,6.350798,116.432869,Sabah,12,Kota Belud,09,,,,,
OSM_node_5360308521,Palm Beach Resort,Palm Beach Resort,,Attraction,tourism=attraction,node,5360308521,6.706866,116.363725,Sabah,12,Kota Belud,09,,+60198553557,24/7,,
OSM_node_5211903224,Rumah Bapa Afzan,,Rumah Bapa Afzan,Attraction,tourism=attraction,node,5211903224,6.415043,116.401532,Sabah,12,Kota Belud,09,,,,,
OSM_node_5202494204,Substation Sayap,Substation Sayap,,Attraction,tourism=attraction,node,5202494204,6.164019,116.565281,Sabah,12,Kota Belud,09,,,,,
OSM_node_5460602433,Tagal village Ecotourism,,,Attraction,tourism=attraction,node,5460602433,6.263922,116.52806,Sabah,12,Kota Belud,09,,,,,
OSM_node_6160752169,Villa Valley View (3V),,,Attraction,tourism=attraction,node,6160752169,6.275848,116.528538,Sabah,12,Kota Belud,09,,,,,
OSM_node_5757442521,红树林长鼻猴萤火虫,,,Attraction,tourism=attraction,node,5757442521,6.497113,116.499776,Sabah,12,Kota Belud,09,,,,,
OSM_way_875902446,Pantai Merakit,,,Beach,natural=beach,way,875902446,6.356681,116.314556,Sabah,12,Kota Belud,09,,,,,
OSM_way_176129713,Unnamed Beach,,,Beach,natural=beach,way,176129713,6.711432,116.356036,Sabah,12,Kota Belud,09,,,,,
OSM_way_723212642,Unnamed Beach,,,Beach,natural=beach,way,723212642,6.350218,116.308997,Sabah,12,Kota Belud,09,,,,,
OSM_node_13722729102,Unnamed Theme Park,,,Theme Park,tourism=theme_park,node,13722729102,6.353137,116.430237,Sabah,12,Kota Belud,09,,,,,
OSM_node_6487655209,Viewpoint of Mount Kinabalu (Popular),Viewpoint of Mount Kinabalu (Popular),,Viewpoint,tourism=viewpoint,node,6487655209,6.027568,116.464219,Sabah,12,Kota Belud,09,,,,,
OSM_node_10212589245,Air Terjun Kimorugi,,,Waterfall,waterway=waterfall,node,10212589245,6.151009,116.520824,Sabah,12,Kota Belud,09,,,,,
OSM_node_2093140403,UMS Aquarium & Marine Museum,,,Aquarium,tourism=aquarium,node,2093140403,6.039796,116.112881,Sabah,12,Kota Kinabalu,07,,,"09:00-12:30,14:00-16:30; We,PH off",,
OSM_node_9846488579,Arapaima Tank,,,Attraction,tourism=attraction,node,9846488579,5.977689,116.087782,Sabah,12,Kota Kinabalu,07,,,,,
OSM_node_6057493685,Canopy Walk and Zip Lines,Canopy Walk and Zip Lines,,Attraction,tourism=attraction,node,6057493685,6.029732,116.014505,Sabah,12,Kota Kinabalu,07,,,,,
OSM_node_6057494285,Chinese Temple,,,Attraction,tourism=attraction,node,6057494285,5.975415,116.088919,Sabah,12,Kota Kinabalu,07,,,,,
OSM_relation_15015876,Colonial Christian Cemetery,,,Attraction,tourism=attraction,relation,15015876,5.973267,116.082296,Sabah,12,Kota Kinabalu,07,,,,,
OSM_node_5791827853,Giant white pagoda and Chinese temple,,,Attraction,tourism=attraction,node,5791827853,5.950467,116.076207,Sabah,12,Kota Kinabalu,07,,,,,
OSM_node_5039133721,Heritage Village Phase II,Heritage Village Phase II,,Attraction,tourism=attraction,node,5039133721,5.962315,116.074185,Sabah,12,Kota Kinabalu,07,,,,,
OSM_node_6057493785,Highest Point,Highest Point,,Attraction,tourism=attraction,node,6057493785,6.021256,116.027173,Sabah,12,Kota Kinabalu,07,,,,,
OSM_node_6056666688,Highest point,,,Attraction,tourism=attraction,node,6056666688,6.019853,116.021944,Sabah,12,Kota Kinabalu,07,,,,,
OSM_way_289922329,Kota Kinabalu Wetland Centre,,,Attraction,tourism=attraction,way,289922329,5.987452,116.089248,Sabah,12,Kota Kinabalu,07,,,,,
OSM_relation_14368025,Pulau Sapi,Sapi Island,,Attraction,tourism=attraction,relation,14368025,6.0095,116.006329,Sabah,12,Kota Kinabalu,07,,,,,
OSM_node_4210148013,Pusat Orkid,,,Attraction,tourism=attraction,node,4210148013,5.961662,116.071783,Sabah,12,Kota Kinabalu,07,,,,,
OSM_node_6139905085,RM5 Fee To Walk Around Perimeter,RM5 Fee To Walk Around Perimeter,,Attraction,tourism=attraction,node,6139905085,5.994477,116.107196,Sabah,12,Kota Kinabalu,07,,,,,
OSM_node_6031078085,Ruins of 3rd oldest building in KK,,,Attraction,tourism=attraction,node,6031078085,5.98668,116.078149,Sabah,12,Kota Kinabalu,07,,,,,
OSM_node_4225381289,SK,,,Attraction,tourism=attraction,node,4225381289,5.969173,116.089018,Sabah,12,Kota Kinabalu,07,,0198816264,24/7,,
OSM_node_5793172254,Stairs to great view of Mount Kinabalu,,,Attraction,tourism=attraction,node,5793172254,6.00342,116.206572,Sabah,12,Kota Kinabalu,07,,,,,
OSM_node_5759776021,Unnamed Attraction,,,Attraction,tourism=attraction,node,5759776021,5.995944,116.124948,Sabah,12,Kota Kinabalu,07,,,,,
OSM_node_9846474175,Unnamed Attraction,,,Attraction,tourism=attraction,node,9846474175,5.978216,116.088628,Sabah,12,Kota Kinabalu,07,,,,,
OSM_node_9846474180,Unnamed Attraction,,,Attraction,tourism=attraction,node,9846474180,5.977913,116.088338,Sabah,12,Kota Kinabalu,07,,,,,
OSM_node_9846474185,Unnamed Attraction,,,Attraction,tourism=attraction,node,9846474185,5.97775,116.088387,Sabah,12,Kota Kinabalu,07,,,,,
OSM_node_9846474190,Unnamed Attraction,,,Attraction,tourism=attraction,node,9846474190,5.977622,116.088572,Sabah,12,Kota Kinabalu,07,,,,,
OSM_node_9846474195,Unnamed Attraction,,,Attraction,tourism=attraction,node,9846474195,5.977661,116.088133,Sabah,12,Kota Kinabalu,07,,,,,
OSM_node_9847171511,Unnamed Attraction,,,Attraction,tourism=attraction,node,9847171511,5.977586,116.088104,Sabah,12,Kota Kinabalu,07,,,,,
OSM_node_9847171512,Unnamed Attraction,,,Attraction,tourism=attraction,node,9847171512,5.977458,116.088117,Sabah,12,Kota Kinabalu,07,,,,,
OSM_node_9847171513,Unnamed Attraction,,,Attraction,tourism=attraction,node,9847171513,5.977387,116.087936,Sabah,12,Kota Kinabalu,07,,,,,
OSM_node_9847172718,Unnamed Attraction,,,Attraction,tourism=attraction,node,9847172718,5.977454,116.087833,Sabah,12,Kota Kinabalu,07,,,,,
OSM_node_9847172719,Unnamed Attraction,,,Attraction,tourism=attraction,node,9847172719,5.977399,116.087678,Sabah,12,Kota Kinabalu,07,,,,,
OSM_node_9847172720,Unnamed Attraction,,,Attraction,tourism=attraction,node,9847172720,5.977362,116.087589,Sabah,12,Kota Kinabalu,07,,,,,
OSM_node_9847172721,Unnamed Attraction,,,Attraction,tourism=attraction,node,9847172721,5.977738,116.087302,Sabah,12,Kota Kinabalu,07,,,,,
OSM_node_9847172722,Unnamed Attraction,,,Attraction,tourism=attraction,node,9847172722,5.977511,116.087538,Sabah,12,Kota Kinabalu,07,,,,,
OSM_node_9847172723,Unnamed Attraction,,,Attraction,tourism=attraction,node,9847172723,5.977735,116.087489,Sabah,12,Kota Kinabalu,07,,,,,
OSM_node_9847172724,Unnamed Attraction,,,Attraction,tourism=attraction,node,9847172724,5.977741,116.087532,Sabah,12,Kota Kinabalu,07,,,,,
OSM_node_9847172725,Unnamed Attraction,,,Attraction,tourism=attraction,node,9847172725,5.977839,116.08748,Sabah,12,Kota Kinabalu,07,,,,,
OSM_node_9847172726,Unnamed Attraction,,,Attraction,tourism=attraction,node,9847172726,5.977894,116.08756,Sabah,12,Kota Kinabalu,07,,,,,
OSM_node_9847172727,Unnamed Attraction,,,Attraction,tourism=attraction,node,9847172727,5.977836,116.087927,Sabah,12,Kota Kinabalu,07,,,,,
OSM_node_9847172728,Unnamed Attraction,,,Attraction,tourism=attraction,node,9847172728,5.978105,116.08812,Sabah,12,Kota Kinabalu,07,,,,,
OSM_node_9847172729,Unnamed Attraction,,,Attraction,tourism=attraction,node,9847172729,5.978134,116.088299,Sabah,12,Kota Kinabalu,07,,,,,
OSM_node_9847172730,Unnamed Attraction,,,Attraction,tourism=attraction,node,9847172730,5.97809,116.088336,Sabah,12,Kota Kinabalu,07,,,,,
OSM_node_5724789021,Zip Line,Zip Line,,Attraction,tourism=attraction,node,5724789021,6.012855,116.008137,Sabah,12,Kota Kinabalu,07,,,,,
OSM_node_5755861722,Zipling Between Islands,Zipling Between Islands,,Attraction,tourism=attraction,node,5755861722,6.012409,116.008533,Sabah,12,Kota Kinabalu,07,,,,,
OSM_node_5798077109,阿里王 Aliwang,,,Attraction,tourism=attraction,node,5798077109,5.976234,116.072162,Sabah,12,Kota Kinabalu,07,,,Mo-Su 10:00-23:00,,
OSM_relation_14368082,Hidden Beach,Hidden Beach,,Beach,natural=beach,relation,14368082,6.007888,116.007001,Sabah,12,Kota Kinabalu,07,,,,,
OSM_way_1503715906,Pantai Likas,Likas Beach,Pantai Likas,Beach,natural=beach,way,1503715906,5.993559,116.101511,Sabah,12,Kota Kinabalu,07,,,,,
OSM_way_158041205,Pantai Pulau Mamutik,Mamutik Island Beach,Pantai Pulau Mamutik,Beach,natural=beach,way,158041205,5.966495,116.014215,Sabah,12,Kota Kinabalu,07,,,,,
OSM_relation_14409848,Pantai Tanjung Aru,Tanjung Aru Beach,Pantai Tanjung Aru,Beach,natural=beach,relation,14409848,5.944116,116.044043,Sabah,12,Kota Kinabalu,07,,,,no,
OSM_node_2789848838,Pantai UMS,UMS Beach,Pantai UMS,Beach,natural=beach,node,2789848838,6.041148,116.112026,Sabah,12,Kota Kinabalu,07,,,,,
OSM_relation_14368108,Small Beach,Small Beach,,Beach,natural=beach,relation,14368108,6.00773,116.005807,Sabah,12,Kota Kinabalu,07,,,,,
OSM_way_97879648,Unnamed Beach,,,Beach,natural=beach,way,97879648,6.012421,116.048785,Sabah,12,Kota Kinabalu,07,,,,,
OSM_way_97884216,Unnamed Beach,,,Beach,natural=beach,way,97884216,6.007481,116.054571,Sabah,12,Kota Kinabalu,07,,,,,
OSM_way_289921504,Unnamed Beach,,,Beach,natural=beach,way,289921504,5.974963,116.005674,Sabah,12,Kota Kinabalu,07,,,,,
OSM_way_359708988,Unnamed Beach,,,Beach,natural=beach,way,359708988,6.043366,116.111613,Sabah,12,Kota Kinabalu,07,,,,,
OSM_way_425380853,Unnamed Beach,,,Beach,natural=beach,way,425380853,5.976573,116.0065,Sabah,12,Kota Kinabalu,07,,,,,
OSM_way_425380855,Unnamed Beach,,,Beach,natural=beach,way,425380855,5.974665,116.002651,Sabah,12,Kota Kinabalu,07,,,,,
OSM_way_425380857,Unnamed Beach,,,Beach,natural=beach,way,425380857,5.975309,116.00842,Sabah,12,Kota Kinabalu,07,,,,,
OSM_way_425392783,Unnamed Beach,,,Beach,natural=beach,way,425392783,6.01056,116.050459,Sabah,12,Kota Kinabalu,07,,,,,
OSM_way_425392793,Unnamed Beach,,,Beach,natural=beach,way,425392793,6.012172,116.046756,Sabah,12,Kota Kinabalu,07,,,,,
OSM_way_425392823,Unnamed Beach,,,Beach,natural=beach,way,425392823,6.028404,116.05018,Sabah,12,Kota Kinabalu,07,,,,,
OSM_way_425392828,Unnamed Beach,,,Beach,natural=beach,way,425392828,6.026111,116.037861,Sabah,12,Kota Kinabalu,07,,,,,
OSM_way_425392829,Unnamed Beach,,,Beach,natural=beach,way,425392829,6.028757,116.028217,Sabah,12,Kota Kinabalu,07,,,,,
OSM_way_425392835,Unnamed Beach,,,Beach,natural=beach,way,425392835,6.030546,116.017183,Sabah,12,Kota Kinabalu,07,,,,,
OSM_way_425392836,Unnamed Beach,,,Beach,natural=beach,way,425392836,6.028541,116.019713,Sabah,12,Kota Kinabalu,07,,,,,
OSM_way_425392840,Unnamed Beach,,,Beach,natural=beach,way,425392840,6.034831,116.017518,Sabah,12,Kota Kinabalu,07,,,,,
OSM_way_425392848,Unnamed Beach,,,Beach,natural=beach,way,425392848,6.038214,116.017119,Sabah,12,Kota Kinabalu,07,,,,,
OSM_way_425392854,Unnamed Beach,,,Beach,natural=beach,way,425392854,6.012085,116.010278,Sabah,12,Kota Kinabalu,07,,,,,
OSM_way_425392855,Unnamed Beach,,,Beach,natural=beach,way,425392855,6.011004,116.012407,Sabah,12,Kota Kinabalu,07,,,,,
OSM_way_425392856,Unnamed Beach,,,Beach,natural=beach,way,425392856,6.011972,116.020837,Sabah,12,Kota Kinabalu,07,,,,,
OSM_way_425392857,Unnamed Beach,,,Beach,natural=beach,way,425392857,6.009478,116.032388,Sabah,12,Kota Kinabalu,07,,,,,
OSM_way_723326373,Unnamed Beach,,,Beach,natural=beach,way,723326373,6.078699,116.088378,Sabah,12,Kota Kinabalu,07,,,,,
OSM_way_1038614373,Unnamed Beach,,,Beach,natural=beach,way,1038614373,5.956864,116.041046,Sabah,12,Kota Kinabalu,07,,,,,
OSM_way_1323107282,Unnamed Beach,,,Beach,natural=beach,way,1323107282,6.01317,116.06985,Sabah,12,Kota Kinabalu,07,,,,,
OSM_relation_14280698,Unnamed Beach,,,Beach,natural=beach,relation,14280698,5.97682,116.058341,Sabah,12,Kota Kinabalu,07,,,,,
OSM_relation_14345834,Unnamed Beach,,,Beach,natural=beach,relation,14345834,5.969354,116.056715,Sabah,12,Kota Kinabalu,07,,,,,
OSM_relation_14368023,Unnamed Beach,,,Beach,natural=beach,relation,14368023,6.008462,116.008708,Sabah,12,Kota Kinabalu,07,,,,,
OSM_relation_14368024,Unnamed Beach,,,Beach,natural=beach,relation,14368024,6.009963,116.007497,Sabah,12,Kota Kinabalu,07,,,,,
OSM_relation_14368102,Unnamed Beach,,,Beach,natural=beach,relation,14368102,6.011908,116.005563,Sabah,12,Kota Kinabalu,07,,,,,
OSM_relation_14368104,Unnamed Beach,,,Beach,natural=beach,relation,14368104,6.009482,116.004279,Sabah,12,Kota Kinabalu,07,,,,,
OSM_relation_18150560,Unnamed Beach,,,Beach,natural=beach,relation,18150560,6.087337,116.096471,Sabah,12,Kota Kinabalu,07,,,,,
OSM_relation_18150638,Unnamed Beach,,,Beach,natural=beach,relation,18150638,5.95911,115.994969,Sabah,12,Kota Kinabalu,07,,,,,
OSM_relation_17470491,Galeri Azman Hashim UMS,Azman Hashim UMS Gallery,Galeri Azman Hashim UMS,Gallery,tourism=gallery,relation,17470491,6.041638,116.113635,Sabah,12,Kota Kinabalu,07,,,,,
OSM_relation_14906587,Sabah Art Gallery,Sabah Art Gallery,Balai Seni Lukis Sabah,Gallery,tourism=gallery,relation,14906587,5.953276,116.081706,Sabah,12,Kota Kinabalu,07,https://sabahartgallery.com/,+60 88 268 748,Tu-Su 09:00-16:00,yes,
OSM_way_548823855,Tun Mustapha Gallery,Tun Mustapha Gallery,,Gallery,tourism=gallery,way,548823855,6.016797,116.109636,Sabah,12,Kota Kinabalu,07,,,,,
OSM_node_11117579234,Unnamed Historic Site,,,Historic Site,historic=yes,node,11117579234,5.946138,116.063115,Sabah,12,Kota Kinabalu,07,,,,,
OSM_node_9862285189,Gate A,,,Historic Site (City Gate),historic=city_gate,node,9862285189,5.990456,116.104428,Sabah,12,Kota Kinabalu,07,,,,,
OSM_node_9862306453,Gate B,,,Historic Site (City Gate),historic=city_gate,node,9862306453,5.990484,116.105249,Sabah,12,Kota Kinabalu,07,,,,,
OSM_node_9862304422,Gate C,,,Historic Site (City Gate),historic=city_gate,node,9862304422,5.990871,116.105284,Sabah,12,Kota Kinabalu,07,,,,,
OSM_way_237483014,Tun Mustapha Residential House,,,Historic Site (Heritage),historic=heritage,way,237483014,5.95225,116.052662,Sabah,12,Kota Kinabalu,07,,,,,
OSM_node_2110087376,Double Six Monument,,,Historic Site (Memorial),historic=memorial,node,2110087376,5.962234,116.061771,Sabah,12,Kota Kinabalu,07,,,,,
OSM_node_2449610197,La Salle Wall of Fame,,,Historic Site (Memorial),historic=memorial,node,2449610197,5.953621,116.052036,Sabah,12,Kota Kinabalu,07,,,,,
OSM_way_237071982,Tugu Pahlawan,,,Historic Site (Memorial),historic=memorial,way,237071982,5.956464,116.079365,Sabah,12,Kota Kinabalu,07,,,,,
OSM_node_4638362840,Tugu Peringatan Perang Borneo Utara,North Borneo War Monument,Tugu Peringatan Perang Borneo Utara,Historic Site (Memorial),historic=memorial,node,4638362840,5.98171,116.07467,Sabah,12,Kota Kinabalu,07,,,,,
OSM_node_9899415274,Unnamed Historic Site (Memorial),,,Historic Site (Memorial),historic=memorial,node,9899415274,5.960341,116.065178,Sabah,12,Kota Kinabalu,07,,,,,
OSM_node_11820956461,Unnamed Historic Site (Memorial),,,Historic Site (Memorial),historic=memorial,node,11820956461,6.034642,116.119662,Sabah,12,Kota Kinabalu,07,,,,,
OSM_way_909914699,Menara Jam Atkinson,Atkinson Clock Tower,,Historic Site (Monument),historic=monument,way,909914699,5.982188,116.077312,Sabah,12,Kota Kinabalu,07,https://signalhill.my/,,,,
OSM_node_2453773636,Statue of St. John Baptist de La Salle,,,Historic Site (Monument),historic=monument,node,2453773636,5.953065,116.052539,Sabah,12,Kota Kinabalu,07,,,,,
OSM_node_9911763410,Tugu Peringatan Malaysian,Malaysia Monument,,Historic Site (Monument),historic=monument,node,9911763410,5.982241,116.075545,Sabah,12,Kota Kinabalu,07,,,,,
OSM_node_5036889821,Unnamed Historic Site (Monument),,,Historic Site (Monument),historic=monument,node,5036889821,6.010742,116.004434,Sabah,12,Kota Kinabalu,07,,,,,
OSM_node_10222754904,Unnamed Historic Site (Monument),,,Historic Site (Monument),historic=monument,node,10222754904,6.032672,116.123293,Sabah,12,Kota Kinabalu,07,,,,,
OSM_node_9908043231,Unnamed Historic Site (Ruins),,,Historic Site (Ruins),historic=ruins,node,9908043231,5.944917,116.059927,Sabah,12,Kota Kinabalu,07,,,,,
OSM_node_12057272149,Unnamed Historic Site (Ruins),,,Historic Site (Ruins),historic=ruins,node,12057272149,6.000926,116.203495,Sabah,12,Kota Kinabalu,07,,,,,
OSM_node_4775969021,Unnamed Historic Site (Wayside Shrine),,,Historic Site (Wayside Shrine),historic=wayside_shrine,node,4775969021,5.988132,116.07834,Sabah,12,Kota Kinabalu,07,,,,,
OSM_way_1104876705,Double Six Gallery,Double Six Gallery,Galeri Double Six,Museum,tourism=museum,way,1104876705,5.961945,116.062367,Sabah,12,Kota Kinabalu,07,,,Tu-Fr 09:00-18:00; Sa-Su 09:00-13:00,,
OSM_way_240476642,Ecogarden,,,Museum,tourism=museum,way,240476642,5.961734,116.071275,Sabah,12,Kota Kinabalu,07,,,,,
OSM_node_6046961944,Mari Mari Cultural Village,,,Museum,tourism=museum,node,6046961944,5.973711,116.203843,Sabah,12,Kota Kinabalu,07,https://www.marimariculturalvillage.my/,+60138814921,,yes,
OSM_way_240476427,Sabah Islamic Civilization Museum,Sabah Islamic Civilization Museum,,Museum,tourism=museum,way,240476427,5.963417,116.07388,Sabah,12,Kota Kinabalu,07,,,,,yes
OSM_node_2105153637,Sabah State Museum & Heritage Village,,,Museum,tourism=museum,node,2105153637,5.960551,116.071455,Sabah,12,Kota Kinabalu,07,,,Mo-Su 09:00-17:00,,
OSM_way_220865196,Sabah State Museum. Teknologi,,,Museum,tourism=museum,way,220865196,5.961466,116.070937,Sabah,12,Kota Kinabalu,07,,,,,
OSM_relation_14989921,Aquascape Center,,,Theme Park,tourism=theme_park,relation,14989921,5.977477,116.088036,Sabah,12,Kota Kinabalu,07,http://www.ysgbioscape.com/,+60 88 263 185; +60 88 263 184,Tu-Su 09:00-16:00,,
OSM_node_5793172253,Great view of Mount Kinabalu,,,Viewpoint,tourism=viewpoint,node,5793172253,6.004527,116.205464,Sabah,12,Kota Kinabalu,07,,,,,
OSM_node_13229776301,Green Nature hydroponic,,,Viewpoint,tourism=viewpoint,node,13229776301,5.967552,116.08705,Sabah,12,Kota Kinabalu,07,,,,,
OSM_way_1462716358,Kokol Elf,,,Viewpoint,tourism=viewpoint,way,1462716358,6.024047,116.19413,Sabah,12,Kota Kinabalu,07,,,,yes,
OSM_node_6223227885,Kokol Hill,,,Viewpoint,tourism=viewpoint,node,6223227885,6.004246,116.204852,Sabah,12,Kota Kinabalu,07,,,,,
OSM_node_5036890422,Point E,Point E,,Viewpoint,tourism=viewpoint,node,5036890422,6.007035,116.004966,Sabah,12,Kota Kinabalu,07,,,,,
OSM_node_4210148112,Signal Hill Observatory Tower,Signal Hill Observatory Tower,,Viewpoint,tourism=viewpoint,node,4210148112,5.985638,116.079104,Sabah,12,Kota Kinabalu,07,https://signalhill.my/,,,,
OSM_node_2453808158,Stone boardwalk sunset viewpoint,Stone boardwalk sunset viewpoint,,Viewpoint,tourism=viewpoint,node,2453808158,5.960211,116.052045,Sabah,12,Kota Kinabalu,07,,,,,
OSM_node_5505189926,Sunset,Sunset,,Viewpoint,tourism=viewpoint,node,5505189926,5.988025,116.075894,Sabah,12,Kota Kinabalu,07,,,,,
OSM_node_6075162986,Unnamed Viewpoint,,,Viewpoint,tourism=viewpoint,node,6075162986,5.979914,116.070295,Sabah,12,Kota Kinabalu,07,,,,,no
OSM_node_6107494285,Unnamed Viewpoint,,,Viewpoint,tourism=viewpoint,node,6107494285,5.99654,116.104972,Sabah,12,Kota Kinabalu,07,,,,,
OSM_node_10257947879,Unnamed Viewpoint,,,Viewpoint,tourism=viewpoint,node,10257947879,5.949332,116.112479,Sabah,12,Kota Kinabalu,07,,,,,
OSM_node_10268867635,Unnamed Viewpoint,,,Viewpoint,tourism=viewpoint,node,10268867635,5.945313,116.115033,Sabah,12,Kota Kinabalu,07,,,,,
OSM_node_10294295832,Unnamed Viewpoint,,,Viewpoint,tourism=viewpoint,node,10294295832,5.941132,116.06162,Sabah,12,Kota Kinabalu,07,,,,,
OSM_node_10294355948,Unnamed Viewpoint,,,Viewpoint,tourism=viewpoint,node,10294355948,5.945655,116.062969,Sabah,12,Kota Kinabalu,07,,,,,
OSM_node_10310237101,Unnamed Viewpoint,,,Viewpoint,tourism=viewpoint,node,10310237101,5.946357,116.063848,Sabah,12,Kota Kinabalu,07,,,,,
OSM_node_13330376780,Unnamed Viewpoint,,,Viewpoint,tourism=viewpoint,node,13330376780,5.946085,116.114948,Sabah,12,Kota Kinabalu,07,,,,,
OSM_node_13716634070,Unnamed Viewpoint,,,Viewpoint,tourism=viewpoint,node,13716634070,5.997637,116.090083,Sabah,12,Kota Kinabalu,07,,,,,
OSM_relation_15001475,Water World,,,Water Park,leisure=water_park,relation,15001475,5.949763,116.109365,Sabah,12,Kota Kinabalu,07,,,,,
OSM_node_5043095022,Kiansom Falls,Kiansom Falls,,Waterfall,waterway=waterfall,node,5043095022,5.97365,116.206554,Sabah,12,Kota Kinabalu,07,,,,,
OSM_node_3643673228,UMS Waterfall,UMS Waterfall,,Waterfall,waterway=waterfall,node,3643673228,6.042967,116.116016,Sabah,12,Kota Kinabalu,07,,,,,
OSM_node_10288937309,Waterfall GIR Walk,Waterfall GIR Walk,,Waterfall,waterway=waterfall,node,10288937309,6.020814,116.045169,Sabah,12,Kota Kinabalu,07,,,,,
OSM_node_5783644360,Batu Punggul,,,Attraction,tourism=attraction,node,5783644360,5.524667,115.524512,Sabah,12,Kuala Penyu,17,,,,,
OSM_node_5104441121,Feri Ke Labuan,Ferries To Labuan,Feri Ke Labuan,Attraction,tourism=attraction,node,5104441121,5.302964,115.373517,Sabah,12,Kuala Penyu,17,,,,,
OSM_node_5113387024,Jeti Pulau Tiga Park,Tiga Island Park Jetty,Jeti Pulau Tiga Park,Attraction,tourism=attraction,node,5113387024,5.571608,115.60031,Sabah,12,Kuala Penyu,17,,,,,
OSM_node_1604803616,Mud Volcano,Mud Volcano,,Attraction,tourism=attraction,node,1604803616,5.728305,115.653988,Sabah,12,Kuala Penyu,17,,,,,
OSM_node_5113376026,Sawangan Beach,,,Attraction,tourism=attraction,node,5113376026,5.625571,115.606792,Sabah,12,Kuala Penyu,17,,,,,
OSM_node_5113400921,Speedboat To Labuan,Speedboat To Labuan,,Attraction,tourism=attraction,node,5113400921,5.303297,115.373768,Sabah,12,Kuala Penyu,17,,,,,
OSM_node_5113376023,Survivor Logde Pulau Tiga Jetty,Survivor Logde Pulau Tiga Jetty,,Attraction,tourism=attraction,node,5113376023,5.570413,115.598685,Sabah,12,Kuala Penyu,17,,,,,
OSM_node_5113398723,Terminal Feri Menumbok,Menumbok Ferry Terminal,Terminal Feri Menumbok,Attraction,tourism=attraction,node,5113398723,5.302838,115.374146,Sabah,12,Kuala Penyu,17,,,,,
OSM_node_5574843521,뿔라우띠카,,,Attraction,tourism=attraction,node,5574843521,5.722934,115.649833,Sabah,12,Kuala Penyu,17,,,,,
OSM_way_425402984,Pagong-Pagong Beach,Pagong-Pagong Beach,Pantai Pagong-Pagong,Beach,natural=beach,way,425402984,5.734759,115.645415,Sabah,12,Kuala Penyu,17,,,,,
OSM_node_1606227481,Pantai Larai-Larai,Larai-Larai Beach,Pantai Larai-Larai,Beach,natural=beach,node,1606227481,5.732884,115.632103,Sabah,12,Kuala Penyu,17,,,,,
OSM_way_425402979,Unnamed Beach,,,Beach,natural=beach,way,425402979,5.706611,115.666844,Sabah,12,Kuala Penyu,17,,,,,
OSM_way_425402982,Unnamed Beach,,,Beach,natural=beach,way,425402982,5.705826,115.662504,Sabah,12,Kuala Penyu,17,,,,,
OSM_way_467714517,Unnamed Beach,,,Beach,natural=beach,way,467714517,5.299945,115.341935,Sabah,12,Kuala Penyu,17,,,,,
OSM_way_493749282,Unnamed Beach,,,Beach,natural=beach,way,493749282,7.378337,113.849736,Sabah,12,Kuala Penyu,17,,,,,
OSM_relation_18142925,Unnamed Beach,,,Beach,natural=beach,relation,18142925,5.388386,115.359278,Sabah,12,Kuala Penyu,17,,,,,
OSM_node_5047127921,Bawang Jamal Sea Turtle Hatchery,Bawang Jamal Sea Turtle Hatchery,,Attraction,tourism=attraction,node,5047127921,6.992697,116.727642,Sabah,12,Kudat,13,,,,,
OSM_node_5053345629,Baywalk,Baywalk,,Attraction,tourism=attraction,node,5053345629,6.878864,116.854715,Sabah,12,Kudat,13,,,,,
OSM_node_6656996085,Bonco Coconut Oil Factory & Shop,,,Attraction,tourism=attraction,node,6656996085,6.954046,116.725926,Sabah,12,Kudat,13,,,,,
OSM_node_6615502185,Borneo Honeybee Centre,,,Attraction,tourism=attraction,node,6615502185,6.883097,116.718354,Sabah,12,Kudat,13,,,,,
OSM_node_5053345631,Esplanad Sidek,Sidek Esplanade,Esplanad Sidek,Attraction,tourism=attraction,node,5053345631,6.878685,116.855615,Sabah,12,Kudat,13,https://www.penang-traveltips.com/malaysia/sabah/kudat/sidek-esplanade.htm,,,,
OSM_node_5047127725,Kampung Kimihang,Kimihang Village,Kampung Kimihang,Attraction,tourism=attraction,node,5047127725,6.964583,116.723805,Sabah,12,Kudat,13,,,,,
OSM_node_5047127621,Kampung Marang Parang,Marang Parang Village,Kampung Marang Parang,Attraction,tourism=attraction,node,5047127621,7.006765,116.740186,Sabah,12,Kudat,13,,,,,
OSM_node_5047966222,Kosuhui Turtle Hatchery,Kosuhui Turtle Hatchery,,Attraction,tourism=attraction,node,5047966222,7.018287,116.740862,Sabah,12,Kudat,13,,,,,
OSM_node_5047127624,Loro Beach,Loro Beach,,Attraction,tourism=attraction,node,5047127624,6.973789,116.727022,Sabah,12,Kudat,13,,,,,
OSM_node_5047462824,Mangrove,Mangrove,,Attraction,tourism=attraction,node,5047462824,7.030298,116.757942,Sabah,12,Kudat,13,,,,,
OSM_node_5047127626,Pantai Kosuhui,Kosuhui Beach,Pantai Kosuhui,Attraction,tourism=attraction,node,5047127626,7.022148,116.743274,Sabah,12,Kudat,13,,,,,
OSM_node_5047129021,Pantai Kulambu,Kulambu Beach,Pantai Kulambu,Attraction,tourism=attraction,node,5047129021,6.983161,116.724975,Sabah,12,Kudat,13,,,,,
OSM_node_5047127723,Pulau Kulambu,Kulambu Island,Pulau Kulambu,Attraction,tourism=attraction,node,5047127723,6.988776,116.721699,Sabah,12,Kudat,13,,,,,
OSM_node_12244489942,Pulau Laya-Laya Sea Stack,,Batu Laya-Laya,Attraction,tourism=attraction,node,12244489942,6.699931,116.628914,Sabah,12,Kudat,13,,,,,
OSM_node_6657003485,Rungus Bead Centre,,,Attraction,tourism=attraction,node,6657003485,6.772759,116.703084,Sabah,12,Kudat,13,,,,,
OSM_node_6615501691,Sumangkap Gong Village,,,Attraction,tourism=attraction,node,6615501691,6.750841,116.712636,Sabah,12,Kudat,13,,,,,
OSM_node_5047462823,Tanjung Simpang Mengayau,Simpang Mengayau Cape,Tanjung Simpang Mengayau,Attraction,tourism=attraction,node,5047462823,7.035701,116.743525,Sabah,12,Kudat,13,,,,,
OSM_node_5047127321,To Tanjung Simpang Mengayau,,,Attraction,tourism=attraction,node,5047127321,6.917101,116.755466,Sabah,12,Kudat,13,,,,,
OSM_node_5047127629,Turtle point,Turtle point,,Attraction,tourism=attraction,node,5047127629,7.016869,116.733828,Sabah,12,Kudat,13,,,,,
OSM_node_7662968105,Chalet Nom Kamil,Chalet Nom Kamil,,Beach,natural=beach,node,7662968105,7.017198,116.740086,Sabah,12,Kudat,13,,0183894845,24/7,,
OSM_way_875900261,Pantai Bavang Jamal,Bavang Jamal Beach,Pantai Bavang Jamal,Beach,natural=beach,way,875900261,6.995668,116.728689,Sabah,12,Kudat,13,,,,,
OSM_way_875900262,Pantai Kelambu,Kelambu Beach,Pantai Kelambu,Beach,natural=beach,way,875900262,6.98404,116.72498,Sabah,12,Kudat,13,,,,,
OSM_way_875900264,Pantai Kimihang,Kimihang Beach,Pantai Kimihang,Beach,natural=beach,way,875900264,6.964905,116.722032,Sabah,12,Kudat,13,,,,,
OSM_way_875900263,Pantai Loro Kecil,,,Beach,natural=beach,way,875900263,6.97315,116.726234,Sabah,12,Kudat,13,,,,,
OSM_way_401204131,Unnamed Beach,,,Beach,natural=beach,way,401204131,6.891332,116.684408,Sabah,12,Kudat,13,,,,,
OSM_way_401204174,Unnamed Beach,,,Beach,natural=beach,way,401204174,6.878374,116.670345,Sabah,12,Kudat,13,,,,,
OSM_way_674424705,Unnamed Beach,,,Beach,natural=beach,way,674424705,7.076318,117.029221,Sabah,12,Kudat,13,,,,,
OSM_way_674424706,Unnamed Beach,,,Beach,natural=beach,way,674424706,7.074173,117.026983,Sabah,12,Kudat,13,,,,,
OSM_way_674424707,Unnamed Beach,,,Beach,natural=beach,way,674424707,7.075368,117.025949,Sabah,12,Kudat,13,,,,,
OSM_way_674426627,Unnamed Beach,,,Beach,natural=beach,way,674426627,7.090339,117.039935,Sabah,12,Kudat,13,,,,,
OSM_way_674426628,Unnamed Beach,,,Beach,natural=beach,way,674426628,7.086884,117.039164,Sabah,12,Kudat,13,,,,,
OSM_way_674426629,Unnamed Beach,,,Beach,natural=beach,way,674426629,7.083283,117.043165,Sabah,12,Kudat,13,,,,,
OSM_way_674426630,Unnamed Beach,,,Beach,natural=beach,way,674426630,7.090985,117.053479,Sabah,12,Kudat,13,,,,,
OSM_way_723202279,Unnamed Beach,,,Beach,natural=beach,way,723202279,7.204384,116.845633,Sabah,12,Kudat,13,,,,,
OSM_way_875900259,Unnamed Beach,,,Beach,natural=beach,way,875900259,7.013188,116.731417,Sabah,12,Kudat,13,,,,,
OSM_way_875900260,Unnamed Beach,,,Beach,natural=beach,way,875900260,7.024282,116.741093,Sabah,12,Kudat,13,,,,,
OSM_way_910883380,Unnamed Beach,,,Beach,natural=beach,way,910883380,7.102076,117.051235,Sabah,12,Kudat,13,,,,,
OSM_way_1323248560,Unnamed Beach,,,Beach,natural=beach,way,1323248560,7.048317,116.748895,Sabah,12,Kudat,13,,,,,
OSM_way_1323253078,Unnamed Beach,,,Beach,natural=beach,way,1323253078,7.342285,117.351243,Sabah,12,Kudat,13,,,,,
OSM_way_1323631997,Unnamed Beach,,,Beach,natural=beach,way,1323631997,7.262373,117.302504,Sabah,12,Kudat,13,,,,,
OSM_way_1323690516,Unnamed Beach,,,Beach,natural=beach,way,1323690516,6.935593,117.469603,Sabah,12,Kudat,13,,,,,
OSM_way_1418142434,Unnamed Beach,,,Beach,natural=beach,way,1418142434,6.8431,117.249096,Sabah,12,Kudat,13,,,,,
OSM_way_1418142435,Unnamed Beach,,,Beach,natural=beach,way,1418142435,6.842272,117.249066,Sabah,12,Kudat,13,,,,,
OSM_way_1418142436,Unnamed Beach,,,Beach,natural=beach,way,1418142436,6.841932,117.249103,Sabah,12,Kudat,13,,,,,
OSM_way_1418142437,Unnamed Beach,,,Beach,natural=beach,way,1418142437,6.840674,117.248313,Sabah,12,Kudat,13,,,,,
OSM_way_1418142438,Unnamed Beach,,,Beach,natural=beach,way,1418142438,6.84087,117.246667,Sabah,12,Kudat,13,,,,,
OSM_way_1418142439,Unnamed Beach,,,Beach,natural=beach,way,1418142439,6.841738,117.247565,Sabah,12,Kudat,13,,,,,
OSM_relation_4452640,Unnamed Beach,,,Beach,natural=beach,relation,4452640,7.217161,116.863549,Sabah,12,Kudat,13,,,,,
OSM_relation_7268819,Unnamed Beach,,,Beach,natural=beach,relation,7268819,6.930272,117.406409,Sabah,12,Kudat,13,,,,,
OSM_relation_10011918,Unnamed Beach,,,Beach,natural=beach,relation,10011918,6.971162,117.46329,Sabah,12,Kudat,13,,,,,
OSM_relation_10016128,Unnamed Beach,,,Beach,natural=beach,relation,10016128,7.370394,117.327516,Sabah,12,Kudat,13,,,,,
OSM_relation_10020115,Unnamed Beach,,,Beach,natural=beach,relation,10020115,7.341586,117.048048,Sabah,12,Kudat,13,,,,,
OSM_relation_18140092,Unnamed Beach,,,Beach,natural=beach,relation,18140092,7.33594,117.330109,Sabah,12,Kudat,13,,,,,
OSM_relation_18152792,Unnamed Beach,,,Beach,natural=beach,relation,18152792,7.073731,117.022038,Sabah,12,Kudat,13,,,,,
OSM_relation_18153224,Unnamed Beach,,,Beach,natural=beach,relation,18153224,7.051551,116.745465,Sabah,12,Kudat,13,,,,,
OSM_relation_18159352,Unnamed Beach,,,Beach,natural=beach,relation,18159352,7.090292,117.480148,Sabah,12,Kudat,13,,,,,
OSM_relation_18159846,Unnamed Beach,,,Beach,natural=beach,relation,18159846,7.011431,116.726683,Sabah,12,Kudat,13,,,,,
OSM_node_11951850467,Malaysia Day Memorial Monument,Malaysia Day Memorial Monument,,Historic Site (Monument),historic=monument,node,11951850467,6.880847,116.847463,Sabah,12,Kudat,13,,,,,
OSM_node_11951852580,Muzium Tun Mustapha,Tun Mustapha Museum,Muzium Tun Mustapha,Museum,tourism=museum,node,11951852580,6.886123,116.856072,Sabah,12,Kudat,13,https://museum.sabah.gov.my/exhibition/95,,Mo-Su 09:00-17:00,no,yes
OSM_node_4608889690,Unnamed Museum,,,Museum,tourism=museum,node,4608889690,6.749768,116.711477,Sabah,12,Kudat,13,,,,,
OSM_node_13727312902,Unnamed Viewpoint,,,Viewpoint,tourism=viewpoint,node,13727312902,7.037419,116.741524,Sabah,12,Kudat,13,,,,,
OSM_node_11982818471,Pantai Sarina Beach Recreation Center (Knak NT Adventure Sdn Bhd),,,Beach,natural=beach,node,11982818471,4.660674,118.285006,Sabah,12,Kunak,23,,,,,
OSM_node_11987705416,Tapak Arkeologi (Archaeological Site),,,Historic Site (Archaeological Site),historic=archaeological_site,node,11987705416,4.725961,118.080303,Sabah,12,Kunak,23,,,,,
OSM_node_4746310021,Observation tower,Observation tower,,Attraction,tourism=attraction,node,4746310021,4.960833,117.801432,Sabah,12,Lahad Datu,02,,,,,
OSM_way_721134517,Unnamed Beach,,,Beach,natural=beach,way,721134517,4.991366,118.361343,Sabah,12,Lahad Datu,02,,,,,
OSM_relation_18173558,Unnamed Beach,,,Beach,natural=beach,relation,18173558,4.922999,118.266969,Sabah,12,Lahad Datu,02,,,,,
OSM_node_10296598909,Borneo Rainforest Lodge Viewpoint,,,Viewpoint,tourism=viewpoint,node,10296598909,5.017128,117.743942,Sabah,12,Lahad Datu,02,,,,,
OSM_node_13914618202,Menara Kayangan,,,Viewpoint,tourism=viewpoint,node,13914618202,4.965319,118.174042,Sabah,12,Lahad Datu,02,,,,,
OSM_node_6483210585,Observations tower - self guided,,,Viewpoint,tourism=viewpoint,node,6483210585,4.968803,117.808544,Sabah,12,Lahad Datu,02,,,,,
OSM_node_6483210685,Start of path to observations toer,,,Viewpoint,tourism=viewpoint,node,6483210685,4.969174,117.808526,Sabah,12,Lahad Datu,02,,,,,
OSM_node_12639877711,Unnamed Viewpoint,,,Viewpoint,tourism=viewpoint,node,12639877711,4.964899,118.174544,Sabah,12,Lahad Datu,02,,,,,
OSM_node_12396682997,Lipad,waterfall,,Waterfall,waterway=waterfall,node,12396682997,5.193605,118.51835,Sabah,12,Lahad Datu,02,,,,,
OSM_node_12426235201,Brighton Bay - Firefly Cruise,,,Attraction,tourism=attraction,node,12426235201,5.793387,116.006322,Sabah,12,Papar,12,,,,,
OSM_node_5862509239,Unnamed Beach,,,Beach,natural=beach,node,5862509239,5.763839,115.938356,Sabah,12,Papar,12,,,,,
OSM_way_723337833,Unnamed Beach,,,Beach,natural=beach,way,723337833,5.836014,116.013781,Sabah,12,Papar,12,,,,,
OSM_node_2103857036,Monsopiad Culture Village,,,Attraction,tourism=attraction,node,2103857036,5.888988,116.07945,Sabah,12,Penampang,11,,,Mo-Su 09:00-17:00,,
OSM_node_5098778729,Kipandi Butterfly Park,Kipandi Park,,Museum,tourism=museum,node,5098778729,5.871446,116.250512,Sabah,12,Penampang,11,https://sabahtourism.com/destination/kipandi-butterfly-park/,,,,
OSM_way_240381828,Lingzhi Museum,,,Museum,tourism=museum,way,240381828,5.921254,116.069469,Sabah,12,Penampang,11,,,,,
OSM_way_1272668965,De Borneo Water Park,,,Water Park,leisure=water_park,way,1272668965,5.920128,116.06931,Sabah,12,Penampang,11,,,,,
OSM_way_909897580,Unnamed Beach,,,Beach,natural=beach,way,909897580,6.970253,117.266248,Sabah,12,Pitas,15,,,,,
OSM_way_1418142440,Unnamed Beach,,,Beach,natural=beach,way,1418142440,6.842007,117.247098,Sabah,12,Pitas,15,,,,,
OSM_way_1418142441,Unnamed Beach,,,Beach,natural=beach,way,1418142441,6.84333,117.248327,Sabah,12,Pitas,15,,,,,
OSM_way_1418142442,Unnamed Beach,,,Beach,natural=beach,way,1418142442,6.843341,117.24852,Sabah,12,Pitas,15,,,,,
OSM_relation_18158753,Unnamed Beach,,,Beach,natural=beach,relation,18158753,6.666753,117.295114,Sabah,12,Pitas,15,,,,,
OSM_way_720530364,Unnamed Beach,,,Beach,natural=beach,way,720530364,5.876875,116.048483,Sabah,12,Putatan,25,,,,,
OSM_way_469530302,Taman Peringatan Petagas,Petagas War Memorial Park,Taman Peringatan Petagas,Historic Site (Memorial),historic=memorial,way,469530302,5.921194,116.054448,Sabah,12,Putatan,25,,,,,
OSM_node_1531670855,Lok Kawi Wildlife Park,,,Zoo,tourism=zoo,node,1531670855,5.849415,116.069253,Sabah,12,Putatan,25,,,,,
OSM_way_469530319,Lok Kawi Wildlife Park,,,Zoo,tourism=zoo,way,469530319,5.847471,116.06867,Sabah,12,Putatan,25,,,,,
OSM_node_6528456585,Adenna Rafflesia Conservation,Adenna Rafflesia Garden,,Attraction,tourism=attraction,node,6528456585,6.041764,116.705354,Sabah,12,Ranau,08,,,,,
OSM_node_6579526986,Adenna Rafflesia Garden,,,Attraction,tourism=attraction,node,6579526986,6.033941,116.718232,Sabah,12,Ranau,08,,,,,
OSM_way_1428418725,Alpaca Club,,,Attraction,tourism=attraction,way,1428418725,6.006623,116.587996,Sabah,12,Ranau,08,,,,,
OSM_node_6067535385,Bamboo Walk,,,Attraction,tourism=attraction,node,6067535385,6.044899,116.70281,Sabah,12,Ranau,08,,,,,
OSM_node_13394212537,Bombon Kg. Marakau (Fish Spa),,,Attraction,tourism=attraction,node,13394212537,5.94437,116.692906,Sabah,12,Ranau,08,,,,,
OSM_node_5058274622,Botanical Garden,Botanical Garden,,Attraction,tourism=attraction,node,5058274622,6.010403,116.541747,Sabah,12,Ranau,08,,,,,
OSM_node_2115691246,Butterfly Garden,,,Attraction,tourism=attraction,node,2115691246,6.047369,116.70141,Sabah,12,Ranau,08,,,,,no
OSM_node_916006064,Canopy Walk,,,Attraction,tourism=attraction,node,916006064,6.04817,116.699222,Sabah,12,Ranau,08,,,,,no
OSM_node_7893015023,Desa Dairy Farm,,,Attraction,tourism=attraction,node,7893015023,6.016403,116.591357,Sabah,12,Ranau,08,,,,,
OSM_way_1427468541,Gerai Sayur Kundasang,Kundasang Vegetable Market,,Attraction,tourism=attraction,way,1427468541,5.985811,116.575649,Sabah,12,Ranau,08,,,,,
OSM_node_5061971223,Kokob Rafflesia Conservation Garden,Kokob Rafflesia Conservation Garden,,Attraction,tourism=attraction,node,5061971223,5.975268,116.703845,Sabah,12,Ranau,08,,,,,
OSM_node_5061967431,Kolam Noguros Fishing Center,Kolam Noguros Fishing Center,,Attraction,tourism=attraction,node,5061967431,5.973666,116.695952,Sabah,12,Ranau,08,,,,,
OSM_way_439435628,Kudasang War Memorial,Kudasang War Memorial,,Attraction,tourism=attraction,way,439435628,5.98735,116.576284,Sabah,12,Ranau,08,,,Mo-Su 08:30-17:00,,
OSM_node_11545715226,Lohan Paragliding Advantur,,,Attraction,tourism=attraction,node,11545715226,5.995892,116.679309,Sabah,12,Ranau,08,,+60145530278,,,
OSM_way_1428418690,Mesilou Highland Strawberry Farm & Cafe,,,Attraction,tourism=attraction,way,1428418690,6.017284,116.599167,Sabah,12,Ranau,08,,,,,
OSM_node_5060032923,Nikgold Garden,Nikgold Garden,,Attraction,tourism=attraction,node,5060032923,5.997657,116.549632,Sabah,12,Ranau,08,,,,,
OSM_node_6419069889,Ranau sports complex paragliding,,,Attraction,tourism=attraction,node,6419069889,5.992523,116.685912,Sabah,12,Ranau,08,,,,,
OSM_node_6367558885,Tagal Luanti (Fish spa),,,Attraction,tourism=attraction,node,6367558885,5.946275,116.769312,Sabah,12,Ranau,08,,,,,
OSM_node_4737451023,Unnamed Attraction,,,Attraction,tourism=attraction,node,4737451023,5.994293,116.691588,Sabah,12,Ranau,08,,,,,
OSM_node_6164881486,Vivian's Garden,,,Attraction,tourism=attraction,node,6164881486,6.045847,116.706918,Sabah,12,Ranau,08,,+60198935751,24/7,,
OSM_node_9949223448,Ranau 1st P.O.W. Camp,,,Historic Site,historic=yes,node,9949223448,5.957949,116.674518,Sabah,12,Ranau,08,,,,,
OSM_way_1193450489,Tumpongoh,,,Historic Site,historic=yes,way,1193450489,5.908811,116.640602,Sabah,12,Ranau,08,,,,,
OSM_node_5510544921,Kinabalu Earthquake Monument,Kinabalu Earthquake Monument,,Historic Site (Memorial),historic=memorial,node,5510544921,6.022778,116.542163,Sabah,12,Ranau,08,,,,,
OSM_node_10035532717,Sandakan Death March,,,Historic Site (Memorial),historic=memorial,node,10035532717,5.718182,116.863573,Sabah,12,Ranau,08,,,,,
OSM_node_10035573617,Sandakan Death March,,,Historic Site (Memorial),historic=memorial,node,10035573617,5.947675,116.766683,Sabah,12,Ranau,08,,,,,
OSM_node_5455084577,Tugu Sabah 100 Tahun,,,Historic Site (Monument),historic=monument,node,5455084577,5.953087,116.664259,Sabah,12,Ranau,08,,,,,
OSM_node_12058691797,Unnamed Historic Site (Ruins),,,Historic Site (Ruins),historic=ruins,node,12058691797,6.049066,116.700281,Sabah,12,Ranau,08,,,,,
OSM_node_5793401753,Kampung Nalumad,,,Viewpoint,tourism=viewpoint,node,5793401753,6.101835,116.745517,Sabah,12,Ranau,08,,,,,
OSM_node_4339469491,Kiau Gap View,,,Viewpoint,tourism=viewpoint,node,4339469491,6.022789,116.542157,Sabah,12,Ranau,08,,,,,yes
OSM_node_10212764277,Menara Aki-Aki,Aki-Aki Platform,Menara Aki-Aki,Viewpoint,tourism=viewpoint,node,10212764277,6.007098,116.565006,Sabah,12,Ranau,08,,,,,
OSM_node_777468587,Orang-Utan Viewpoint,Orang-Utan Viewpoint,,Viewpoint,tourism=viewpoint,node,777468587,6.036493,116.550363,Sabah,12,Ranau,08,,,,,no
OSM_node_10803259307,Unnamed Viewpoint,,,Viewpoint,tourism=viewpoint,node,10803259307,6.028787,116.546708,Sabah,12,Ranau,08,,,,,
OSM_node_10866668205,Unnamed Viewpoint,,,Viewpoint,tourism=viewpoint,node,10866668205,5.997895,116.593516,Sabah,12,Ranau,08,,,,,
OSM_node_13132501872,Unnamed Viewpoint,,,Viewpoint,tourism=viewpoint,node,13132501872,5.994964,116.594451,Sabah,12,Ranau,08,,,,,
OSM_node_10212126206,Carson Falls,Carson Falls,,Waterfall,waterway=waterfall,node,10212126206,6.031083,116.547138,Sabah,12,Ranau,08,,,,,
OSM_node_916006204,Kipungit Waterfall,,,Waterfall,waterway=waterfall,node,916006204,6.051567,116.700984,Sabah,12,Ranau,08,,,,,
OSM_node_3336340738,Langanan Waterfall,,,Waterfall,waterway=waterfall,node,3336340738,6.063651,116.685885,Sabah,12,Ranau,08,,,,,
OSM_way_989253700,Aquagoat Seaturtle Hatchery,,,Attraction,tourism=attraction,way,989253700,6.118844,118.031448,Sabah,12,Sandakan,04,,,,,
OSM_node_6894639463,Batu Sapi Heritage Park,Batu Sapi Heritage Park,,Attraction,tourism=attraction,node,6894639463,5.799916,118.041264,Sabah,12,Sandakan,04,,,Sa-Su 09:00-15:00,,yes
OSM_node_2919735285,Bornean Sun Bear Conservation Centre,,,Attraction,tourism=attraction,node,2919735285,5.864994,117.949585,Sabah,12,Sandakan,04,,,Mo-Su 09:00-15:30,,
OSM_node_1621504886,Gomantong Caves,,,Attraction,tourism=attraction,node,1621504886,5.529887,118.074772,Sabah,12,Sandakan,04,,,,,
OSM_node_9917558164,I Love Sandakan,,,Attraction,tourism=attraction,node,9917558164,5.838441,118.119324,Sabah,12,Sandakan,04,,,,,
OSM_node_5073194524,Jeti Ke Taman Pulau Penyu,Jetty To Turtle Islands Park,Jeti Ke Taman Pulau Penyu,Attraction,tourism=attraction,node,5073194524,5.842348,118.125872,Sabah,12,Sandakan,04,,,,,
OSM_node_10292454004,Kabili Monster,,,Attraction,tourism=attraction,node,10292454004,5.875531,117.939657,Sabah,12,Sandakan,04,,,,,
OSM_node_5068571333,Kabili Trail Start Point,Kabili Trail Start Point,,Attraction,tourism=attraction,node,5068571333,5.870211,117.937156,Sabah,12,Sandakan,04,,,,,
OSM_node_9990704520,Labuk Bay Proboscis Monkey Sanctuary Platform A,,,Attraction,tourism=attraction,node,9990704520,5.935511,117.809461,Sabah,12,Sandakan,04,,,,,
OSM_node_9990693696,Labuk Bay Proboscis Monkey Sanctuary Platform B,,,Attraction,tourism=attraction,node,9990693696,5.935945,117.798184,Sabah,12,Sandakan,04,,,,,
OSM_node_9918686267,Laluan Kreatif,,,Attraction,tourism=attraction,node,9918686267,5.839046,118.118976,Sabah,12,Sandakan,04,,,,,
OSM_node_1621504784,Rainforest Discovery Centre,,,Attraction,tourism=attraction,node,1621504784,5.876451,117.944527,Sabah,12,Sandakan,04,,,Mo-Su 09:00-17:00,,
OSM_node_1811016383,Sandakan Crocodile Farm,,,Attraction,tourism=attraction,node,1811016383,5.884098,118.04011,Sabah,12,Sandakan,04,,,,,
OSM_node_4751861021,Sepilok Gaint,Sepilok Gaint,,Attraction,tourism=attraction,node,4751861021,5.872483,117.94002,Sabah,12,Sandakan,04,,,,,
OSM_node_915919710,Sepilok Orangutan Rehabilitation Centre,,,Attraction,tourism=attraction,node,915919710,5.864972,117.948781,Sabah,12,Sandakan,04,,,09:00-12:00; 14:00-16:00,,
OSM_node_6723482885,Taman Arnab Sandakan at The Rainbow House,,,Attraction,tourism=attraction,node,6723482885,5.836239,118.058526,Sabah,12,Sandakan,04,,,,,
OSM_node_5450755621,Unnamed Attraction,,,Attraction,tourism=attraction,node,5450755621,5.8836,118.03448,Sabah,12,Sandakan,04,,,,,
OSM_way_718499527,Unnamed Beach,,,Beach,natural=beach,way,718499527,6.174288,118.060482,Sabah,12,Sandakan,04,,,,,
OSM_way_718500147,Unnamed Beach,,,Beach,natural=beach,way,718500147,6.16522,118.110409,Sabah,12,Sandakan,04,,,,,
OSM_way_718500148,Unnamed Beach,,,Beach,natural=beach,way,718500148,6.16689,118.110088,Sabah,12,Sandakan,04,,,,,
OSM_relation_9473713,Unnamed Beach,,,Beach,natural=beach,relation,9473713,5.874257,118.144794,Sabah,12,Sandakan,04,,,,,
OSM_relation_14432214,Sandakan Heritage Trail,,Jejak Warisan Sandakan,Historic Site,historic=yes,relation,14432214,5.841719,118.11418,Sabah,12,Sandakan,04,https://www.facebook.com/sandakanheritage2003/,,,,
OSM_node_9927431262,World War II Prisoner of War Camp,,,Historic Site,historic=yes,node,9927431262,5.888885,118.04821,Sabah,12,Sandakan,04,,,,,
OSM_node_2122311803,Sandakan Massacre Memorial,Sandakan Massacre Memorial,Tugu Peringatan Pembunuhan Beramai-ramai Sandakan,Historic Site (Memorial),historic=memorial,node,2122311803,5.842695,118.121223,Sabah,12,Sandakan,04,,,,,
OSM_node_4636850859,Sandakan Memorial,,Tapak Peringatan Sandakan,Historic Site (Memorial),historic=memorial,node,4636850859,5.88927,118.047584,Sabah,12,Sandakan,04,,,,,
OSM_node_9914374033,Second World War Memorial,,,Historic Site (Memorial),historic=memorial,node,9914374033,5.840494,118.116478,Sabah,12,Sandakan,04,,,,,
OSM_node_9914374029,William Pryer Monument,,Tugu Peringatan William Pryer,Historic Site (Memorial),historic=memorial,node,9914374029,5.840549,118.116299,Sabah,12,Sandakan,04,,,,,
OSM_node_9992903145,Boy Scouts Centenary,,,Historic Site (Monument),historic=monument,node,9992903145,5.84058,118.112609,Sabah,12,Sandakan,04,,,,,
OSM_node_9914374030,Chartered Company Monument,,Tugu Syarikat Berkanun,Historic Site (Monument),historic=monument,node,9914374030,5.840571,118.116125,Sabah,12,Sandakan,04,,,,,
OSM_node_4867273821,Crocodile Point,Crocodile Point,,Historic Site (Monument),historic=monument,node,4867273821,5.880567,118.047126,Sabah,12,Sandakan,04,,,,,
OSM_node_9914971664,Monumen Sabah Seratus Tahun,,,Historic Site (Monument),historic=monument,node,9914971664,5.840142,118.114255,Sabah,12,Sandakan,04,,,,,
OSM_node_9914374031,Sandakan Liberation Monument,,,Historic Site (Monument),historic=monument,node,9914374031,5.840552,118.116253,Sabah,12,Sandakan,04,,,,,
OSM_node_9914374032,Sandakan War Monument,,Tugu Peringatan Perang Sandakan,Historic Site (Monument),historic=monument,node,9914374032,5.840825,118.116123,Sabah,12,Sandakan,04,,,,,
OSM_node_9935735303,Remains of Old Staircase,Remains of Old Staircase,,Historic Site (Ruins),historic=ruins,node,9935735303,5.844285,118.110332,Sabah,12,Sandakan,04,,,,,
OSM_node_9966009989,Unnamed Historic Site (Wayside Shrine),,,Historic Site (Wayside Shrine),historic=wayside_shrine,node,9966009989,5.859963,118.125016,Sabah,12,Sandakan,04,,,,,
OSM_way_1083263311,Commemorative Pavilion,,Balai Pameran Peringatan,Museum,tourism=museum,way,1083263311,5.888595,118.047167,Sabah,12,Sandakan,04,,,,,
OSM_node_4751860822,Drongo House,Drongo House,,Museum,tourism=museum,node,4751860822,5.871083,117.943339,Sabah,12,Sandakan,04,,,,,
OSM_node_4751861023,Lakeside Pavilion,Lakeside Pavilion,,Museum,tourism=museum,node,4751861023,5.876028,117.944377,Sabah,12,Sandakan,04,,,,,
OSM_way_1082264685,Rumah Agnes Keith,Agnes Keith House,Rumah Agnes Keith,Museum,tourism=museum,way,1082264685,5.843051,118.115545,Sabah,12,Sandakan,04,https://museum.sabah.gov.my/exhibition/72,+6089-221140,Su-Sa 9:00-17:00,yes,
OSM_node_4750790321,Bristlehead Tower,Bristlehead Tower,,Viewpoint,tourism=viewpoint,node,4750790321,5.874429,117.943248,Sabah,12,Sandakan,04,,,,,
OSM_node_4751860722,Broadbill Tower,Broadbill Tower,,Viewpoint,tourism=viewpoint,node,4751860722,5.870737,117.943343,Sabah,12,Sandakan,04,,,,,
OSM_node_4750263325,Entrance to Canopy Walkway,Entrance to Canopy Walkway,,Viewpoint,tourism=viewpoint,node,4750263325,5.875248,117.943484,Sabah,12,Sandakan,04,,,,,
OSM_node_4750281521,Hornbill Tower,Hornbill Tower,,Viewpoint,tourism=viewpoint,node,4750281521,5.87212,117.94326,Sabah,12,Sandakan,04,,,,,
OSM_node_4045929376,Observation Platform,,,Viewpoint,tourism=viewpoint,node,4045929376,5.863257,117.950193,Sabah,12,Sandakan,04,,,,,
OSM_node_2122311802,Rotary Observation Pavilion,,,Viewpoint,tourism=viewpoint,node,2122311802,5.841888,118.116427,Sabah,12,Sandakan,04,,,,,
OSM_node_4750279922,Sunbird Shed,Sunbird Shed,,Viewpoint,tourism=viewpoint,node,4750279922,5.874886,117.943105,Sabah,12,Sandakan,04,,,,,
OSM_node_4750272323,Trogon Tower,Trogon Tower,,Viewpoint,tourism=viewpoint,node,4750272323,5.873597,117.942521,Sabah,12,Sandakan,04,,,,,
OSM_node_2919735705,Viewing Platform,,,Viewpoint,tourism=viewpoint,node,2919735705,5.864065,117.94704,Sabah,12,Sandakan,04,,,,,
OSM_node_11538609503,gua cave platform,,,Viewpoint,tourism=viewpoint,node,11538609503,5.529398,118.071324,Sabah,12,Sandakan,04,,,,,
OSM_node_5695042949,Kabili Falls,Kabili Falls,,Waterfall,waterway=waterfall,node,5695042949,5.862965,117.931085,Sabah,12,Sandakan,04,,,,,
OSM_node_1809533517,Labuk Bay Proboscis Monkey Sanctuary,,,Zoo,tourism=zoo,node,1809533517,5.935243,117.798245,Sabah,12,Sandakan,04,,+60 89-672 133,Mo-Su 08:30-17:30,yes,
OSM_node_6567585485,Bukit Tengkorak Archeological Site,,,Attraction,tourism=attraction,node,6567585485,4.439976,118.622201,Sabah,12,Semporna,03,https://museum.sabah.gov.my/exhibition/73,,Mo-Su 09:00-17:00,,
OSM_node_11950353925,Jeti Pelancong Semporna,,,Attraction,tourism=attraction,node,11950353925,4.483859,118.607443,Sabah,12,Semporna,03,,,,,
OSM_node_12786126801,Night Market Terowong,,,Attraction,tourism=attraction,node,12786126801,4.476077,118.607319,Sabah,12,Semporna,03,,,,,
OSM_node_7762898385,Parapat Hill,Parapat Hill,Bukit Parapat,Attraction,tourism=attraction,node,7762898385,4.3901,118.577507,Sabah,12,Semporna,03,,,Mo-Su 05:30-18:00,,
OSM_way_399276557,Taman Pulau Sipadan,Sipadan Island Park,Taman Pulau Sipadan,Attraction,tourism=attraction,way,399276557,4.113006,118.630584,Sabah,12,Semporna,03,https://www.sabahparks.org.my/index.php/the-parks/sipadan-island-park,,,,
OSM_node_4576602692,Tun Sakaran Marine Park,Tun Sakaran Marine Park,,Attraction,tourism=attraction,node,4576602692,4.581145,118.701873,Sabah,12,Semporna,03,,,,,
OSM_node_12875546394,Mabul paradise Beach,,,Beach,natural=beach,node,12875546394,4.243009,118.631605,Sabah,12,Semporna,03,,,,,
OSM_way_720781430,Unnamed Beach,,,Beach,natural=beach,way,720781430,4.386634,118.656598,Sabah,12,Semporna,03,,,,,
OSM_way_720863366,Unnamed Beach,,,Beach,natural=beach,way,720863366,4.761542,118.477382,Sabah,12,Semporna,03,,,,,
OSM_way_888687561,Unnamed Beach,,,Beach,natural=beach,way,888687561,4.442891,118.738555,Sabah,12,Semporna,03,,,,,
OSM_relation_5997894,Unnamed Beach,,,Beach,natural=beach,relation,5997894,4.114792,118.628926,Sabah,12,Semporna,03,,,,,
OSM_relation_7103139,Unnamed Beach,,,Beach,natural=beach,relation,7103139,4.245797,118.63079,Sabah,12,Semporna,03,,,,,
OSM_relation_8486674,Unnamed Beach,,,Beach,natural=beach,relation,8486674,4.47147,118.936246,Sabah,12,Semporna,03,,,,,
OSM_relation_9994443,Unnamed Beach,,,Beach,natural=beach,relation,9994443,4.635146,118.793132,Sabah,12,Semporna,03,,,,,
OSM_node_11950354155,Unnamed Historic Site (Fort),,,Historic Site (Fort),historic=fort,node,11950354155,4.478964,118.612591,Sabah,12,Semporna,03,,,,,
OSM_way_1288724423,Galeri Warisan Semporna,,,Museum,tourism=museum,way,1288724423,4.478624,118.611253,Sabah,12,Semporna,03,,,,,
OSM_node_11950354035,Muzium Tun Sakaran,,,Museum,tourism=museum,node,11950354035,4.475862,118.603644,Sabah,12,Semporna,03,https://sabahtourism.com/destination/tun-sakaran-museum/,,,,
OSM_node_5515894834,Photogenic House,Photogenic House,,Viewpoint,tourism=viewpoint,node,5515894834,4.34004,118.562844,Sabah,12,Semporna,03,,,,,
OSM_node_12786127201,Unnamed Water Park,,,Water Park,leisure=water_park,node,12786127201,4.475874,118.607376,Sabah,12,Semporna,03,,,,,
OSM_node_5104431184,To Mahua Waterfall,To Mahua Waterfall,,Attraction,tourism=attraction,node,5104431184,5.760962,116.443266,Sabah,12,Tambunan,22,,,,,
OSM_node_9939455792,Tugu Pahlawan Tambunan,,,Historic Site (Monument),historic=monument,node,9939455792,5.670626,116.364659,Sabah,12,Tambunan,22,,,,,
OSM_node_9937154951,Tugu Peringatan Jambori Malaysia Ke-8 Tambunan Sabah,,,Historic Site (Monument),historic=monument,node,9937154951,5.669425,116.365885,Sabah,12,Tambunan,22,,,,,
OSM_node_11946865176,Tugu Peringatan Mat Salleh,Mat Salleh Memorial Monument,,Historic Site (Monument),historic=monument,node,11946865176,5.715078,116.396212,Sabah,12,Tambunan,22,,,,,
OSM_way_1089386405,Unnamed Historic Site (Monument),,,Historic Site (Monument),historic=monument,way,1089386405,5.670611,116.364636,Sabah,12,Tambunan,22,,,,,
OSM_way_1089386406,Unnamed Historic Site (Monument),,,Historic Site (Monument),historic=monument,way,1089386406,5.670537,116.36471,Sabah,12,Tambunan,22,,,,,
OSM_node_4450138696,Mount Trus Madi,Mount Trus Madi,,Viewpoint,tourism=viewpoint,node,4450138696,5.55,116.516667,Sabah,12,Tambunan,22,,,,,
OSM_node_5599041322,Rafflesia Information Centre,Rafflesia Information Centre,,Viewpoint,tourism=viewpoint,node,5599041322,5.777362,116.343439,Sabah,12,Tambunan,22,,,,,
OSM_node_6732309943,Sinurambi Tower,,,Viewpoint,tourism=viewpoint,node,6732309943,5.650771,116.372207,Sabah,12,Tambunan,22,,,,,
OSM_node_11481844995,view to tambuan valley,,,Viewpoint,tourism=viewpoint,node,11481844995,5.81361,116.342722,Sabah,12,Tambunan,22,,,,,
OSM_node_4225364103,Brumas Camp,,,Attraction,tourism=attraction,node,4225364103,4.63728,117.743228,Sabah,12,Tawau,01,https://www.softwoods.com.my/,089-771333,24/7,,
OSM_node_8457335685,Rumah Api Lama Batu Tinagat,,Rumah Api Lama Batu Tinagat,Attraction,tourism=attraction,node,8457335685,4.225795,117.9808,Sabah,12,Tawau,01,https://sabahruraltourism.com/tawau-division/tawau/rumah-api-lama-batu-tinagat/,,,,
OSM_node_4103941690,Tawau Hills Park,,,Attraction,tourism=attraction,node,4103941690,4.398006,117.888259,Sabah,12,Tawau,01,https://www.sabahparks.org.my/index.php/the-parks/tawau-hills-park,,Mo-Su 07:00-17:00,,
OSM_node_11865259040,Tawau Hot Spring,,,Attraction,tourism=attraction,node,11865259040,4.299163,117.906157,Sabah,12,Tawau,01,,,,,
OSM_node_11865259015,Tawau Sankina Hot Sping Park,,,Attraction,tourism=attraction,node,11865259015,4.302941,117.906746,Sabah,12,Tawau,01,,,,,
OSM_node_11838221162,Konfrontasi Memorial,,,Historic Site (Memorial),historic=memorial,node,11838221162,4.246287,117.880344,Sabah,12,Tawau,01,,,,,
OSM_node_11846341413,Public Service Memorial,,,Historic Site (Memorial),historic=memorial,node,11846341413,4.24507,117.881607,Sabah,12,Tawau,01,,,,,
OSM_node_11959751927,Tugu Peringatan Perang Jepun Tawau,Tawau Japanese War Memorial,Tugu Peringatan Perang Jepun Tawau,Historic Site (Memorial),historic=memorial,node,11959751927,4.266927,117.878034,Sabah,12,Tawau,01,,,,,
OSM_node_9923931417,Noor’s tree,,,Historic Site (Monument),historic=monument,node,9923931417,4.663579,117.775117,Sabah,12,Tawau,01,,,,,
OSM_node_11846341412,Tawau Bell Tower,,,Historic Site (Monument),historic=monument,node,11846341412,4.245043,117.881646,Sabah,12,Tawau,01,,,,,
OSM_node_11930689952,Tugu PKMT,,,Historic Site (Monument),historic=monument,node,11930689952,4.244628,117.892602,Sabah,12,Tawau,01,,,,,
OSM_node_11846341414,Twin Town Memorial Tawau,,,Historic Site (Monument),historic=monument,node,11846341414,4.244667,117.890881,Sabah,12,Tawau,01,,,,,
OSM_node_11848096856,Unnamed Historic Site (Monument),,,Historic Site (Monument),historic=monument,node,11848096856,4.240975,117.885796,Sabah,12,Tawau,01,,,,,
OSM_node_11957789925,Old Tawau Airport,,Lapangan Terbang Lama Tawau,Historic Site (Ruins),historic=ruins,node,11957789925,4.262993,117.885018,Sabah,12,Tawau,01,,,,,
OSM_node_11840211401,Muzium Tawau,,,Museum,tourism=museum,node,11840211401,4.255584,117.884075,Sabah,12,Tawau,01,,,,,
OSM_node_13677020946,Bukit Gelas,,,Waterfall,waterway=waterfall,node,13677020946,4.415488,117.890388,Sabah,12,Tawau,01,,,,,
OSM_node_369491614,Kg. Nangoh,Kg. Nangoh,,Attraction,tourism=attraction,node,369491614,5.948351,117.31813,Sabah,12,Telupid,26,,,,,
OSM_node_5428391831,Riverbugs Camp,Riverbugs Camp,,Attraction,tourism=attraction,node,5428391831,5.209625,115.880469,Sabah,12,Tenom,19,,,,,
OSM_way_1188727059,Taman Pertanian Sabah,Sabah Agriculture Park,Taman Pertanian Sabah,Attraction,tourism=attraction,way,1188727059,5.173924,115.985074,Sabah,12,Tenom,19,,+60 87 737 558,"Tu-Su 09:00-17:30, Mo off",yes,
OSM_way_1086912001,Muzium Antanom,Antanom Museum,Muzium Antanom,Museum,tourism=museum,way,1086912001,5.122015,115.942701,Sabah,12,Tenom,19,,,,,
OSM_node_13723624831,Unnamed Waterfall,,,Waterfall,waterway=waterfall,node,13723624831,4.708189,115.974909,Sabah,12,Tenom,19,,,,,
OSM_node_5085287323,Imbak Canyon Conservation Area,Imbak Canyon Conservation Area,,Attraction,tourism=attraction,node,5085287323,5.049503,117.116247,Sabah,12,Tongod,24,,,,,
OSM_node_5978897464,Unnamed Waterfall,,,Waterfall,waterway=waterfall,node,5978897464,5.106083,117.030309,Sabah,12,Tongod,24,,,,,
OSM_node_6743893614,Unnamed Waterfall,,,Waterfall,waterway=waterfall,node,6743893614,5.495533,117.09381,Sabah,12,Tongod,24,,,,,
OSM_node_7780818185,Lorong Jalan Kupang Kg Berungis Tuaran,,,Attraction,tourism=attraction,node,7780818185,6.145132,116.212161,Sabah,12,Tuaran,10,,,,,
OSM_way_1500328726,Pusat Kebudayaan Persatuan Rumpun Bajau Sama Sabah,Sabah Bajau Sama Cultural Centre,Pusat Kebudayaan Persatuan Rumpun Bajau Sama Sabah,Attraction,tourism=attraction,way,1500328726,6.165993,116.186409,Sabah,12,Tuaran,10,,,,,
OSM_node_6522457285,Start of Bukit Pureha Hiking Trail,,,Attraction,tourism=attraction,node,6522457285,6.131452,116.274031,Sabah,12,Tuaran,10,,,,,
OSM_node_5352433021,Tamparuli Suspension Bridge,Tamparuli Suspension Bridge,,Attraction,tourism=attraction,node,5352433021,6.134918,116.268059,Sabah,12,Tuaran,10,,,,,
OSM_way_1500796918,Tuaran Ling San Temple,Tuaran Ling San Temple,,Attraction,tourism=attraction,way,1500796918,6.174562,116.234039,Sabah,12,Tuaran,10,,,,,
OSM_node_2105153639,Upside Down House,,,Attraction,tourism=attraction,node,2105153639,6.144436,116.254134,Sabah,12,Tuaran,10,,,Mo-Su 08:00-20:00,,
OSM_node_5864917286,kiulu river,,,Attraction,tourism=attraction,node,5864917286,6.093744,116.288765,Sabah,12,Tuaran,10,,,,,
OSM_node_6157715728,Roundbout Kuda,,,Historic Site (Monument),historic=monument,node,6157715728,6.174147,116.198479,Sabah,12,Tuaran,10,,,,,
OSM_node_5038194123,Bukit Kusai Trailhead,Bukit Kusai Trailhead,,Viewpoint,tourism=viewpoint,node,5038194123,6.146884,116.263374,Sabah,12,Tuaran,10,,,,,
OSM_node_11184972637,Mount Kinabalu View,Mount Kinabalu View,,Viewpoint,tourism=viewpoint,node,11184972637,6.109196,116.408747,Sabah,12,Tuaran,10,,,,,
OSM_node_11505499542,full coast view kota kinabalu to beaufort,,,Viewpoint,tourism=viewpoint,node,11505499542,5.955935,116.243516,Sabah,12,Tuaran,10,,,,,
OSM_node_11505966945,kungkurad,,,Viewpoint,tourism=viewpoint,node,11505966945,5.955927,116.243598,Sabah,12,Tuaran,10,,,,,
OSM_node_11505388077,view to kota kinabalu over kokol ridge,,,Viewpoint,tourism=viewpoint,node,11505388077,5.962975,116.24731,Sabah,12,Tuaran,10,,,,,
OSM_node_10292305509,Murug-Turug,Murug-Turug,Murug-Turug,Waterfall,waterway=waterfall,node,10292305509,6.129583,116.3452,Sabah,12,Tuaran,10,,,,,
OSM_node_5646996121,Pasar Malam Siniawan,Siniawan Night Market,Pasar Malam Siniawan,Attraction,tourism=attraction,node,5646996121,1.446423,110.218976,Sarawak,13,Bau,02,,,,,
OSM_way_1104443117,Taman Batu Paku,Paku Rock Maze Garden,Taman Batu Paku,Attraction,tourism=attraction,way,1104443117,1.426403,110.192127,Sarawak,13,Bau,02,,,,,
OSM_way_268511372,Tasik Biru,Blue Lake,,Attraction,tourism=attraction,way,268511372,1.412387,110.151647,Sarawak,13,Bau,02,,,,,
OSM_node_13382546003,棺材洞,,,Attraction,tourism=attraction,node,13382546003,1.424268,110.189945,Sarawak,13,Bau,02,,,,,
OSM_node_13394373012,刘公善邦神位,,,Historic Site (Memorial),historic=memorial,node,13394373012,1.449016,110.206852,Sarawak,13,Bau,02,,,,,
OSM_node_13926169203,BUNG TARGET,,,Viewpoint,tourism=viewpoint,node,13926169203,1.358002,110.13489,Sarawak,13,Bau,02,,,,,
OSM_node_5169251503,Gunung Singai,,,Viewpoint,tourism=viewpoint,node,5169251503,1.504581,110.164576,Sarawak,13,Bau,02,,,,,
OSM_node_13301247840,Bronang Falls,,,Waterfall,waterway=waterfall,node,13301247840,1.555576,110.170898,Sarawak,13,Bau,02,,,,,
OSM_node_4512973990,Singai Mountain trailhead and waterfall,Singai Mountain trailhead and waterfall,,Waterfall,waterway=waterfall,node,4512973990,1.504505,110.17814,Sarawak,13,Bau,02,,,,,
OSM_node_5152873333,Boat crossing,,,Attraction,tourism=attraction,node,5152873333,2.722496,113.790699,Sarawak,13,Belaga,23,,,,,
OSM_node_5152873332,Long house - Rumah Panjang Aging Long Da'ah,,,Attraction,tourism=attraction,node,5152873332,2.722314,113.791235,Sarawak,13,Belaga,23,,,,,
OSM_node_5152860030,Long house - Rumah Panjang Kejaman Neh Long Liten,,,Attraction,tourism=attraction,node,5152860030,2.741513,113.837073,Sarawak,13,Belaga,23,,,,,
OSM_node_5152860029,Long house - Rumah Panjang Uma Aging,,,Attraction,tourism=attraction,node,5152860029,2.721406,113.788938,Sarawak,13,Belaga,23,,,,,
OSM_node_5152860126,Rumah Kerehatan Kerajaan,Government Rest House,Rumah Kerehatan Kerajaan,Attraction,tourism=attraction,node,5152860126,2.706324,113.778266,Sarawak,13,Belaga,23,,,,,
OSM_way_1291989490,Belaga Landmark,,,Historic Site (Monument),historic=monument,way,1291989490,2.706205,113.785092,Sarawak,13,Belaga,23,,,,,
OSM_node_4223371232,Air Terjun Ngamba Mbu'u,Ngamba Mbu'u Waterfall,,Waterfall,waterway=waterfall,node,4223371232,2.725446,113.769183,Sarawak,13,Belaga,23,,,,,
OSM_node_4967154724,Spakau Stone Quarry,Spakau Stone Quarry,,Waterfall,waterway=waterfall,node,4967154724,2.973092,113.897301,Sarawak,13,Belaga,23,,,,,
OSM_node_4833961516,Bekenu Mud Volcano,,,Attraction,tourism=attraction,node,4833961516,4.082031,113.975423,Sarawak,13,Beluru,34,,,,,
OSM_way_491255189,Bekenu Mud Volcano,,,Attraction,tourism=attraction,way,491255189,4.081998,113.97542,Sarawak,13,Beluru,34,,,,,
OSM_node_4393348389,Lambir Hills National Park,,,Attraction,tourism=attraction,node,4393348389,4.198499,114.042947,Sarawak,13,Beluru,34,,,Mo-Su 08:00-16:00,,
OSM_node_10803259505,Oil well,,,Historic Site (Memorial),historic=memorial,node,10803259505,4.199059,114.030739,Sarawak,13,Beluru,34,,,,,
OSM_node_6704074085,Unnamed Historic Site (Memorial),,,Historic Site (Memorial),historic=memorial,node,6704074085,3.273375,114.567612,Sarawak,13,Beluru,34,,,,,
OSM_way_1240784363,Unnamed Historic Site (Monument),,,Historic Site (Monument),historic=monument,way,1240784363,4.189701,114.037931,Sarawak,13,Beluru,34,,,,,
OSM_node_11528280119,Unnamed Historic Site (Wayside Shrine),,,Historic Site (Wayside Shrine),historic=wayside_shrine,node,11528280119,4.188807,114.038186,Sarawak,13,Beluru,34,,,,,
OSM_node_11528280120,Unnamed Historic Site (Wayside Shrine),,,Historic Site (Wayside Shrine),historic=wayside_shrine,node,11528280120,4.188819,114.037711,Sarawak,13,Beluru,34,,,,,
OSM_way_1240784361,Unnamed Historic Site (Wayside Shrine),,,Historic Site (Wayside Shrine),historic=wayside_shrine,way,1240784361,4.189454,114.037781,Sarawak,13,Beluru,34,,,,,
OSM_node_6620325701,Bukit Limau,,,Viewpoint,tourism=viewpoint,node,6620325701,3.698478,114.226854,Sarawak,13,Beluru,34,,,,,
OSM_node_10803259506,Junction to Oil Well,,,Viewpoint,tourism=viewpoint,node,10803259506,4.201641,114.025505,Sarawak,13,Beluru,34,,,,,
OSM_node_5490277124,Path continues North,,,Viewpoint,tourism=viewpoint,node,5490277124,4.203509,114.030464,Sarawak,13,Beluru,34,,,,,
OSM_node_5490277127,junction,,,Viewpoint,tourism=viewpoint,node,5490277127,4.202717,114.043659,Sarawak,13,Beluru,34,,,,,
OSM_node_5490305724,junction,,,Viewpoint,tourism=viewpoint,node,5490305724,4.202597,114.029587,Sarawak,13,Beluru,34,,,,,
OSM_node_5490305725,junction to Nibong Waterfall,,,Viewpoint,tourism=viewpoint,node,5490305725,4.203921,114.034533,Sarawak,13,Beluru,34,,,,,
OSM_node_5490277125,main junction,,,Viewpoint,tourism=viewpoint,node,5490277125,4.202427,114.030783,Sarawak,13,Beluru,34,,,,,
OSM_node_5490277126,tree lookout,,,Viewpoint,tourism=viewpoint,node,5490277126,4.202144,114.042885,Sarawak,13,Beluru,34,,,,,
OSM_node_4525864189,Dinding,Dinding,,Waterfall,waterway=waterfall,node,4525864189,4.198831,114.007883,Sarawak,13,Beluru,34,,,,,
OSM_node_5132733235,Latak Waterfall,,,Waterfall,waterway=waterfall,node,5132733235,4.204148,114.042559,Sarawak,13,Beluru,34,,,,,
OSM_node_4525501694,Nibong,Nibong,,Waterfall,waterway=waterfall,node,4525501694,4.204185,114.03381,Sarawak,13,Beluru,34,,,,,
OSM_node_4525864090,Pancur,Pancur,,Waterfall,waterway=waterfall,node,4525864090,4.187463,114.012926,Sarawak,13,Beluru,34,,,,,
OSM_node_4525889589,Pantu,Pantu,,Waterfall,waterway=waterfall,node,4525889589,4.202492,114.028615,Sarawak,13,Beluru,34,,,,,
OSM_node_4525864089,Tengkorong,Tengkorong,,Waterfall,waterway=waterfall,node,4525864089,4.192617,114.011439,Sarawak,13,Beluru,34,,,,,
OSM_node_5132733234,Waterfall 1,,,Waterfall,waterway=waterfall,node,5132733234,4.201899,114.044919,Sarawak,13,Beluru,34,,,,,
OSM_node_5132739130,Waterfall 2,,,Waterfall,waterway=waterfall,node,5132739130,4.20312,114.043329,Sarawak,13,Beluru,34,,,,,
OSM_node_5198269521,Batu Cape Beach,Batu Cape Beach,Pantai Tanjong Batu,Attraction,tourism=attraction,node,5198269521,3.209828,113.046264,Sarawak,13,Bintulu,19,,,,,
OSM_node_6841122785,Beach Access Point,Beach Access Point,,Attraction,tourism=attraction,node,6841122785,3.363195,113.15964,Sarawak,13,Bintulu,19,,,,,
OSM_node_4316728089,Jeti Perahu Pantai ABF,ABF Beach Perahu Jetty,Jeti Perahu Pantai ABF,Attraction,tourism=attraction,node,4316728089,3.227146,113.062714,Sarawak,13,Bintulu,19,,,,,
OSM_way_553046544,Monument Council of State,,,Attraction,tourism=attraction,way,553046544,3.173239,113.038857,Sarawak,13,Bintulu,19,,,,,
OSM_way_422583461,Pasar Malam Bintulu,Bintulu Night Market,,Attraction,tourism=attraction,way,422583461,3.171202,113.044294,Sarawak,13,Bintulu,19,,,,,
OSM_node_5331255883,Sculpture,,,Attraction,tourism=attraction,node,5331255883,3.182156,113.040457,Sarawak,13,Bintulu,19,,,,,
OSM_node_4223306312,Unnamed Attraction,,,Attraction,tourism=attraction,node,4223306312,3.182431,113.040242,Sarawak,13,Bintulu,19,,,,,
OSM_way_421464173,Golden Beach,Golden Beach,,Beach,natural=beach,way,421464173,3.42443,113.204519,Sarawak,13,Bintulu,19,,,,,
OSM_node_7839619088,Pantai Mardhiah,Mardhiah Beach,Pantai Mardhiah,Beach,natural=beach,node,7839619088,3.157047,113.002464,Sarawak,13,Bintulu,19,,,,,
OSM_way_554855856,Pantai Tanjong Batu,Batu Cape Beach,Pantai Tanjong Batu,Beach,natural=beach,way,554855856,3.210898,113.0467,Sarawak,13,Bintulu,19,,,,,
OSM_way_421464188,Turtle Beach 1,Turtle Beach 1,,Beach,natural=beach,way,421464188,3.395704,113.174493,Sarawak,13,Bintulu,19,,,,,
OSM_way_421464192,Turtle Beach 2,Turtle Beach 2,,Beach,natural=beach,way,421464192,3.400696,113.17862,Sarawak,13,Bintulu,19,,,,,
OSM_way_421459776,Unnamed Beach,,,Beach,natural=beach,way,421459776,3.332584,113.137277,Sarawak,13,Bintulu,19,,,,,
OSM_way_421464128,Unnamed Beach,,,Beach,natural=beach,way,421464128,3.390274,113.171788,Sarawak,13,Bintulu,19,,,,,
OSM_way_421464130,Unnamed Beach,,,Beach,natural=beach,way,421464130,3.380836,113.16884,Sarawak,13,Bintulu,19,,,,,
OSM_way_421464134,Unnamed Beach,,,Beach,natural=beach,way,421464134,3.415663,113.193651,Sarawak,13,Bintulu,19,,,,,
OSM_way_421468338,Unnamed Beach,,,Beach,natural=beach,way,421468338,3.452448,113.239679,Sarawak,13,Bintulu,19,,,,,
OSM_way_421468339,Unnamed Beach,,,Beach,natural=beach,way,421468339,3.482033,113.27426,Sarawak,13,Bintulu,19,,,,,
OSM_way_421468340,Unnamed Beach,,,Beach,natural=beach,way,421468340,3.357439,113.157204,Sarawak,13,Bintulu,19,,,,,
OSM_node_5331269830,Clock Tower Bintulu,,,Historic Site (Monument),historic=monument,node,5331269830,3.17325,113.03886,Sarawak,13,Bintulu,19,,,,,
OSM_node_4474603694,Monument Council of State,,,Historic Site (Monument),historic=monument,node,4474603694,3.173071,113.038783,Sarawak,13,Bintulu,19,,,,,
OSM_node_10136525217,BTU metrology,,,Viewpoint,tourism=viewpoint,node,10136525217,3.220908,113.085722,Sarawak,13,Bintulu,19,,,,,
OSM_node_8840676617,Unnamed Viewpoint,,,Viewpoint,tourism=viewpoint,node,8840676617,3.199283,113.044719,Sarawak,13,Bintulu,19,,,,,
OSM_node_4476143993,Tumbina Bintulu,Tumbina Bintulu,Tumbina Bintulu,Zoo,tourism=zoo,node,4476143993,3.204337,113.047415,Sarawak,13,Bintulu,19,,,,,
OSM_node_4694863593,Bukit Mabong,Bukit Mabong,,Attraction,tourism=attraction,node,4694863593,2.066667,113.666667,Sarawak,13,Bukit Mabong,37,,,,,
OSM_node_5756523021,Unnamed Viewpoint,,,Viewpoint,tourism=viewpoint,node,5756523021,1.893464,113.83159,Sarawak,13,Bukit Mabong,37,,,,,
OSM_node_5756523022,Unnamed Waterfall,,,Waterfall,waterway=waterfall,node,5756523022,1.878852,113.826864,Sarawak,13,Bukit Mabong,37,,,,,
OSM_node_13605994430,Pantai Kampung Penat,,,Beach,natural=beach,node,13605994430,2.885176,111.96899,Sarawak,13,Dalat,16,,,,,
OSM_way_1484462503,Pantai Kampung Penat,,,Beach,natural=beach,way,1484462503,2.885472,111.969267,Sarawak,13,Dalat,16,,,,,
OSM_node_11885721339,Julau Interchange,,,Attraction,tourism=attraction,node,11885721339,2.059023,111.905511,Sarawak,13,Julau,14,,,,,
OSM_node_14076150588,Kanowit Dabai Landmark,,,Attraction,tourism=attraction,node,14076150588,2.099941,112.1565,Sarawak,13,Kanowit,18,,,,,
OSM_node_14076150557,Kanowit Waterfront,,,Attraction,tourism=attraction,node,14076150557,2.098571,112.156009,Sarawak,13,Kanowit,18,,,,,
OSM_node_5458042927,Victory Pelita Kabah Sdn Bhd,,,Viewpoint,tourism=viewpoint,node,5458042927,2.124168,112.320935,Sarawak,13,Kanowit,18,,,,,
OSM_node_5152873322,Bundong Sungai Sebabai,,,Attraction,tourism=attraction,node,5152873322,1.948345,112.906765,Sarawak,13,Kapit,21,,,,,
OSM_node_5281574522,Daily Market,Daily Market,,Attraction,tourism=attraction,node,5281574522,2.016292,112.939136,Sarawak,13,Kapit,21,,,Mo-Su 04:00-18:00,,
OSM_node_5144411422,Gimnasium Rakyat,,Gimnasium Rakyat,Attraction,tourism=attraction,node,5144411422,2.013538,112.949409,Sarawak,13,Kapit,21,,,,,
OSM_node_5152860124,Long house - Rumah Panjang Braoh,,,Attraction,tourism=attraction,node,5152860124,1.92838,113.035862,Sarawak,13,Kapit,21,,,,,
OSM_node_5152873321,Long house - Rumah Panjang Bundong,,,Attraction,tourism=attraction,node,5152873321,1.949136,112.906732,Sarawak,13,Kapit,21,,,,,
OSM_node_5152873421,Long house - Rumah Panjang NG Antaroh,,,Attraction,tourism=attraction,node,5152873421,1.935339,112.999631,Sarawak,13,Kapit,21,,,,,
OSM_node_5152860024,Long house - Rumah Panjang Osmond,,,Attraction,tourism=attraction,node,5152860024,1.948993,112.905999,Sarawak,13,Kapit,21,,,,,
OSM_node_5152860125,Long house - Rumah Panjang Williamubu,,,Attraction,tourism=attraction,node,5152860125,1.929529,113.038965,Sarawak,13,Kapit,21,,,,,
OSM_node_5152860027,Punan Ba,Punan Ba,Punan Ba,Attraction,tourism=attraction,node,5152860027,2.381124,113.348613,Sarawak,13,Kapit,21,,,,,
OSM_node_5152873422,Rapids,Rapids,Rapids,Attraction,tourism=attraction,node,5152873422,2.192588,113.06065,Sarawak,13,Kapit,21,,,,,
OSM_node_5134304721,Rumah Jantok,Rumah Jantok,,Attraction,tourism=attraction,node,5134304721,1.939171,112.828317,Sarawak,13,Kapit,21,,,,,
OSM_node_5152860123,Rumah Panjang Juntan,,,Attraction,tourism=attraction,node,5152860123,1.960821,112.916405,Sarawak,13,Kapit,21,,,,,
OSM_node_5152860026,Sungai Pelajau Jala,,,Attraction,tourism=attraction,node,5152860026,1.950867,112.956394,Sarawak,13,Kapit,21,,,,,
OSM_node_5152860025,Sungai Sebaneng,,,Attraction,tourism=attraction,node,5152860025,1.959073,112.915733,Sarawak,13,Kapit,21,,,,,
OSM_node_5144391225,Clock Tower,,,Historic Site (Monument),historic=monument,node,5144391225,2.016126,112.937641,Sarawak,13,Kapit,21,,,,,
OSM_way_193362573,Fort Sylvia,Fort Sylvia,,Museum,tourism=museum,way,193362573,2.017244,112.941944,Sarawak,13,Kapit,21,,,,,
OSM_node_5748492921,Muzium Kapit,,,Museum,tourism=museum,node,5748492921,2.015494,112.942664,Sarawak,13,Kapit,21,,,,,
OSM_node_1424328855,Annah Rais Longhouse,,,Attraction,tourism=attraction,node,1424328855,1.156142,110.265392,Sarawak,13,Kuching,01,,,,,
OSM_node_5168210221,Atelier Sarawak,Atelier Sarawak,,Attraction,tourism=attraction,node,5168210221,1.549919,110.345765,Sarawak,13,Kuching,01,,,,,
OSM_node_5774742854,"Barbed wire fence, waöl on tje right side of the fence at the gate to enter the beach","Barbed wire fence, waöl on tje right side of the fence at the gate to enter the beach",,Attraction,tourism=attraction,node,5774742854,1.730468,110.313959,Sarawak,13,Kuching,01,,,,,
OSM_node_5774746855,Bishop's house,,,Attraction,tourism=attraction,node,5774746855,1.556758,110.346588,Sarawak,13,Kuching,01,,,,,
OSM_node_12671269040,Blue Pool,,,Attraction,tourism=attraction,node,12671269040,1.767266,110.321791,Sarawak,13,Kuching,01,,,,,
OSM_node_5247086921,Bomb Shelter,Bomb Shelter,,Attraction,tourism=attraction,node,5247086921,1.549421,110.347168,Sarawak,13,Kuching,01,,,,,
OSM_node_2404332056,Bumbu Cooking Class,,,Attraction,tourism=attraction,node,2404332056,1.558092,110.346729,Sarawak,13,Kuching,01,,,,,
OSM_node_4227733033,Cruise Boat Service,Cruise Boat Service,,Attraction,tourism=attraction,node,4227733033,1.559429,110.346736,Sarawak,13,Kuching,01,,,,,
OSM_node_5261832021,Cultural Village Dropoff / Pickup Point,Cultural Village Dropoff / Pickup Point,,Attraction,tourism=attraction,node,5261832021,1.750109,110.31554,Sarawak,13,Kuching,01,,,,,
OSM_way_69928034,Jalan India,India Street,,Attraction,tourism=attraction,way,69928034,1.559624,110.343473,Sarawak,13,Kuching,01,,,10:00-17:30,,
OSM_way_568501299,Jambatan Darul Hana,Darul Hana Bridge,Jambatan Darul Hana,Attraction,tourism=attraction,way,568501299,1.561403,110.345957,Sarawak,13,Kuching,01,,,06:00-00:00,,
OSM_way_634697570,Jambatan Darul Hana,Darul Hana Bridge,,Attraction,tourism=attraction,way,634697570,1.560696,110.345411,Sarawak,13,Kuching,01,,,06:00-00:00,,
OSM_way_779037132,Jambatan Darul Hana,Darul Hana Bridge,,Attraction,tourism=attraction,way,779037132,1.560832,110.345277,Sarawak,13,Kuching,01,,,06:00-00:00,,
OSM_way_779315127,Jambatan Darul Hana,Darul Hana Bridge,,Attraction,tourism=attraction,way,779315127,1.560941,110.345575,Sarawak,13,Kuching,01,,,06:00-00:00,,
OSM_way_779315128,Jambatan Darul Hana,Darul Hana Bridge,,Attraction,tourism=attraction,way,779315128,1.56183,110.346229,Sarawak,13,Kuching,01,,,06:00-00:00,,
OSM_node_5168210321,Kompleks Dewan Suarah Negeri,,,Attraction,tourism=attraction,node,5168210321,1.547448,110.343682,Sarawak,13,Kuching,01,,,,,
OSM_node_11752128379,Kuching Sign,,,Attraction,tourism=attraction,node,11752128379,1.558333,110.351154,Sarawak,13,Kuching,01,,,,,
OSM_way_233688501,Kuching Waterfront,Kuching Waterfront,,Attraction,tourism=attraction,way,233688501,1.560467,110.343132,Sarawak,13,Kuching,01,,,,,
OSM_way_233688826,Kuching Waterfront,,,Attraction,tourism=attraction,way,233688826,1.559124,110.3481,Sarawak,13,Kuching,01,,,,,
OSM_node_4984367621,Kuching Waterfront Bazaar,Kuching Waterfront Bazaar,,Attraction,tourism=attraction,node,4984367621,1.559752,110.345901,Sarawak,13,Kuching,01,,,,,
OSM_node_5834331486,Longhouse Kampung Benuk,,,Attraction,tourism=attraction,node,5834331486,1.308229,110.293463,Sarawak,13,Kuching,01,,,,,
OSM_node_12330655255,Malihah Sentral,,,Attraction,tourism=attraction,node,12330655255,1.554775,110.25484,Sarawak,13,Kuching,01,,,,,
OSM_node_6095001093,Orang Utang Main Feeding Area,,,Attraction,tourism=attraction,node,6095001093,1.400377,110.315907,Sarawak,13,Kuching,01,,,,,
OSM_node_4976803723,Orangutan feeding structure,Orangutan feeding structure,,Attraction,tourism=attraction,node,4976803723,1.40195,110.314746,Sarawak,13,Kuching,01,,,,,
OSM_way_102893404,Planetarium Sultan Iskandar,,,Attraction,tourism=attraction,way,102893404,1.547958,110.344761,Sarawak,13,Kuching,01,,,,,
OSM_node_5168210322,SUPP Headquarters Kuching,,,Attraction,tourism=attraction,node,5168210322,1.548476,110.349115,Sarawak,13,Kuching,01,,,,,
OSM_node_14093689552,Sarawak Science Centre,,,Attraction,tourism=attraction,node,14093689552,1.584457,110.353138,Sarawak,13,Kuching,01,,,,,
OSM_node_5774746860,Sarawak arboretum,,,Attraction,tourism=attraction,node,5774746860,1.399556,110.320474,Sarawak,13,Kuching,01,,,,,
OSM_node_5168368221,Sunday market (Satok Market),,,Attraction,tourism=attraction,node,5168368221,1.554835,110.322215,Sarawak,13,Kuching,01,,,,,
OSM_node_5511939223,Upside Down House Kuching,,,Attraction,tourism=attraction,node,5511939223,1.557676,110.350903,Sarawak,13,Kuching,01,,+60128586725,Mo-Su 09:30-18:00,,
OSM_node_5592515921,Upside down house kuching,,,Attraction,tourism=attraction,node,5592515921,1.557374,110.350955,Sarawak,13,Kuching,01,https://facebook.com/upsidedownhousekuching/,0128586725,Mo-Fr 09:30-18:00; Sa-Su 09:30-19:00,,
OSM_node_6874457285,Water and Lightshow,Water and Lightshow,,Attraction,tourism=attraction,node,6874457285,1.560971,110.347028,Sarawak,13,Kuching,01,,,"Su-Th 20:30-20:45,21:30-21:45; Fr-Sa 20:30-20:45,21:30-21:45,22:30-22:45",,
OSM_way_355081227,Pantai Pasir Pandak,,,Beach,natural=beach,way,355081227,1.699806,110.311383,Sarawak,13,Kuching,01,,,,,
OSM_way_355081308,Pantai Pasir Panjang,,,Beach,natural=beach,way,355081308,1.692293,110.303024,Sarawak,13,Kuching,01,,,,,
OSM_way_720521806,Pasir Rugon,,,Beach,natural=beach,way,720521806,1.678666,110.489512,Sarawak,13,Kuching,01,,,,,
OSM_way_159781423,Teluk Bandung,,,Beach,natural=beach,way,159781423,1.749351,110.312046,Sarawak,13,Kuching,01,,,,,
OSM_way_142235387,Teluk Kruin,Kruin Bay,Teluk Kruin,Beach,natural=beach,way,142235387,1.730067,110.517409,Sarawak,13,Kuching,01,,,,,
OSM_way_142235388,Teluk Limau,,,Beach,natural=beach,way,142235388,1.742952,110.500113,Sarawak,13,Kuching,01,,,,,
OSM_way_355081606,Teluk Nipah,,,Beach,natural=beach,way,355081606,1.715559,110.357859,Sarawak,13,Kuching,01,,,,,
OSM_way_142164218,Teluk Paku,Paku Bay,Teluk Paku,Beach,natural=beach,way,142164218,1.725473,110.443239,Sarawak,13,Kuching,01,,,,,
OSM_way_142235316,Teluk Pandan Besar,Pandan Besar Bay,Teluk Pandan Besar,Beach,natural=beach,way,142235316,1.730458,110.457101,Sarawak,13,Kuching,01,,,,,
OSM_way_142170514,Teluk Pandan Kecil,Pandan Kecil Bay,Teluk Pandan Kecil,Beach,natural=beach,way,142170514,1.730419,110.451296,Sarawak,13,Kuching,01,,,,,
OSM_way_159765982,Teluk Penyuk,Penyuk Bay,Teluk Penyuk,Beach,natural=beach,way,159765982,1.75455,110.316204,Sarawak,13,Kuching,01,,,,,
OSM_way_422920771,Teluk Rhu,Rhu Bay,Teluk Rhu,Beach,natural=beach,way,422920771,1.737823,110.460598,Sarawak,13,Kuching,01,,,,,
OSM_way_142235317,Teluk Sibur,Sibur Bay,Teluk Sibur,Beach,natural=beach,way,142235317,1.728458,110.484551,Sarawak,13,Kuching,01,,,,,
OSM_way_422920772,Teluk Tajur,Tajur Bay,Teluk Tajur,Beach,natural=beach,way,422920772,1.733364,110.465342,Sarawak,13,Kuching,01,,,,,
OSM_way_422920773,Teluk Tanjor,Tanjor Bay,Teluk Tanjor,Beach,natural=beach,way,422920773,1.725242,110.473233,Sarawak,13,Kuching,01,,,,,
OSM_way_142395042,Unnamed Beach,,,Beach,natural=beach,way,142395042,1.717682,110.44356,Sarawak,13,Kuching,01,,,,,
OSM_way_159767282,Unnamed Beach,,,Beach,natural=beach,way,159767282,1.753197,110.314355,Sarawak,13,Kuching,01,,,,,
OSM_way_159778553,Unnamed Beach,,,Beach,natural=beach,way,159778553,1.742895,110.306331,Sarawak,13,Kuching,01,,,,,
OSM_way_159778558,Unnamed Beach,,,Beach,natural=beach,way,159778558,1.739532,110.304259,Sarawak,13,Kuching,01,,,,,
OSM_way_159784400,Unnamed Beach,,,Beach,natural=beach,way,159784400,1.760312,110.351937,Sarawak,13,Kuching,01,,,,,
OSM_way_168949614,Unnamed Beach,,,Beach,natural=beach,way,168949614,1.758616,110.31921,Sarawak,13,Kuching,01,,,,,
OSM_way_422920769,Unnamed Beach,,,Beach,natural=beach,way,422920769,1.726149,110.522641,Sarawak,13,Kuching,01,,,,,
OSM_way_675195856,Unnamed Beach,,,Beach,natural=beach,way,675195856,1.74831,110.496646,Sarawak,13,Kuching,01,,,,,
OSM_way_721827535,Unnamed Beach,,,Beach,natural=beach,way,721827535,1.73484,110.517096,Sarawak,13,Kuching,01,,,,,
OSM_way_721827536,Unnamed Beach,,,Beach,natural=beach,way,721827536,1.728435,110.517485,Sarawak,13,Kuching,01,,,,,
OSM_way_1206781466,Unnamed Beach,,,Beach,natural=beach,way,1206781466,1.730295,110.447199,Sarawak,13,Kuching,01,,,,,
OSM_relation_18130395,Unnamed Beach,,,Beach,natural=beach,relation,18130395,1.780382,110.163709,Sarawak,13,Kuching,01,,,,,
OSM_way_835977953,Songket and Keringkam Gallery,,,Gallery,tourism=gallery,way,835977953,1.556764,110.3427,Sarawak,13,Kuching,01,,,,,
OSM_node_13889785389,Unnamed Historic Site (Aircraft),,,Historic Site (Aircraft),historic=aircraft,node,13889785389,1.479624,110.339274,Sarawak,13,Kuching,01,,,,,
OSM_node_13889785390,Unnamed Historic Site (Aircraft),,,Historic Site (Aircraft),historic=aircraft,node,13889785390,1.484642,110.350624,Sarawak,13,Kuching,01,,,,,
OSM_node_13313099615,156,,,Historic Site (Boundary Stone),historic=boundary_stone,node,13313099615,1.167857,110.202211,Sarawak,13,Kuching,01,,,,,
OSM_node_13313099439,175,,,Historic Site (Boundary Stone),historic=boundary_stone,node,13313099439,1.150025,110.21273,Sarawak,13,Kuching,01,,,,,
OSM_node_13313099326,186,,,Historic Site (Boundary Stone),historic=boundary_stone,node,13313099326,1.138379,110.206129,Sarawak,13,Kuching,01,,,,,
OSM_node_13313099301,188,,,Historic Site (Boundary Stone),historic=boundary_stone,node,13313099301,1.136053,110.205909,Sarawak,13,Kuching,01,,,,,
OSM_node_13313099265,190,,,Historic Site (Boundary Stone),historic=boundary_stone,node,13313099265,1.132983,110.205287,Sarawak,13,Kuching,01,,,,,
OSM_node_13313099651,191,,,Historic Site (Boundary Stone),historic=boundary_stone,node,13313099651,1.132192,110.206607,Sarawak,13,Kuching,01,,,,,
OSM_node_13313099391,Unnamed Historic Site (Boundary Stone),,,Historic Site (Boundary Stone),historic=boundary_stone,node,13313099391,1.144168,110.212065,Sarawak,13,Kuching,01,,,,,
OSM_node_13313099461,Unnamed Historic Site (Boundary Stone),,,Historic Site (Boundary Stone),historic=boundary_stone,node,13313099461,1.152178,110.211573,Sarawak,13,Kuching,01,,,,,
OSM_node_13313099477,Unnamed Historic Site (Boundary Stone),,,Historic Site (Boundary Stone),historic=boundary_stone,node,13313099477,1.153554,110.210614,Sarawak,13,Kuching,01,,,,,
OSM_node_13313099557,Unnamed Historic Site (Boundary Stone),,,Historic Site (Boundary Stone),historic=boundary_stone,node,13313099557,1.163781,110.207154,Sarawak,13,Kuching,01,,,,,
OSM_node_13313099562,Unnamed Historic Site (Boundary Stone),,,Historic Site (Boundary Stone),historic=boundary_stone,node,13313099562,1.166263,110.205571,Sarawak,13,Kuching,01,,,,,
OSM_node_13313099564,Unnamed Historic Site (Boundary Stone),,,Historic Site (Boundary Stone),historic=boundary_stone,node,13313099564,1.165757,110.203208,Sarawak,13,Kuching,01,,,,,
OSM_node_13313099565,Unnamed Historic Site (Boundary Stone),,,Historic Site (Boundary Stone),historic=boundary_stone,node,13313099565,1.166891,110.202891,Sarawak,13,Kuching,01,,,,,
OSM_node_13313099635,Unnamed Historic Site (Boundary Stone),,,Historic Site (Boundary Stone),historic=boundary_stone,node,13313099635,1.169767,110.200065,Sarawak,13,Kuching,01,,,,,
OSM_way_269781844,Round Tower,,,Historic Site (Building),historic=building,way,269781844,1.558745,110.344853,Sarawak,13,Kuching,01,,,,,
OSM_way_353344429,Astana,,,Historic Site (Castle),historic=castle,way,353344429,1.563768,110.346047,Sarawak,13,Kuching,01,,,,,
OSM_node_2415167359,Brooke Memorial,,,Historic Site (Memorial),historic=memorial,node,2415167359,1.559973,110.345174,Sarawak,13,Kuching,01,,,,,
OSM_node_1813341162,Makam Sultan Tengah,,,Historic Site (Memorial),historic=memorial,node,1813341162,1.719225,110.32548,Sarawak,13,Kuching,01,,,,,
OSM_node_3573629093,Admiral Zheng-He Statue,,,Historic Site (Monument),historic=monument,node,3573629093,1.515663,110.366401,Sarawak,13,Kuching,01,,,,,
OSM_node_3608357127,Band Stand Pavillion,,,Historic Site (Monument),historic=monument,node,3608357127,1.553676,110.343064,Sarawak,13,Kuching,01,,,,,
OSM_node_2749205371,Heroes' Monument,,Tugu Pahlawan,Historic Site (Monument),historic=monument,node,2749205371,1.553396,110.344271,Sarawak,13,Kuching,01,,,,,
OSM_node_3622853793,Sampan Monument,,,Historic Site (Monument),historic=monument,node,3622853793,1.566155,110.385738,Sarawak,13,Kuching,01,,,,,
OSM_node_2401114474,Unnamed Historic Site (Monument),,,Historic Site (Monument),historic=monument,node,2401114474,1.750982,110.314258,Sarawak,13,Kuching,01,,,,,
OSM_node_12310872847,Unnamed Historic Site (Monument),,,Historic Site (Monument),historic=monument,node,12310872847,1.553191,110.346496,Sarawak,13,Kuching,01,,,,,
OSM_node_2749216785,Square Tower,Square Tower,,Historic Site (Ruins),historic=ruins,node,2749216785,1.560265,110.345564,Sarawak,13,Kuching,01,,,,,
OSM_way_835977956,Borneo Cultures Museum,,Muzium Budaya Borneo,Museum,tourism=museum,way,835977956,1.555476,110.342329,Sarawak,13,Kuching,01,https://museum.sarawak.gov.my/page-0-209-169-Borneo-Cultures-Museum.html,,Mo-Fr 09:00-17:00; Sa-Su 10:00-16:30; PH off,yes,yes
OSM_way_233689473,Chinese History Museum,,Muzium Sejarah Cina Kuching,Museum,tourism=museum,way,233689473,1.557686,110.348751,Sarawak,13,Kuching,01,,,,,
OSM_relation_12489078,Fort Margherita,Fort Margherita,,Museum,tourism=museum,relation,12489078,1.560474,110.349488,Sarawak,13,Kuching,01,https://www.brookegallery.org/,,,,
OSM_way_177258366,Kampung Budaya Sarawak,Sarawak Cultural Village,Kampung Budaya Sarawak,Museum,tourism=museum,way,177258366,1.749714,110.316975,Sarawak,13,Kuching,01,,,,,yes
OSM_node_1184975272,Muzium Kucing,,,Museum,tourism=museum,node,1184975272,1.586684,110.334028,Sarawak,13,Kuching,01,,,,yes,
OSM_way_129018570,Muzium Sarawak,Sarawak State Museum,,Museum,tourism=museum,way,129018570,1.5548,110.343461,Sarawak,13,Kuching,01,,,,,
OSM_way_218568371,Sarawak Art Museum,,,Museum,tourism=museum,way,218568371,1.55512,110.34388,Sarawak,13,Kuching,01,,,,,
OSM_relation_2893555,Sarawak Islamic Heritage Museum,Sarawak Islamic Heritage Museum,,Museum,tourism=museum,relation,2893555,1.555123,110.341583,Sarawak,13,Kuching,01,,,,,
OSM_way_218568370,Sarawak Natural History Museum,,,Museum,tourism=museum,way,218568370,1.555596,110.343718,Sarawak,13,Kuching,01,,,,no,
OSM_node_4976827022,The Borneo House,,,Museum,tourism=museum,node,4976827022,1.470055,110.327818,Sarawak,13,Kuching,01,,,,,
OSM_node_12850502061,Taman Tema Sentosa,Sentosa Theme Park,,Theme Park,tourism=theme_park,node,12850502061,1.463411,110.337045,Sarawak,13,Kuching,01,,,,,
OSM_node_6068265385,Bridge Viewpoint,Bridge Viewpoint,,Viewpoint,tourism=viewpoint,node,6068265385,1.560303,110.34782,Sarawak,13,Kuching,01,,,,,
OSM_node_14079722002,Eruang Jekan,,,Viewpoint,tourism=viewpoint,node,14079722002,1.226792,110.26671,Sarawak,13,Kuching,01,,,,,
OSM_node_4505704896,Mount Santubong Summit,Mount Santubong Summit,,Viewpoint,tourism=viewpoint,node,4505704896,1.731617,110.331901,Sarawak,13,Kuching,01,,,,,
OSM_node_5149398321,Sunset Point,,,Viewpoint,tourism=viewpoint,node,5149398321,1.560437,110.341649,Sarawak,13,Kuching,01,,,,,
OSM_node_6583214186,Tanjung Rhu,Rhu Cape,Tanjung Rhu,Viewpoint,tourism=viewpoint,node,6583214186,1.73778,110.46257,Sarawak,13,Kuching,01,,,,,
OSM_node_2064154295,Telok Pandan Besar Viewpoint,,,Viewpoint,tourism=viewpoint,node,2064154295,1.727557,110.457616,Sarawak,13,Kuching,01,,,,,
OSM_node_6585559486,Ulu Assam,Ulu Assam,Ulu Assam,Viewpoint,tourism=viewpoint,node,6585559486,1.712425,110.447747,Sarawak,13,Kuching,01,,,,,
OSM_node_2096588456,Unnamed Viewpoint,,,Viewpoint,tourism=viewpoint,node,2096588456,1.714863,110.441155,Sarawak,13,Kuching,01,,,,,
OSM_node_2454288106,Unnamed Viewpoint,,,Viewpoint,tourism=viewpoint,node,2454288106,1.586223,110.333865,Sarawak,13,Kuching,01,,,,,
OSM_node_4226428257,Unnamed Viewpoint,,,Viewpoint,tourism=viewpoint,node,4226428257,1.73042,110.45189,Sarawak,13,Kuching,01,,,,,
OSM_node_5156595825,Unnamed Viewpoint,,,Viewpoint,tourism=viewpoint,node,5156595825,1.613153,110.189873,Sarawak,13,Kuching,01,,,,,
OSM_node_5725763523,Unnamed Viewpoint,,,Viewpoint,tourism=viewpoint,node,5725763523,1.706363,110.446748,Sarawak,13,Kuching,01,,,,,
OSM_node_5936196891,Unnamed Viewpoint,,,Viewpoint,tourism=viewpoint,node,5936196891,1.706446,110.446616,Sarawak,13,Kuching,01,,,,,
OSM_node_7276846622,Unnamed Viewpoint,,,Viewpoint,tourism=viewpoint,node,7276846622,1.560969,110.345555,Sarawak,13,Kuching,01,,,,,
OSM_node_7276846623,Unnamed Viewpoint,,,Viewpoint,tourism=viewpoint,node,7276846623,1.561792,110.346254,Sarawak,13,Kuching,01,,,,,
OSM_node_11752139827,Unnamed Viewpoint,,,Viewpoint,tourism=viewpoint,node,11752139827,1.557952,110.346865,Sarawak,13,Kuching,01,,,,,
OSM_node_13300823344,Unnamed Viewpoint,,,Viewpoint,tourism=viewpoint,node,13300823344,1.650063,110.484518,Sarawak,13,Kuching,01,,,,,
OSM_node_13300882795,Unnamed Viewpoint,,,Viewpoint,tourism=viewpoint,node,13300882795,1.68225,110.474097,Sarawak,13,Kuching,01,,,,,
OSM_node_13302920082,Unnamed Viewpoint,,,Viewpoint,tourism=viewpoint,node,13302920082,1.230261,110.216577,Sarawak,13,Kuching,01,,,,,
OSM_node_13303038483,Unnamed Viewpoint,,,Viewpoint,tourism=viewpoint,node,13303038483,1.213153,110.203651,Sarawak,13,Kuching,01,,,,,
OSM_node_13313224110,Unnamed Viewpoint,,,Viewpoint,tourism=viewpoint,node,13313224110,1.117005,110.213473,Sarawak,13,Kuching,01,,,,,
OSM_node_2429906228,View Point 1,,,Viewpoint,tourism=viewpoint,node,2429906228,1.730064,110.324674,Sarawak,13,Kuching,01,,,,,
OSM_node_6453999086,civic center tower,,,Viewpoint,tourism=viewpoint,node,6453999086,1.548953,110.343034,Sarawak,13,Kuching,01,,,,,
OSM_node_4795342621,Borneo Samariang Resort City,Borneo Samariang Resort City,,Water Park,leisure=water_park,node,4795342621,1.674714,110.305695,Sarawak,13,Kuching,01,,,,,
OSM_node_13300882601,Arong Serait Falls,,,Waterfall,waterway=waterfall,node,13300882601,1.688205,110.470842,Sarawak,13,Kuching,01,,,,,
OSM_node_13316147423,Bak Buan Mabi Falls,,Air terjun Bak Buan Mabi,Waterfall,waterway=waterfall,node,13316147423,1.112575,110.271755,Sarawak,13,Kuching,01,,,,,
OSM_node_13316147581,Ban Buan Kukuot Falls,,Air terjun Ban Buan Kukuot,Waterfall,waterway=waterfall,node,13316147581,1.115076,110.257406,Sarawak,13,Kuching,01,,,,,
OSM_node_4524156693,Curtain Falls,,Air Terjun Curtain,Waterfall,waterway=waterfall,node,4524156693,1.222534,110.204582,Sarawak,13,Kuching,01,,,,,
OSM_node_13303038678,Gareg Falls,,Air Terjun Gareg,Waterfall,waterway=waterfall,node,13303038678,1.215185,110.200212,Sarawak,13,Kuching,01,,,,,
OSM_node_13310390408,Janam Falls,,,Waterfall,waterway=waterfall,node,13310390408,1.196681,110.193881,Sarawak,13,Kuching,01,,,,,
OSM_node_5943495431,Maui Falls,,Air Terjun Maui,Waterfall,waterway=waterfall,node,5943495431,1.19413,110.192946,Sarawak,13,Kuching,01,,,,,
OSM_node_12672227899,Permai Waterfall,,,Waterfall,waterway=waterfall,node,12672227899,1.752867,110.325675,Sarawak,13,Kuching,01,,,,,
OSM_node_13310390409,Sangoh Falls,,,Waterfall,waterway=waterfall,node,13310390409,1.190788,110.179283,Sarawak,13,Kuching,01,,,,,
OSM_node_13315979983,Senari falls,,Air Terjun Senari,Waterfall,waterway=waterfall,node,13315979983,1.120022,110.282736,Sarawak,13,Kuching,01,,,,,
OSM_node_13315980064,Skarong falls,,Air Terjun Skarong,Waterfall,waterway=waterfall,node,13315980064,1.118343,110.287862,Sarawak,13,Kuching,01,,,,,
OSM_node_13310390353,Subah Falls,,,Waterfall,waterway=waterfall,node,13310390353,1.189121,110.192149,Sarawak,13,Kuching,01,,,,,
OSM_node_5943496015,Susung Falls,,Air Terjun Susung,Waterfall,waterway=waterfall,node,5943496015,1.21931,110.203408,Sarawak,13,Kuching,01,,,,,
OSM_node_1555914858,Tajor Waterfall,,,Waterfall,waterway=waterfall,node,1555914858,1.722787,110.470812,Sarawak,13,Kuching,01,,,,,
OSM_node_13303038373,Tanju Falls,,Air Terjun Tanju,Waterfall,waterway=waterfall,node,13303038373,1.208793,110.19608,Sarawak,13,Kuching,01,,,,,
OSM_node_2429860488,Unnamed Waterfall,,,Waterfall,waterway=waterfall,node,2429860488,1.735007,110.32616,Sarawak,13,Kuching,01,,,,,
OSM_node_4428603100,Unnamed Waterfall,,,Waterfall,waterway=waterfall,node,4428603100,1.260686,110.245036,Sarawak,13,Kuching,01,,,,,
OSM_node_4505773692,Unnamed Waterfall,,,Waterfall,waterway=waterfall,node,4505773692,1.743448,110.32352,Sarawak,13,Kuching,01,,,,,
OSM_node_6534444887,Unnamed Waterfall,,,Waterfall,waterway=waterfall,node,6534444887,1.107184,110.274462,Sarawak,13,Kuching,01,,,,,
OSM_node_13315979786,Unnamed Waterfall,,,Waterfall,waterway=waterfall,node,13315979786,1.12029,110.284749,Sarawak,13,Kuching,01,,,,,
OSM_node_13315979801,Unnamed Waterfall,,,Waterfall,waterway=waterfall,node,13315979801,1.120617,110.283699,Sarawak,13,Kuching,01,,,,,
OSM_node_13316147417,Unnamed Waterfall,,,Waterfall,waterway=waterfall,node,13316147417,1.116056,110.254527,Sarawak,13,Kuching,01,,,,,
OSM_node_13316147479,Unnamed Waterfall,,,Waterfall,waterway=waterfall,node,13316147479,1.115337,110.255522,Sarawak,13,Kuching,01,,,,,
OSM_node_6514712285,Botanical Garden (One-stop Center),Botanical Garden (One-stop Center),,Attraction,tourism=attraction,node,6514712285,3.985076,115.627464,Sarawak,13,Lawas,27,,,,,
OSM_node_12094327278,Kampung Dato Waterfront,,,Attraction,tourism=attraction,node,12094327278,4.949854,115.433969,Sarawak,13,Lawas,27,,,"Mo-Su 06:00-24:00,06:00-24:00",,limited
OSM_node_4312087393,Pelabuhan Feri Kuala Lawas,,,Historic Site (Memorial),historic=memorial,node,4312087393,4.938667,115.44567,Sarawak,13,Lawas,27,,,,,
OSM_node_6121091842,Rueb B'lateh,,,Waterfall,waterway=waterfall,node,6121091842,3.986047,115.637626,Sarawak,13,Lawas,27,,,,,
OSM_node_13831145654,Unnamed Waterfall,,,Waterfall,waterway=waterfall,node,13831145654,4.740232,115.489912,Sarawak,13,Lawas,27,,,,,
OSM_node_13831145900,Unnamed Waterfall,,,Waterfall,waterway=waterfall,node,13831145900,4.668457,115.451299,Sarawak,13,Lawas,27,,,,,
OSM_node_11642985535,Bebuak Meritam (Entrance),,,Attraction,tourism=attraction,node,11642985535,4.729344,114.867908,Sarawak,13,Limbang,26,,,,,
OSM_way_1522239804,Bulatan Hospital,,,Attraction,tourism=attraction,way,1522239804,4.765584,115.021146,Sarawak,13,Limbang,26,,,,,
OSM_way_1457688393,Meritam Volcanic Mud,,,Attraction,tourism=attraction,way,1457688393,4.728456,114.87118,Sarawak,13,Limbang,26,,,,,
OSM_node_12504449269,Viewing Tower,,,Attraction,tourism=attraction,node,12504449269,4.756969,115.006333,Sarawak,13,Limbang,26,,,,,
OSM_way_357346821,Abandoned Shop Lot 1,,,Historic Site,historic=yes,way,357346821,4.773865,115.015209,Sarawak,13,Limbang,26,,,,,
OSM_way_357346820,Abandoned Shop Lot 2,,,Historic Site,historic=yes,way,357346820,4.773813,115.014778,Sarawak,13,Limbang,26,,,,,
OSM_way_357346822,Abandoned Shop Lot 3,,,Historic Site,historic=yes,way,357346822,4.77347,115.015289,Sarawak,13,Limbang,26,,,,,
OSM_way_357346823,Abandoned Shop Lot 4,,,Historic Site,historic=yes,way,357346823,4.773014,115.015741,Sarawak,13,Limbang,26,,,,,
OSM_way_357346824,Abandoned Shop Lot 5,,,Historic Site,historic=yes,way,357346824,4.772975,115.014892,Sarawak,13,Limbang,26,,,,,
OSM_way_256406918,Old Limbang-Temburong ferry route,Old Limbang-Temburong ferry route,,Historic Site,historic=yes,way,256406918,4.684938,115.036884,Sarawak,13,Limbang,26,,,,,
OSM_node_9409586058,Pasar Tani & Ikan Batu 4 (Discontinued),,,Historic Site,historic=yes,node,9409586058,4.715321,114.989415,Sarawak,13,Limbang,26,,,,,
OSM_node_2620683329,Ujung Jalan Pandaruan,,,Historic Site (Boundary Stone),historic=boundary_stone,node,2620683329,4.684797,115.036624,Sarawak,13,Limbang,26,,,,,
OSM_way_1351566546,Buffalo #2,,,Historic Site (Monument),historic=monument,way,1351566546,4.755765,115.007238,Sarawak,13,Limbang,26,,,,,
OSM_way_1351566542,Buffalo #3,,,Historic Site (Monument),historic=monument,way,1351566542,4.758093,115.005749,Sarawak,13,Limbang,26,,,,,
OSM_node_4833963763,Bukit Batu Lawi,Batu Lawi,,Viewpoint,tourism=viewpoint,node,4833963763,3.86927,115.386372,Sarawak,13,Limbang,26,,,,,
OSM_node_5828445587,NG. SETUAN,,,Viewpoint,tourism=viewpoint,node,5828445587,4.264092,115.065803,Sarawak,13,Limbang,26,,,,,
OSM_node_13070197170,Borneo Eco Fish Batang Ai,,,Aquarium,tourism=aquarium,node,13070197170,1.141201,111.873728,Sarawak,13,Lubok Antu,08,,,,,
OSM_node_13915536065,Batu Nabau,,,Attraction,tourism=attraction,node,13915536065,1.11343,111.662736,Sarawak,13,Lubok Antu,08,,,,,
OSM_node_13937579152,Gelong / Berenggang Junction,,,Attraction,tourism=attraction,node,13937579152,1.222555,111.729855,Sarawak,13,Lubok Antu,08,,,,,
OSM_node_13055450239,Gerbang Pekan Lubok Antu,,,Attraction,tourism=attraction,node,13055450239,1.059319,111.8339,Sarawak,13,Lubok Antu,08,,,,,
OSM_node_6286590892,Iban longhouse,,,Attraction,tourism=attraction,node,6286590892,1.179733,111.932625,Sarawak,13,Lubok Antu,08,,,,,
OSM_node_5036015421,Pekan Batang Ai,Pekan Batang Ai,,Attraction,tourism=attraction,node,5036015421,1.150626,111.862752,Sarawak,13,Lubok Antu,08,,,,,
OSM_node_13937579147,Titok Ulu / Titok Ili / Nibong Junction,,,Attraction,tourism=attraction,node,13937579147,1.229916,111.703288,Sarawak,13,Lubok Antu,08,,,,,
OSM_way_533722165,Unnamed Beach,,,Beach,natural=beach,way,533722165,1.336476,111.676973,Sarawak,13,Lubok Antu,08,,,,,
OSM_way_533722171,Unnamed Beach,,,Beach,natural=beach,way,533722171,1.33667,111.677253,Sarawak,13,Lubok Antu,08,,,,,
OSM_node_5774746859,Boardwalk Connects To Main Trail,Boardwalk Connects To Main Trail,,Attraction,tourism=attraction,node,5774746859,1.694099,109.84296,Sarawak,13,Lundu,03,,,,,
OSM_node_5160037521,Gunung Gading Summit,,,Attraction,tourism=attraction,node,5160037521,1.713696,109.836303,Sarawak,13,Lundu,03,,,,,
OSM_node_3386559566,Matang Wildlife Centre,,,Attraction,tourism=attraction,node,3386559566,1.608235,110.160815,Sarawak,13,Lundu,03,,,,,
OSM_node_10000151417,Mount Kuwai,,,Attraction,tourism=attraction,node,10000151417,1.996323,109.646994,Sarawak,13,Lundu,03,,,,,no
OSM_node_5774747253,Start of Boardwalk Rafflesia Trail,Start of Boardwalk Rafflesia Trail,,Attraction,tourism=attraction,node,5774747253,1.691904,109.845723,Sarawak,13,Lundu,03,,,,,
OSM_node_5774746858,Start of Lintang Trail To View Point,Start of Lintang Trail To View Point,,Attraction,tourism=attraction,node,5774746858,1.693534,109.844305,Sarawak,13,Lundu,03,,,,,
OSM_node_4989957224,Taman Negara Gunung Gading,Gunung Gading National Park,Taman Negara Gunung Gading,Attraction,tourism=attraction,node,4989957224,1.695262,109.841437,Sarawak,13,Lundu,03,,,,,
OSM_node_10964851009,Unnamed Attraction,,,Attraction,tourism=attraction,node,10964851009,1.700245,109.836892,Sarawak,13,Lundu,03,,,,,
OSM_way_544186695,Boat Landing Beach,Boat Landing Beach,,Beach,natural=beach,way,544186695,2.077577,109.647951,Sarawak,13,Lundu,03,,,,,
OSM_way_1558898973,Pantai Belungei,Belungei Beach,,Beach,natural=beach,way,1558898973,1.77308,109.853218,Sarawak,13,Lundu,03,,,,,
OSM_way_1558898544,Pantai Pandan,Pandan Beach,,Beach,natural=beach,way,1558898544,1.763272,109.866573,Sarawak,13,Lundu,03,,,,,
OSM_way_544186725,Unnamed Beach,,,Beach,natural=beach,way,544186725,2.057005,109.645993,Sarawak,13,Lundu,03,,,,,
OSM_relation_18125022,Unnamed Beach,,,Beach,natural=beach,relation,18125022,1.912365,109.775849,Sarawak,13,Lundu,03,,,,,
OSM_relation_18125133,Unnamed Beach,,,Beach,natural=beach,relation,18125133,1.894302,109.768518,Sarawak,13,Lundu,03,,,,,
OSM_node_1804697961,Where Borneo Begins,,,Historic Site (Memorial),historic=memorial,node,1804697961,2.078779,109.645956,Sarawak,13,Lundu,03,,,,,
OSM_node_3809850362,Unnamed Viewpoint,,,Viewpoint,tourism=viewpoint,node,3809850362,1.588069,110.19221,Sarawak,13,Lundu,03,,,,,
OSM_node_6611370586,Unnamed Viewpoint,,,Viewpoint,tourism=viewpoint,node,6611370586,2.039472,109.65503,Sarawak,13,Lundu,03,,,,,
OSM_node_6852988885,Unnamed Viewpoint,,,Viewpoint,tourism=viewpoint,node,6852988885,2.039528,109.655213,Sarawak,13,Lundu,03,,,,,
OSM_node_3809849341,View Tower,,,Viewpoint,tourism=viewpoint,node,3809849341,1.588712,110.191848,Sarawak,13,Lundu,03,,,,,
OSM_node_6483795402,Jangkar Falls,,,Waterfall,waterway=waterfall,node,6483795402,1.665246,109.694983,Sarawak,13,Lundu,03,,,,,
OSM_node_5774741555,Small Waterfall Next To Picnic Table,Small Waterfall Next To Picnic Table,,Waterfall,waterway=waterfall,node,5774741555,1.692247,109.845507,Sarawak,13,Lundu,03,,,,,
OSM_node_3386559105,Unnamed Waterfall,,,Waterfall,waterway=waterfall,node,3386559105,1.595825,110.180982,Sarawak,13,Lundu,03,,,,,
OSM_node_5774741554,Waterfall #1,,,Waterfall,waterway=waterfall,node,5774741554,1.694522,109.840888,Sarawak,13,Lundu,03,,,,,
OSM_node_4507511292,Waterfall #3,Waterfall #3,,Waterfall,waterway=waterfall,node,4507511292,1.697667,109.838665,Sarawak,13,Lundu,03,,,,,
OSM_node_4507530591,Waterfall #7,Waterfall #7,,Waterfall,waterway=waterfall,node,4507530591,1.699955,109.836364,Sarawak,13,Lundu,03,,,,,
OSM_node_11885492384,Bintangor Interchange,Bintangor Interchange,,Attraction,tourism=attraction,node,11885492384,2.068872,111.663889,Sarawak,13,Maradong,12,,,,,
OSM_way_491255188,Bakong Mud Volcano,,,Attraction,tourism=attraction,way,491255188,4.118627,114.226394,Sarawak,13,Marudi,25,,,,,
OSM_way_1102300060,Guided Tour Meeting Point,,,Attraction,tourism=attraction,way,1102300060,4.042415,114.812529,Sarawak,13,Marudi,25,,,,,
OSM_node_1339968998,Local Handicraft For Sale,,,Attraction,tourism=attraction,node,1339968998,4.053923,114.818218,Sarawak,13,Marudi,25,,,,,
OSM_way_119196672,Mulu Canopy Walk,Mulu Canopy Walk,,Attraction,tourism=attraction,way,119196672,4.03209,114.819102,Sarawak,13,Marudi,25,,,,,
OSM_node_11989948965,museum marudi,,,Museum,tourism=museum,node,11989948965,4.177151,114.324125,Sarawak,13,Marudi,25,,,,,
OSM_node_5500778921,Bat Exodus Observation Platform,Bat Exodus Observation Platform,,Viewpoint,tourism=viewpoint,node,5500778921,4.02365,114.823122,Sarawak,13,Marudi,25,,,,,
OSM_node_1339968992,Bat Observatory,,,Viewpoint,tourism=viewpoint,node,1339968992,4.023499,114.821587,Sarawak,13,Marudi,25,,,,,
OSM_node_2992069046,Bukit Pala (Sunset),,,Viewpoint,tourism=viewpoint,node,2992069046,4.032006,114.79977,Sarawak,13,Marudi,25,,,,,
OSM_node_4226803018,Mini Pinnacles,,,Viewpoint,tourism=viewpoint,node,4226803018,4.131738,114.8935,Sarawak,13,Marudi,25,,,,,
OSM_node_4226803019,Pinnacles,,,Viewpoint,tourism=viewpoint,node,4226803019,4.123115,114.892876,Sarawak,13,Marudi,25,https://mulupark.com/pinnacles/,,,,
OSM_node_1339926078,Tree Top Tower,,,Viewpoint,tourism=viewpoint,node,1339926078,4.038962,114.813829,Sarawak,13,Marudi,25,,,,,
OSM_node_10739416642,Unnamed Viewpoint,,,Viewpoint,tourism=viewpoint,node,10739416642,4.04061,114.905877,Sarawak,13,Marudi,25,,,,,
OSM_node_10739416643,Unnamed Viewpoint,,,Viewpoint,tourism=viewpoint,node,10739416643,4.032942,114.892319,Sarawak,13,Marudi,25,,,,,
OSM_node_4221445903,Wildlife Observation Shelter,,,Viewpoint,tourism=viewpoint,node,4221445903,4.040402,114.818103,Sarawak,13,Marudi,25,,,,,
OSM_node_10132681362,Paku Waterfall,Paku Waterfall,,Waterfall,waterway=waterfall,node,10132681362,4.037004,114.829273,Sarawak,13,Marudi,25,,,,,
OSM_node_4238753891,Batu Ritung (Megalith / Dolmen),Batu Ritung (Megalith / Dolmen),Batu Ritung (Megalith / Dolmen),Attraction,tourism=attraction,node,4238753891,3.809556,115.519167,Sarawak,13,Miri,24,,,,,
OSM_node_5297437321,Canada Hill hiking trails,,,Attraction,tourism=attraction,node,5297437321,4.386101,113.995034,Sarawak,13,Miri,24,,,,,
OSM_node_12002155259,MIRI sign (Canada Hill landmark),,,Attraction,tourism=attraction,node,12002155259,4.389132,113.994206,Sarawak,13,Miri,24,,,,,
OSM_node_4238758689,Main Shops and Restaurants Area,Main Shops and Restaurants Area,,Attraction,tourism=attraction,node,4238758689,3.740372,115.466378,Sarawak,13,Miri,24,,,,,
OSM_node_7195460885,Prayer mountain,,,Attraction,tourism=attraction,node,7195460885,3.764263,115.443268,Sarawak,13,Miri,24,,,,,
OSM_node_4689903595,pa dapur river,pa dapur river,,Attraction,tourism=attraction,node,4689903595,3.729696,115.492174,Sarawak,13,Miri,24,,,,,
OSM_way_1320610208,Brighton Cove,,,Beach,natural=beach,way,1320610208,4.379509,113.97265,Sarawak,13,Miri,24,,,,,
OSM_way_1305180969,Luak Esplanade,,,Beach,natural=beach,way,1305180969,4.320785,113.963361,Sarawak,13,Miri,24,,,,,
OSM_way_1301983261,Marina Beach,,,Beach,natural=beach,way,1301983261,4.392422,113.9771,Sarawak,13,Miri,24,,,,,
OSM_way_1308828607,Pantai Kampung Beraya,,,Beach,natural=beach,way,1308828607,4.201933,113.88779,Sarawak,13,Miri,24,,,,,
OSM_way_1308828608,Pantai Kampung Beraya,,,Beach,natural=beach,way,1308828608,4.21894,113.901218,Sarawak,13,Miri,24,,,,,
OSM_way_1326264087,Pantai Lutong,,,Beach,natural=beach,way,1326264087,4.454935,113.999157,Sarawak,13,Miri,24,,,,,
OSM_way_892615167,Pantai Pulau Melayu,,,Beach,natural=beach,way,892615167,4.430736,113.992739,Sarawak,13,Miri,24,,,,,
OSM_way_504967681,Pantai Tanjong Lobang,,,Beach,natural=beach,way,504967681,4.370053,113.967846,Sarawak,13,Miri,24,,,,,
OSM_way_1321757273,Pantai Tompok,,,Beach,natural=beach,way,1321757273,4.283708,113.944501,Sarawak,13,Miri,24,,,,,
OSM_way_1320110814,Pantai Tusan,,,Beach,natural=beach,way,1320110814,4.126121,113.822029,Sarawak,13,Miri,24,,,,,
OSM_way_492757799,Unnamed Beach,,,Beach,natural=beach,way,492757799,4.592766,114.009523,Sarawak,13,Miri,24,,,,,
OSM_way_821096359,Unnamed Beach,,,Beach,natural=beach,way,821096359,4.375644,113.970332,Sarawak,13,Miri,24,,,,,
OSM_way_1321604711,Unnamed Beach,,,Beach,natural=beach,way,1321604711,4.230814,113.909997,Sarawak,13,Miri,24,,,,,
OSM_way_1321604713,Unnamed Beach,,,Beach,natural=beach,way,1321604713,4.256412,113.928317,Sarawak,13,Miri,24,,,,,
OSM_way_1324389240,Unnamed Beach,,,Beach,natural=beach,way,1324389240,4.329024,113.966626,Sarawak,13,Miri,24,,,,,
OSM_way_1327805855,Unnamed Beach,,,Beach,natural=beach,way,1327805855,4.334073,113.968542,Sarawak,13,Miri,24,,,,,
OSM_way_1327852404,Unnamed Beach,,,Beach,natural=beach,way,1327852404,4.336834,113.969756,Sarawak,13,Miri,24,,,,,
OSM_way_1327879255,Unnamed Beach,,,Beach,natural=beach,way,1327879255,4.347341,113.971904,Sarawak,13,Miri,24,,,,,
OSM_way_1338281409,Unnamed Beach,,,Beach,natural=beach,way,1338281409,4.24803,113.922783,Sarawak,13,Miri,24,,,,,
OSM_node_12110550202,Alter /  Space Gallery & Studio,,,Gallery,tourism=gallery,node,12110550202,4.378705,113.976358,Sarawak,13,Miri,24,,,Tu-Fr 09:00-17:00; Sa 13:00-16:00,,
OSM_node_12230761797,Miri-Belait,,,Historic Site (Boundary Stone),historic=boundary_stone,node,12230761797,4.585821,114.075875,Sarawak,13,Miri,24,,,,,
OSM_node_3656214518,Tanjung Lobang World War 2 Victims Memorial,,,Historic Site (Memorial),historic=memorial,node,3656214518,4.361577,113.962596,Sarawak,13,Miri,24,,,,,
OSM_node_11609370387,1945 World War 2 Miri Victims Memorial,,,Historic Site (Monument),historic=monument,node,11609370387,4.385233,113.985141,Sarawak,13,Miri,24,,,,,
OSM_node_12347167182,Batu Asas Pusat Sivik Miri,,,Historic Site (Monument),historic=monument,node,12347167182,4.401205,113.994125,Sarawak,13,Miri,24,,,,,
OSM_node_11807387298,Bulatan Roundabout Oil Well Replica,,,Historic Site (Monument),historic=monument,node,11807387298,4.417697,114.016198,Sarawak,13,Miri,24,,,,,
OSM_node_12347167188,Chinese Heritage Hundred Surnames Monument,,,Historic Site (Monument),historic=monument,node,12347167188,4.402862,113.994559,Sarawak,13,Miri,24,,,,,
OSM_way_1322451544,Miri Unity Tower,,,Historic Site (Monument),historic=monument,way,1322451544,4.404861,113.993201,Sarawak,13,Miri,24,,,,,
OSM_node_2681623364,Oil Well No.1 (Grand Old Lady),,,Historic Site (Monument),historic=monument,node,2681623364,4.388828,113.995094,Sarawak,13,Miri,24,,,,,
OSM_node_12347226036,Papan Salam Etnik,,,Historic Site (Monument),historic=monument,node,12347226036,4.421673,114.011615,Sarawak,13,Miri,24,,,,,
OSM_node_11816232044,Rotary International Monument,,,Historic Site (Monument),historic=monument,node,11816232044,4.435586,114.015108,Sarawak,13,Miri,24,,,,,
OSM_node_12002277782,Time Capsule,,Kapsul Masa,Historic Site (Monument),historic=monument,node,12002277782,4.389059,113.995363,Sarawak,13,Miri,24,,,,,
OSM_way_1298136194,Unnamed Historic Site (Ruins),,,Historic Site (Ruins),historic=ruins,way,1298136194,4.34074,113.982577,Sarawak,13,Miri,24,,,,,
OSM_way_1299016719,Unnamed Historic Site (Ruins),,,Historic Site (Ruins),historic=ruins,way,1299016719,4.370166,113.971252,Sarawak,13,Miri,24,,,,,
OSM_way_1323886768,Makam Datuk Permaisuri,,,Historic Site (Tomb),historic=tomb,way,1323886768,4.411738,114.031654,Sarawak,13,Miri,24,,,,,
OSM_node_11771363552,Chinese Shrine,,,Historic Site (Wayside Shrine),historic=wayside_shrine,node,11771363552,4.419054,114.015954,Sarawak,13,Miri,24,,,,,
OSM_node_12002277695,Chinese Shrine,,,Historic Site (Wayside Shrine),historic=wayside_shrine,node,12002277695,4.390053,113.995736,Sarawak,13,Miri,24,,,,,
OSM_node_12009539961,Chinese Shrine,,,Historic Site (Wayside Shrine),historic=wayside_shrine,node,12009539961,4.41904,114.016027,Sarawak,13,Miri,24,,,,,
OSM_node_12053312746,Chinese Shrine,,,Historic Site (Wayside Shrine),historic=wayside_shrine,node,12053312746,4.449195,114.01751,Sarawak,13,Miri,24,,,,,
OSM_node_12157982298,Maigold tiny shrine,,,Historic Site (Wayside Shrine),historic=wayside_shrine,node,12157982298,4.496913,114.008467,Sarawak,13,Miri,24,,,,,
OSM_node_11531400008,Unnamed Historic Site (Wayside Shrine),,,Historic Site (Wayside Shrine),historic=wayside_shrine,node,11531400008,4.328677,113.9983,Sarawak,13,Miri,24,,,,,
OSM_node_11531400009,Unnamed Historic Site (Wayside Shrine),,,Historic Site (Wayside Shrine),historic=wayside_shrine,node,11531400009,4.328569,113.998275,Sarawak,13,Miri,24,,,,,
OSM_node_12027575211,Unnamed Historic Site (Wayside Shrine),,,Historic Site (Wayside Shrine),historic=wayside_shrine,node,12027575211,4.422839,114.003039,Sarawak,13,Miri,24,,,,,
OSM_node_12110472226,Unnamed Historic Site (Wayside Shrine),,,Historic Site (Wayside Shrine),historic=wayside_shrine,node,12110472226,4.398826,113.977993,Sarawak,13,Miri,24,,,,,
OSM_node_12110472227,Unnamed Historic Site (Wayside Shrine),,,Historic Site (Wayside Shrine),historic=wayside_shrine,node,12110472227,4.398885,113.978101,Sarawak,13,Miri,24,,,,,
OSM_node_12110472228,Unnamed Historic Site (Wayside Shrine),,,Historic Site (Wayside Shrine),historic=wayside_shrine,node,12110472228,4.398794,113.97807,Sarawak,13,Miri,24,,,,,
OSM_node_12172792473,Unnamed Historic Site (Wayside Shrine),,,Historic Site (Wayside Shrine),historic=wayside_shrine,node,12172792473,4.318765,113.993236,Sarawak,13,Miri,24,,,,,
OSM_node_12246240077,Unnamed Historic Site (Wayside Shrine),,,Historic Site (Wayside Shrine),historic=wayside_shrine,node,12246240077,4.424847,114.019832,Sarawak,13,Miri,24,,,,,
OSM_node_12255521511,Unnamed Historic Site (Wayside Shrine),,,Historic Site (Wayside Shrine),historic=wayside_shrine,node,12255521511,4.353746,113.987249,Sarawak,13,Miri,24,,,,,
OSM_node_12255521512,Unnamed Historic Site (Wayside Shrine),,,Historic Site (Wayside Shrine),historic=wayside_shrine,node,12255521512,4.35249,113.98771,Sarawak,13,Miri,24,,,,,
OSM_node_12270412635,Unnamed Historic Site (Wayside Shrine),,,Historic Site (Wayside Shrine),historic=wayside_shrine,node,12270412635,4.472556,114.029701,Sarawak,13,Miri,24,,,,,
OSM_node_12290053265,Unnamed Historic Site (Wayside Shrine),,,Historic Site (Wayside Shrine),historic=wayside_shrine,node,12290053265,4.368629,113.968095,Sarawak,13,Miri,24,,,,,
OSM_way_1241111700,Unnamed Historic Site (Wayside Shrine),,,Historic Site (Wayside Shrine),historic=wayside_shrine,way,1241111700,4.32863,113.998892,Sarawak,13,Miri,24,,,,,
OSM_way_1241111701,Unnamed Historic Site (Wayside Shrine),,,Historic Site (Wayside Shrine),historic=wayside_shrine,way,1241111701,4.328134,113.998649,Sarawak,13,Miri,24,,,,,
OSM_way_1241111702,Unnamed Historic Site (Wayside Shrine),,,Historic Site (Wayside Shrine),historic=wayside_shrine,way,1241111702,4.32811,113.99878,Sarawak,13,Miri,24,,,,,
OSM_way_1241111703,Unnamed Historic Site (Wayside Shrine),,,Historic Site (Wayside Shrine),historic=wayside_shrine,way,1241111703,4.328176,113.998547,Sarawak,13,Miri,24,,,,,
OSM_way_1241111704,Unnamed Historic Site (Wayside Shrine),,,Historic Site (Wayside Shrine),historic=wayside_shrine,way,1241111704,4.328057,113.998865,Sarawak,13,Miri,24,,,,,
OSM_way_1241631290,Unnamed Historic Site (Wayside Shrine),,,Historic Site (Wayside Shrine),historic=wayside_shrine,way,1241631290,4.422922,114.003207,Sarawak,13,Miri,24,,,,,
OSM_way_1241631291,Unnamed Historic Site (Wayside Shrine),,,Historic Site (Wayside Shrine),historic=wayside_shrine,way,1241631291,4.422699,114.002723,Sarawak,13,Miri,24,,,,,
OSM_way_1241631292,Unnamed Historic Site (Wayside Shrine),,,Historic Site (Wayside Shrine),historic=wayside_shrine,way,1241631292,4.422621,114.002741,Sarawak,13,Miri,24,,,,,
OSM_way_1241631296,Unnamed Historic Site (Wayside Shrine),,,Historic Site (Wayside Shrine),historic=wayside_shrine,way,1241631296,4.422582,114.003261,Sarawak,13,Miri,24,,,,,
OSM_way_1241631299,Unnamed Historic Site (Wayside Shrine),,,Historic Site (Wayside Shrine),historic=wayside_shrine,way,1241631299,4.421071,114.002723,Sarawak,13,Miri,24,,,,,
OSM_way_1241631303,Unnamed Historic Site (Wayside Shrine),,,Historic Site (Wayside Shrine),historic=wayside_shrine,way,1241631303,4.420956,114.002719,Sarawak,13,Miri,24,,,,,
OSM_way_1241631304,Unnamed Historic Site (Wayside Shrine),,,Historic Site (Wayside Shrine),historic=wayside_shrine,way,1241631304,4.420937,114.002772,Sarawak,13,Miri,24,,,,,
OSM_way_1241631309,Unnamed Historic Site (Wayside Shrine),,,Historic Site (Wayside Shrine),historic=wayside_shrine,way,1241631309,4.421502,114.002612,Sarawak,13,Miri,24,,,,,
OSM_way_1241653453,Unnamed Historic Site (Wayside Shrine),,,Historic Site (Wayside Shrine),historic=wayside_shrine,way,1241653453,4.479909,114.022826,Sarawak,13,Miri,24,,,,,
OSM_way_1241653454,Unnamed Historic Site (Wayside Shrine),,,Historic Site (Wayside Shrine),historic=wayside_shrine,way,1241653454,4.479637,114.022775,Sarawak,13,Miri,24,,,,,
OSM_way_1241653455,Unnamed Historic Site (Wayside Shrine),,,Historic Site (Wayside Shrine),historic=wayside_shrine,way,1241653455,4.479826,114.022609,Sarawak,13,Miri,24,,,,,
OSM_way_1263216118,Unnamed Historic Site (Wayside Shrine),,,Historic Site (Wayside Shrine),historic=wayside_shrine,way,1263216118,4.391736,113.984831,Sarawak,13,Miri,24,,,,,
OSM_way_1304602786,Unnamed Historic Site (Wayside Shrine),,,Historic Site (Wayside Shrine),historic=wayside_shrine,way,1304602786,4.302481,113.965773,Sarawak,13,Miri,24,,,,,
OSM_way_1304602787,Unnamed Historic Site (Wayside Shrine),,,Historic Site (Wayside Shrine),historic=wayside_shrine,way,1304602787,4.302459,113.965717,Sarawak,13,Miri,24,,,,,
OSM_way_1308873057,Unnamed Historic Site (Wayside Shrine),,,Historic Site (Wayside Shrine),historic=wayside_shrine,way,1308873057,4.398038,113.992687,Sarawak,13,Miri,24,,,,,
OSM_way_262491617,Miri Petroleum Science Museum,,Muzium Petroleum,Museum,tourism=museum,way,262491617,4.389365,113.994952,Sarawak,13,Miri,24,https://museum.sarawak.gov.my/web/subpage/webpage_view/97,,Mo-Fr 09:00-16:45; Sa-Su 10:00-16:00,no,
OSM_way_1308439198,Miri City Hall Level 10 Rooftop,,,Viewpoint,tourism=viewpoint,way,1308439198,4.388057,113.973709,Sarawak,13,Miri,24,,,,,
OSM_node_4450164189,Mount Murud,Mount Murud,,Viewpoint,tourism=viewpoint,node,4450164189,3.905261,115.4886,Sarawak,13,Miri,24,,,,,
OSM_node_4951969440,Replica of the Grand Old Lady Oil Well,,,Viewpoint,tourism=viewpoint,node,4951969440,4.36711,113.979895,Sarawak,13,Miri,24,,,,,
OSM_node_6911927885,Tusan Cliff,,,Viewpoint,tourism=viewpoint,node,6911927885,4.120519,113.817887,Sarawak,13,Miri,24,,,,,
OSM_node_4951969463,Unnamed Viewpoint,,,Viewpoint,tourism=viewpoint,node,4951969463,4.366775,113.980123,Sarawak,13,Miri,24,,,,,
OSM_node_4951969483,Unnamed Viewpoint,,,Viewpoint,tourism=viewpoint,node,4951969483,4.365696,113.980364,Sarawak,13,Miri,24,,,,,
OSM_node_4951985054,Unnamed Viewpoint,,,Viewpoint,tourism=viewpoint,node,4951985054,4.365822,113.980137,Sarawak,13,Miri,24,,,,,
OSM_node_13911622231,Unnamed Viewpoint,,,Viewpoint,tourism=viewpoint,node,13911622231,3.464776,115.592469,Sarawak,13,Miri,24,,,,,
OSM_node_13911622406,Unnamed Viewpoint,,,Viewpoint,tourism=viewpoint,node,13911622406,3.473191,115.595208,Sarawak,13,Miri,24,,,,,
OSM_way_1263396457,Unnamed Viewpoint,,,Viewpoint,tourism=viewpoint,way,1263396457,4.497635,114.011167,Sarawak,13,Miri,24,,,,,
OSM_way_1308828602,Unnamed Viewpoint,,,Viewpoint,tourism=viewpoint,way,1308828602,4.209116,113.893958,Sarawak,13,Miri,24,,,,,
OSM_node_13911622824,Pa Diit Falls Lv 1,,,Waterfall,waterway=waterfall,node,13911622824,3.497502,115.604775,Sarawak,13,Miri,24,,,,,
OSM_node_13911622881,Pa Diit Falls Lv 2,,,Waterfall,waterway=waterfall,node,13911622881,3.498219,115.602631,Sarawak,13,Miri,24,,,,,
OSM_node_3686557330,Miri Crocodile Farm,,,Zoo,tourism=zoo,node,3686557330,4.571114,113.976826,Sarawak,13,Miri,24,,,,,
OSM_way_206877549,Unnamed Attraction,,,Attraction,tourism=attraction,way,206877549,2.892679,112.091785,Sarawak,13,Mukah,17,,,,,
OSM_node_13105833727,Waterfront,,,Attraction,tourism=attraction,node,13105833727,2.897749,112.095724,Sarawak,13,Mukah,17,,,,,
OSM_way_1483224543,Pantai Mukah,,,Beach,natural=beach,way,1483224543,2.911386,112.090786,Sarawak,13,Mukah,17,,,,,
OSM_way_1483224542,Tapak Pesta Kaul Pantai Mukah,,,Beach,natural=beach,way,1483224542,2.91075,112.087741,Sarawak,13,Mukah,17,,,,,
OSM_node_11526632812,Seratok Memorial Hill,,,Historic Site (Memorial),historic=memorial,node,11526632812,1.759484,111.393972,Sarawak,13,Saratok,10,,,,,
OSM_node_8411143649,Old Ferry Point,,,Historic Site,historic=yes,node,8411143649,2.130752,111.526074,Sarawak,13,Sarikei,11,,,,,
OSM_node_4894951221,Bejait,Bejait,,Attraction,tourism=attraction,node,4894951221,2.318831,112.24345,Sarawak,13,Selangau,31,,,,,
OSM_node_11788885349,MUKAH INTERCHANGE,,,Attraction,tourism=attraction,node,11788885349,2.540034,112.34066,Sarawak,13,Selangau,31,,,,,
OSM_node_4894938622,Nanga Sekuau,Nanga Sekuau,,Attraction,tourism=attraction,node,4894938622,2.343752,112.168245,Sarawak,13,Selangau,31,,,,,
OSM_node_11788885403,Selangau Waterfront,,,Attraction,tourism=attraction,node,11788885403,2.522274,112.326208,Sarawak,13,Selangau,31,,,,,
OSM_node_6068265485,"Hot Spring, Thermal Baths",,,Attraction,tourism=attraction,node,6068265485,1.253818,110.450834,Sarawak,13,Serian,05,,,,,
OSM_way_1016170710,Jong's Crocodile Farm,,,Attraction,tourism=attraction,way,1016170710,1.363482,110.413831,Sarawak,13,Serian,05,,,,,
OSM_way_1164352263,Pasar Lama Teng Bukap,,,Historic Site (Heritage),historic=heritage,way,1164352263,1.20777,110.3653,Sarawak,13,Serian,05,,,,,
OSM_node_3457467259,Jambatan Sungai Duuh,,,Historic Site (Monument),historic=monument,node,3457467259,1.363662,110.403858,Sarawak,13,Serian,05,,,,,
OSM_node_3457467263,Jambatan Sungai Simpang Endap,,,Historic Site (Monument),historic=monument,node,3457467263,1.373823,110.387114,Sarawak,13,Serian,05,,,,,
OSM_node_12987034978,Sungai Stabut,,,Water Park,leisure=water_park,node,12987034978,1.230963,110.392272,Sarawak,13,Serian,05,,,,,
OSM_node_13312710808,Unnamed Waterfall,,,Waterfall,waterway=waterfall,node,13312710808,1.347511,110.382475,Sarawak,13,Serian,05,,,,,
OSM_node_7058225388,Bukit Lima Forest Reserve,,,Attraction,tourism=attraction,node,7058225388,2.279115,111.864175,Sarawak,13,Sibu,15,,,24/7,,
OSM_node_13429686462,Corridor of History For Sibu Centenary Foochow Settlement,Corridor of History For Sibu Centenary Foochow Settlement,,Attraction,tourism=attraction,node,13429686462,2.263867,111.865066,Sarawak,13,Sibu,15,,,,,
OSM_node_4881104421,Unique Wood Sdn Bnd,Unique Wood Sdn Bnd,,Attraction,tourism=attraction,node,4881104421,2.2495,111.763532,Sarawak,13,Sibu,15,,,,,
OSM_node_13375761105,二河村农场,,,Attraction,tourism=attraction,node,13375761105,2.246152,111.797007,Sarawak,13,Sibu,15,,,,,
OSM_node_13375750294,光华丁兴俊故居,,,Attraction,tourism=attraction,node,13375750294,2.242661,111.803394,Sarawak,13,Sibu,15,,,,,
OSM_node_4047321689,Rosli Dhobi Warriors Memorial,,,Historic Site (Memorial),historic=memorial,node,4047321689,2.296619,111.82151,Sarawak,13,Sibu,15,,,,,
OSM_node_13429686456,Galeri Warisan Fuzhou Dunia,World Fuzhou Heritage Gallery,Galeri Warisan Fuzhou Dunia,Museum,tourism=museum,node,13429686456,2.263775,111.865116,Sarawak,13,Sibu,15,https://www.worldfuzhou.org/zread2.php?p=120,,,,
OSM_node_2185377462,Lau King Howe Hospital Museum,,,Museum,tourism=museum,node,2185377462,2.291175,111.821972,Sarawak,13,Sibu,15,,,,,
OSM_node_13375761104,Methodist Heritage Gallery Sibu,Methodist Heritage Gallery Sibu,,Museum,tourism=museum,node,13375761104,2.249214,111.798462,Sarawak,13,Sibu,15,,,,,
OSM_way_402321306,Sibu Heritage Centre,Sibu Heritage Centre,,Museum,tourism=museum,way,402321306,2.28963,111.828156,Sarawak,13,Sibu,15,,,,,
OSM_node_4746307323,Dataran Bandar Sibu phase 2,Dataran Bandar Sibu phase 2,,Viewpoint,tourism=viewpoint,node,4746307323,2.292543,111.823286,Sarawak,13,Sibu,15,,,,,
OSM_node_4225153098,Tour Viewpoint,,,Viewpoint,tourism=viewpoint,node,4225153098,2.287162,111.826226,Sarawak,13,Sibu,15,,,,,
OSM_way_1421967535,Burung Merpati Simanggang,,,Attraction,tourism=attraction,way,1421967535,1.236886,111.460565,Sarawak,13,Sri Aman,07,,,,,
OSM_node_13057421447,Sri Aman Interchange,,,Attraction,tourism=attraction,node,13057421447,1.162278,111.46669,Sarawak,13,Sri Aman,07,,,,,
OSM_node_12987001346,Tapak Hakisan Benak (Jalan Putus),,,Attraction,tourism=attraction,node,12987001346,1.291162,111.390501,Sarawak,13,Sri Aman,07,,,,,
OSM_node_13784018284,Tapak Hakisan Benak (Jalan Putus),,,Attraction,tourism=attraction,node,13784018284,1.285259,111.39053,Sarawak,13,Sri Aman,07,,,,,
OSM_way_1422966266,Tugu Merpati Mini,,,Attraction,tourism=attraction,way,1422966266,1.233255,111.465814,Sarawak,13,Sri Aman,07,,,,,
OSM_node_13888675348,Wong Popo Waterfall,,,Attraction,tourism=attraction,node,13888675348,1.007238,111.545722,Sarawak,13,Sri Aman,07,,,,,
OSM_node_12945875161,Unnamed Historic Site (Aircraft),,,Historic Site (Aircraft),historic=aircraft,node,12945875161,1.221642,111.464298,Sarawak,13,Sri Aman,07,,,,,
OSM_way_740866547,Fort Alice,,,Historic Site (Building),historic=building,way,740866547,1.239736,111.461852,Sarawak,13,Sri Aman,07,,,,,
OSM_node_6994428885,Fort Alice,,,Museum,tourism=museum,node,6994428885,1.239778,111.461834,Sarawak,13,Sri Aman,07,,,,,
OSM_node_11979221822,Rumah Sri Aman,,,Museum,tourism=museum,node,11979221822,1.241909,111.456355,Sarawak,13,Sri Aman,07,,,,,
OSM_node_6948416085,Great Cave,,,Attraction,tourism=attraction,node,6948416085,3.814111,113.782684,Sarawak,13,Subis,33,,,,,
OSM_node_908300990,Niah Caves,,,Attraction,tourism=attraction,node,908300990,3.81414,113.783681,Sarawak,13,Subis,33,,,,,
OSM_way_1326237857,Pantai Bungai,,,Beach,natural=beach,way,1326237857,4.061253,113.783987,Sarawak,13,Subis,33,,,,,
OSM_way_1326252147,Pantai Peliau,,,Beach,natural=beach,way,1326252147,4.076294,113.793476,Sarawak,13,Subis,33,,,,,
OSM_way_1326237885,Unnamed Beach,,,Beach,natural=beach,way,1326237885,4.026608,113.755356,Sarawak,13,Subis,33,,,,,
OSM_way_1326252157,Unnamed Beach,,,Beach,natural=beach,way,1326252157,4.073448,113.791893,Sarawak,13,Subis,33,,,,,
OSM_node_1549431211,Painted Cave,,,Historic Site (Archaeological Site),historic=archaeological_site,node,1549431211,3.810971,113.787522,Sarawak,13,Subis,33,,,,,
OSM_way_141561637,Unnamed Museum,,,Museum,tourism=museum,way,141561637,3.822296,113.762461,Sarawak,13,Subis,33,,,,,
OSM_node_4212013924,Bukit Kasut,,,Viewpoint,tourism=viewpoint,node,4212013924,3.796758,113.767539,Sarawak,13,Subis,33,,,,,
OSM_node_908300986,Gunung Subis,,,Viewpoint,tourism=viewpoint,node,908300986,3.793458,113.787445,Sarawak,13,Subis,33,,,,,
OSM_node_6429968931,Giam Klimau Falls,,,Waterfall,waterway=waterfall,node,6429968931,3.723169,113.927533,Sarawak,13,Subis,33,,,,,
OSM_node_6429977863,Unnamed Waterfall,,,Waterfall,waterway=waterfall,node,6429977863,3.71425,113.924183,Sarawak,13,Subis,33,,,,,
OSM_way_818119815,Unnamed Beach,,,Beach,natural=beach,way,818119815,2.430446,111.237457,Sarawak,13,Tanjung Manis,38,,,,,
OSM_way_818119816,Unnamed Beach,,,Beach,natural=beach,way,818119816,2.424087,111.226598,Sarawak,13,Tanjung Manis,38,,,,,
OSM_way_818119817,Unnamed Beach,,,Beach,natural=beach,way,818119817,2.418663,111.218823,Sarawak,13,Tanjung Manis,38,,,,,
OSM_way_818119818,Unnamed Beach,,,Beach,natural=beach,way,818119818,2.406664,111.206546,Sarawak,13,Tanjung Manis,38,,,,,
OSM_way_818119819,Unnamed Beach,,,Beach,natural=beach,way,818119819,2.392502,111.195102,Sarawak,13,Tanjung Manis,38,,,,,
OSM_way_818119820,Unnamed Beach,,,Beach,natural=beach,way,818119820,2.380274,111.18871,Sarawak,13,Tanjung Manis,38,,,,,
OSM_way_818119821,Unnamed Beach,,,Beach,natural=beach,way,818119821,2.364046,111.18527,Sarawak,13,Tanjung Manis,38,,,,,
OSM_way_818119822,Unnamed Beach,,,Beach,natural=beach,way,818119822,2.350441,111.183718,Sarawak,13,Tanjung Manis,38,,,,,
OSM_way_818119823,Unnamed Beach,,,Beach,natural=beach,way,818119823,2.336943,111.185734,Sarawak,13,Tanjung Manis,38,,,,,
OSM_way_818119824,Unnamed Beach,,,Beach,natural=beach,way,818119824,2.332664,111.186448,Sarawak,13,Tanjung Manis,38,,,,,
OSM_way_818119825,Unnamed Beach,,,Beach,natural=beach,way,818119825,2.329863,111.186892,Sarawak,13,Tanjung Manis,38,,,,,
OSM_way_818119826,Unnamed Beach,,,Beach,natural=beach,way,818119826,2.318462,111.18802,Sarawak,13,Tanjung Manis,38,,,,,
OSM_way_818119827,Unnamed Beach,,,Beach,natural=beach,way,818119827,2.314285,111.188706,Sarawak,13,Tanjung Manis,38,,,,,
OSM_way_818119828,Unnamed Beach,,,Beach,natural=beach,way,818119828,2.298037,111.190378,Sarawak,13,Tanjung Manis,38,,,,,
OSM_way_818119829,Unnamed Beach,,,Beach,natural=beach,way,818119829,2.2494,111.1906,Sarawak,13,Tanjung Manis,38,,,,,
OSM_node_13105096691,Simpang Long Beyak,,,Historic Site (Monument),historic=monument,node,13105096691,2.666499,113.521742,Sarawak,13,Tatau,20,,,,,
OSM_node_12280863402,Tutoh site,,,Attraction,tourism=attraction,node,12280863402,3.800131,114.94707,Sarawak,13,Telang Usan,35,,,,,
OSM_node_11411720969,Bulu Jetty,,,Viewpoint,tourism=viewpoint,node,11411720969,3.596979,114.402189,Sarawak,13,Telang Usan,35,,,,,
OSM_node_5411758421,Kiri,,,Viewpoint,tourism=viewpoint,node,5411758421,3.776426,114.545755,Sarawak,13,Telang Usan,35,,,,,
OSM_node_7768608057,Air Terjun Julan Barat,Western Julan Waterfall,Air Terjun Julan Barat,Waterfall,waterway=waterfall,node,7768608057,3.029181,114.647432,Sarawak,13,Telang Usan,35,,,,,
OSM_node_12230082482,Air Terjun Julan Timur,Eastern Julan Waterfall,Air Terjun Julan Timur,Waterfall,waterway=waterfall,node,12230082482,3.033416,114.664913,Sarawak,13,Telang Usan,35,,,,,
OSM_node_4833964280,Sela'an Waterfall,Sela'an Waterfall,,Waterfall,waterway=waterfall,node,4833964280,3.313803,115.100932,Sarawak,13,Telang Usan,35,,,,,
OSM_node_13382572701,Checkpoint 1,,,Attraction,tourism=attraction,node,13382572701,3.22487,101.776565,Selangor,10,Gombak,01,,,,,
OSM_node_12555555289,Forest Skywalk,,Jejantas Rimba,Attraction,tourism=attraction,node,12555555289,3.226928,101.6187,Selangor,10,Gombak,01,https://skywalk.frim.gov.my/,+603 62797649,"08:30-12:30,14:30-15:30; Fr off",yes,
OSM_way_1209030801,Galeri Batu Arang,,,Attraction,tourism=attraction,way,1209030801,3.311168,101.469099,Selangor,10,Gombak,01,,,,,
OSM_node_7592108385,Klang Gates Quartz Ridge,Klang Gates Quartz Ridge,,Attraction,tourism=attraction,node,7592108385,3.233157,101.754299,Selangor,10,Gombak,01,,,,,
OSM_node_1738872865,Kolam Air Panas Selayang,Selayang Hot Spring,Kolam Air Panas Selayang,Attraction,tourism=attraction,node,1738872865,3.258671,101.646323,Selangor,10,Gombak,01,https://www.klook.com/en-MY/blog/hot-springs-in-malaysia/,,,,
OSM_node_8277169289,Landslide Incident Bukit Antarabangsa,,,Attraction,tourism=attraction,node,8277169289,3.186874,101.7696,Selangor,10,Gombak,01,,,,,
OSM_relation_12843439,Selangor Fruits Valley,Selangor Fruits Valley,,Attraction,tourism=attraction,relation,12843439,3.373907,101.45662,Selangor,10,Gombak,01,https://www.pkps.gov.my/perladangan/selangor-fruits-valley/,0332720019,Sa-Su 10:00-17:00,,
OSM_node_10249179321,Trailhead Rawang Bypass,Trailhead Rawang Bypass,,Attraction,tourism=attraction,node,10249179321,3.326038,101.596484,Selangor,10,Gombak,01,,,,,
OSM_node_10249179322,Trailhead Rawang Bypass,,,Attraction,tourism=attraction,node,10249179322,3.319523,101.594834,Selangor,10,Gombak,01,,,,,
OSM_way_695914436,Mimaland,,,Historic Site,historic=yes,way,695914436,3.283486,101.721883,Selangor,10,Gombak,01,,,,,
OSM_way_1009824608,Unnamed Historic Site (Manor),,,Historic Site (Manor),historic=manor,way,1009824608,3.328863,101.478566,Selangor,10,Gombak,01,,,,,
OSM_node_12531532235,Covid-19 Monument,,,Historic Site (Monument),historic=monument,node,12531532235,3.251624,101.739626,Selangor,10,Gombak,01,,,,,
OSM_node_11620332745,Eagle,,,Historic Site (Monument),historic=monument,node,11620332745,3.238122,101.682504,Selangor,10,Gombak,01,,,,,
OSM_node_4450182216,Hanuman Statue,Hanuman Statue,,Historic Site (Monument),historic=monument,node,4450182216,3.238266,101.68172,Selangor,10,Gombak,01,,,,yes,
OSM_node_12531532246,IIUM Fountain,,,Historic Site (Monument),historic=monument,node,12531532246,3.249516,101.734207,Selangor,10,Gombak,01,,,,,
OSM_node_12531692409,IIUM Keris Monument,,,Historic Site (Monument),historic=monument,node,12531692409,3.250827,101.730744,Selangor,10,Gombak,01,,,,,
OSM_node_12531620660,Iqra' Monument,,,Historic Site (Monument),historic=monument,node,12531620660,3.250213,101.735863,Selangor,10,Gombak,01,,,,,
OSM_node_2911346279,Lord Murugan Statue,Lord Murugan Statue,,Historic Site (Monument),historic=monument,node,2911346279,3.237477,101.683982,Selangor,10,Gombak,01,,,,,
OSM_node_5855900491,Old Field Station,Old Field Station,,Historic Site (Ruins),historic=ruins,node,5855900491,3.324224,101.750231,Selangor,10,Gombak,01,,,,,
OSM_node_5903009409,Forest Shrine,Forest Shrine,,Historic Site (Wayside Shrine),historic=wayside_shrine,node,5903009409,3.323667,101.75363,Selangor,10,Gombak,01,,,,,
OSM_node_5903465768,Sacred Shrine With Statue,Sacred Shrine With Statue,,Historic Site (Wayside Shrine),historic=wayside_shrine,node,5903465768,3.322445,101.752015,Selangor,10,Gombak,01,,,,,
OSM_node_5855931296,Temple,Temple,,Historic Site (Wayside Shrine),historic=wayside_shrine,node,5855931296,3.323843,101.751399,Selangor,10,Gombak,01,,,,,
OSM_node_5224503875,Unnamed Historic Site (Wayside Shrine),,,Historic Site (Wayside Shrine),historic=wayside_shrine,node,5224503875,3.351246,101.697991,Selangor,10,Gombak,01,,,,,
OSM_node_11226571876,Ruined Nissan Van,,,Historic Site (Wreck),historic=wreck,node,11226571876,3.282582,101.7208,Selangor,10,Gombak,01,,,,,
OSM_way_449713851,Forest Research Institute Malaysia Museum,Forest Research Institute Malaysia Museum,,Museum,tourism=museum,way,449713851,3.23544,101.634346,Selangor,10,Gombak,01,,,,,
OSM_way_449714746,Insectarium,Insectarium,,Museum,tourism=museum,way,449714746,3.234453,101.633945,Selangor,10,Gombak,01,,,,,
OSM_way_1207976408,Muzium Orang Asli Gombak,"Orang Asli Museum, Gombak",,Museum,tourism=museum,way,1207976408,3.294389,101.732069,Selangor,10,Gombak,01,,,09:00-17:00; Fr off,,
OSM_node_1696988220,Traditional House,Traditional House,,Museum,tourism=museum,node,1696988220,3.235898,101.628495,Selangor,10,Gombak,01,,,,,
OSM_way_1236017794,Skyline Luge Kuala Lumpur,,,Theme Park,tourism=theme_park,way,1236017794,3.272234,101.550678,Selangor,10,Gombak,01,https://www.skylineluge.my/kuala-lumpur/,,,,
OSM_node_10196320833,Bukit Pau,Pau Hill,Bukit Pau,Viewpoint,tourism=viewpoint,node,10196320833,3.235365,101.774617,Selangor,10,Gombak,01,,,,,
OSM_node_10222768945,Bukit Tabur Extra,Tabur Extra Hill,Bukit Tabur Extra,Viewpoint,tourism=viewpoint,node,10222768945,3.227639,101.769211,Selangor,10,Gombak,01,,,,,
OSM_node_10594433073,Bukit Tabur Far East Viewpoint,Bukit Tabur Far East Viewpoint,,Viewpoint,tourism=viewpoint,node,10594433073,3.23096,101.760545,Selangor,10,Gombak,01,,,,,
OSM_node_12555555291,Lookout Tower,,,Viewpoint,tourism=viewpoint,node,12555555291,3.227543,101.618988,Selangor,10,Gombak,01,,,,yes,
OSM_node_10249179323,Rawang Bypass Viewpoint,Rawang Bypass Viewpoint,,Viewpoint,tourism=viewpoint,node,10249179323,3.319025,101.59902,Selangor,10,Gombak,01,,,,,
OSM_node_4755933321,Unnamed Viewpoint,,,Viewpoint,tourism=viewpoint,node,4755933321,3.236915,101.738531,Selangor,10,Gombak,01,,,,,
OSM_node_6860580219,Unnamed Viewpoint,,,Viewpoint,tourism=viewpoint,node,6860580219,3.238135,101.684339,Selangor,10,Gombak,01,,,,,
OSM_node_7875873078,Unnamed Viewpoint,,,Viewpoint,tourism=viewpoint,node,7875873078,3.179812,101.766633,Selangor,10,Gombak,01,,,,,
OSM_node_10196320341,Unnamed Viewpoint,,,Viewpoint,tourism=viewpoint,node,10196320341,3.239331,101.765192,Selangor,10,Gombak,01,,,,,
OSM_node_10196320342,Unnamed Viewpoint,,,Viewpoint,tourism=viewpoint,node,10196320342,3.246885,101.775308,Selangor,10,Gombak,01,,,,,
OSM_node_10196320343,Unnamed Viewpoint,,,Viewpoint,tourism=viewpoint,node,10196320343,3.243899,101.772583,Selangor,10,Gombak,01,,,,,
OSM_node_10237943387,Unnamed Viewpoint,,,Viewpoint,tourism=viewpoint,node,10237943387,3.237917,101.616932,Selangor,10,Gombak,01,,,,,
OSM_node_10593842310,Unnamed Viewpoint,,,Viewpoint,tourism=viewpoint,node,10593842310,3.165194,101.776605,Selangor,10,Gombak,01,,,,,
OSM_node_10603614926,Unnamed Viewpoint,,,Viewpoint,tourism=viewpoint,node,10603614926,3.220706,101.786745,Selangor,10,Gombak,01,,,,,
OSM_node_11225287795,Unnamed Viewpoint,,,Viewpoint,tourism=viewpoint,node,11225287795,3.246099,101.707181,Selangor,10,Gombak,01,,,,,
OSM_node_11226407491,Unnamed Viewpoint,,,Viewpoint,tourism=viewpoint,node,11226407491,3.266938,101.706119,Selangor,10,Gombak,01,,,,,
OSM_node_11419760693,Unnamed Viewpoint,,,Viewpoint,tourism=viewpoint,node,11419760693,3.183001,101.766141,Selangor,10,Gombak,01,,,,,
OSM_node_11419771128,Unnamed Viewpoint,,,Viewpoint,tourism=viewpoint,node,11419771128,3.345477,101.773023,Selangor,10,Gombak,01,,,,,
OSM_node_11775226775,Unnamed Viewpoint,,,Viewpoint,tourism=viewpoint,node,11775226775,3.2945,101.760992,Selangor,10,Gombak,01,,,,,
OSM_node_11775226776,Unnamed Viewpoint,,,Viewpoint,tourism=viewpoint,node,11775226776,3.292838,101.763604,Selangor,10,Gombak,01,,,,,
OSM_node_11878532644,Unnamed Viewpoint,,,Viewpoint,tourism=viewpoint,node,11878532644,3.248435,101.631919,Selangor,10,Gombak,01,,,,,
OSM_node_12805582483,Unnamed Viewpoint,,,Viewpoint,tourism=viewpoint,node,12805582483,3.313624,101.622658,Selangor,10,Gombak,01,,,,,
OSM_node_12805582513,Unnamed Viewpoint,,,Viewpoint,tourism=viewpoint,node,12805582513,3.317231,101.627762,Selangor,10,Gombak,01,,,,,
OSM_node_12879284885,Unnamed Viewpoint,,,Viewpoint,tourism=viewpoint,node,12879284885,3.224547,101.774401,Selangor,10,Gombak,01,,,,,
OSM_node_13834783523,Unnamed Viewpoint,,,Viewpoint,tourism=viewpoint,node,13834783523,3.23478,101.773028,Selangor,10,Gombak,01,,,,,
OSM_node_14081382971,Unnamed Viewpoint,,,Viewpoint,tourism=viewpoint,node,14081382971,3.224251,101.617699,Selangor,10,Gombak,01,,,,,
OSM_node_12897287741,View of Kubang Gajah Falls,,,Viewpoint,tourism=viewpoint,node,12897287741,3.211441,101.795417,Selangor,10,Gombak,01,,,,,
OSM_node_11861730981,Viewpoint,,,Viewpoint,tourism=viewpoint,node,11861730981,3.280069,101.709844,Selangor,10,Gombak,01,,,,,
OSM_way_1236017795,FunPark @ Gamuda Gardens,,,Water Park,leisure=water_park,way,1236017795,3.274215,101.551767,Selangor,10,Gombak,01,https://glplay.com.my/funpark,,,,
OSM_node_10238005028,Air Terjun Dinding,,,Waterfall,waterway=waterfall,node,10238005028,3.236763,101.611473,Selangor,10,Gombak,01,,,,,
OSM_node_10247873927,Air Terjun Empangan Tasik Hijau,,Air Terjun Empangan Tasik Hijau,Waterfall,waterway=waterfall,node,10247873927,3.167646,101.779785,Selangor,10,Gombak,01,,,,,
OSM_node_10238087093,Air Terjun Komanwel,Commonwealth Falls,,Waterfall,waterway=waterfall,node,10238087093,3.291,101.612667,Selangor,10,Gombak,01,,,,,
OSM_node_10239489174,Air Terjun Mini Jeram,,,Waterfall,waterway=waterfall,node,10239489174,3.21768,101.774863,Selangor,10,Gombak,01,,,,,
OSM_node_11226315893,Air Terjun Tujuh Puteri,,,Waterfall,waterway=waterfall,node,11226315893,3.270499,101.705957,Selangor,10,Gombak,01,,,,,
OSM_node_10239489214,Batu Asah Falls 1,Batu Asah Falls 1,,Waterfall,waterway=waterfall,node,10239489214,3.22333,101.79238,Selangor,10,Gombak,01,,,,,
OSM_node_5587386770,Batu Asah Falls 2,Batu Asah Falls 2,,Waterfall,waterway=waterfall,node,5587386770,3.22194,101.792784,Selangor,10,Gombak,01,,,,,
OSM_node_10239656402,Batu Asah Falls 3,Batu Asah Falls 3,,Waterfall,waterway=waterfall,node,10239656402,3.221848,101.792874,Selangor,10,Gombak,01,,,,,
OSM_node_10239656401,Batu Asah Falls 4,Batu Asah Falls 4,,Waterfall,waterway=waterfall,node,10239656401,3.221708,101.79298,Selangor,10,Gombak,01,,,,,
OSM_node_10239489225,Batu Asah Falls 5,Batu Asah Falls 5,,Waterfall,waterway=waterfall,node,10239489225,3.221591,101.793159,Selangor,10,Gombak,01,,,,,
OSM_node_5587386772,Batu Asah Falls 6,Batu Asah Falls 6,,Waterfall,waterway=waterfall,node,5587386772,3.221462,101.793367,Selangor,10,Gombak,01,,,,,
OSM_node_10239489213,Batu Asah Falls 7,Batu Asah Falls 7,,Waterfall,waterway=waterfall,node,10239489213,3.221605,101.793863,Selangor,10,Gombak,01,,,,,
OSM_node_10239489221,Batu Asah Falls 9,,,Waterfall,waterway=waterfall,node,10239489221,3.22412,101.80147,Selangor,10,Gombak,01,,,,,
OSM_node_5276831690,Batu Kapal Falls,,,Waterfall,waterway=waterfall,node,5276831690,3.34716,101.71999,Selangor,10,Gombak,01,,,,,
OSM_node_10196321121,Jeram Kubang Gajah,Kubang Gajah Falls,Jeram Kubang Gajah,Waterfall,waterway=waterfall,node,10196321121,3.211095,101.795778,Selangor,10,Gombak,01,,,,,
OSM_node_10200281076,Jimmy Waterfall,,,Waterfall,waterway=waterfall,node,10200281076,3.280158,101.82256,Selangor,10,Gombak,01,,,,,
OSM_node_1707821709,Kanching Falls,,,Waterfall,waterway=waterfall,node,1707821709,3.303626,101.619032,Selangor,10,Gombak,01,,,,,
OSM_node_10196321138,Lata Gitar,Upper Ampang Falls,Lata Gitar,Waterfall,waterway=waterfall,node,10196321138,3.215438,101.800947,Selangor,10,Gombak,01,,,,,
OSM_node_10196321137,Lata Pinang,Mid Ampang Falls,Lata Pinang,Waterfall,waterway=waterfall,node,10196321137,3.21502,101.800647,Selangor,10,Gombak,01,,,,,
OSM_node_10239367160,Lata Sham,,Lata Sham,Waterfall,waterway=waterfall,node,10239367160,3.210982,101.805046,Selangor,10,Gombak,01,,,,,
OSM_node_5265386452,Lower Sungai Tua Waterfall,,,Waterfall,waterway=waterfall,node,5265386452,3.33155,101.701836,Selangor,10,Gombak,01,,,,,
OSM_node_5278847645,Pisang Falls,,,Waterfall,waterway=waterfall,node,5278847645,3.317205,101.732553,Selangor,10,Gombak,01,,,,,
OSM_node_12712758101,Pool,,,Waterfall,waterway=waterfall,node,12712758101,3.22193,101.778775,Selangor,10,Gombak,01,,,,,
OSM_node_1979282360,Templer Waterfall (Lower Tier),,,Waterfall,waterway=waterfall,node,1979282360,3.293739,101.654121,Selangor,10,Gombak,01,,,,,
OSM_node_1979282369,Templer Waterfall (Upper Tier),,,Waterfall,waterway=waterfall,node,1979282369,3.294276,101.654463,Selangor,10,Gombak,01,,,,,
OSM_node_10237937958,Teratak Kasih Cascade 1,,,Waterfall,waterway=waterfall,node,10237937958,3.259092,101.638491,Selangor,10,Gombak,01,,,,,
OSM_node_8324288699,Teratak Kasih Cascade 2,,,Waterfall,waterway=waterfall,node,8324288699,3.259345,101.637367,Selangor,10,Gombak,01,,,,,
OSM_node_5276831789,Unnamed Waterfall,,,Waterfall,waterway=waterfall,node,5276831789,3.330065,101.703063,Selangor,10,Gombak,01,,,,,
OSM_node_5281748522,Unnamed Waterfall,,,Waterfall,waterway=waterfall,node,5281748522,3.329779,101.703218,Selangor,10,Gombak,01,,,,,
OSM_node_5281748523,Unnamed Waterfall,,,Waterfall,waterway=waterfall,node,5281748523,3.329525,101.70335,Selangor,10,Gombak,01,,,,,
OSM_node_10220042478,Unnamed Waterfall,,,Waterfall,waterway=waterfall,node,10220042478,3.306732,101.619677,Selangor,10,Gombak,01,,,,,
OSM_node_11927294321,Unnamed Waterfall,,,Waterfall,waterway=waterfall,node,11927294321,3.301018,101.62649,Selangor,10,Gombak,01,,,,,
OSM_node_11927294322,Unnamed Waterfall,,,Waterfall,waterway=waterfall,node,11927294322,3.301554,101.626449,Selangor,10,Gombak,01,,,,,
OSM_node_12644702457,Unnamed Waterfall,,,Waterfall,waterway=waterfall,node,12644702457,3.283777,101.538534,Selangor,10,Gombak,01,,,,,
OSM_node_12802126139,Unnamed Waterfall,,,Waterfall,waterway=waterfall,node,12802126139,3.302976,101.619279,Selangor,10,Gombak,01,,,,,
OSM_node_12802126141,Unnamed Waterfall,,,Waterfall,waterway=waterfall,node,12802126141,3.304073,101.618932,Selangor,10,Gombak,01,,,,,
OSM_node_12802126265,Unnamed Waterfall,,,Waterfall,waterway=waterfall,node,12802126265,3.302449,101.619414,Selangor,10,Gombak,01,,,,,
OSM_node_12802126333,Unnamed Waterfall,,,Waterfall,waterway=waterfall,node,12802126333,3.302482,101.619311,Selangor,10,Gombak,01,,,,,
OSM_node_12802126379,Unnamed Waterfall,,,Waterfall,waterway=waterfall,node,12802126379,3.301806,101.619207,Selangor,10,Gombak,01,,,,,
OSM_node_12805355666,Unnamed Waterfall,,,Waterfall,waterway=waterfall,node,12805355666,3.300468,101.629614,Selangor,10,Gombak,01,,,,,
OSM_node_12805582531,Unnamed Waterfall,,,Waterfall,waterway=waterfall,node,12805582531,3.305624,101.61971,Selangor,10,Gombak,01,,,,,
OSM_node_12830212783,Unnamed Waterfall,,,Waterfall,waterway=waterfall,node,12830212783,3.301641,101.619232,Selangor,10,Gombak,01,,,,,
OSM_node_13049581739,Unnamed Waterfall,,,Waterfall,waterway=waterfall,node,13049581739,3.305018,101.619716,Selangor,10,Gombak,01,,,,,
OSM_node_5265386449,Upper Sungai Tua Waterfall,,,Waterfall,waterway=waterfall,node,5265386449,3.331595,101.701626,Selangor,10,Gombak,01,,,,,
OSM_relation_17633468,Zoo Negara,National Zoo,Zoo Negara,Zoo,tourism=zoo,relation,17633468,3.210658,101.759111,Selangor,10,Gombak,01,,,,,yes
OSM_node_12452631002,Xian Long Aquatic Sdn. Bhd.,,,Aquarium,tourism=aquarium,node,12452631002,3.042437,101.528757,Selangor,10,Klang,02,,,,,
OSM_way_1125577160,akuarium chong hong,,,Aquarium,tourism=aquarium,way,1125577160,3.024883,101.53798,Selangor,10,Klang,02,,,,,
OSM_node_4782251523,Kota Raja Mahadi,,Kota Raja Mahadi,Attraction,tourism=attraction,node,4782251523,3.04505,101.445083,Selangor,10,Klang,02,,,,,
OSM_node_9159463046,Little India,,,Attraction,tourism=attraction,node,9159463046,3.040365,101.447003,Selangor,10,Klang,02,,,,,
OSM_node_7743388635,Taman Pengkalan Hampar,,Taman Pengkalan Hampar,Attraction,tourism=attraction,node,7743388635,3.045993,101.447939,Selangor,10,Klang,02,,,,,
OSM_way_1293018362,Tanjung Harapan,,,Attraction,tourism=attraction,way,1293018362,3.004767,101.362393,Selangor,10,Klang,02,,,,,
OSM_way_628173128,Pantai Acheh,Acheh Beach,Pantai Acheh,Beach,natural=beach,way,628173128,2.885569,101.283134,Selangor,10,Klang,02,,,,,
OSM_way_628173129,Pantai Tanjung Piai,Tanjung Piai Beach,Pantai Tanjung Piai,Beach,natural=beach,way,628173129,2.887735,101.282228,Selangor,10,Klang,02,,,,,
OSM_way_628173133,Unnamed Beach,,,Beach,natural=beach,way,628173133,2.888333,101.29049,Selangor,10,Klang,02,,,,,
OSM_way_366071845,Galeri Diraja Sultan Abdul Aziz,Sultan Abdul Aziz Royal Gallery,,Gallery,tourism=gallery,way,366071845,3.041272,101.449241,Selangor,10,Klang,02,,,,,
OSM_node_13077404535,Gallery KEV,,,Gallery,tourism=gallery,node,13077404535,3.115743,101.324862,Selangor,10,Klang,02,,,,,
OSM_way_1180914142,Unnamed Historic Site (Castle),,,Historic Site (Castle),historic=castle,way,1180914142,3.03576,101.448803,Selangor,10,Klang,02,,,,,
OSM_way_925779791,Gedung Raja Abdullah,,,Historic Site (Memorial),historic=memorial,way,925779791,3.043467,101.447558,Selangor,10,Klang,02,,,,,
OSM_node_7731561449,Unnamed Historic Site (Wayside Shrine),,,Historic Site (Wayside Shrine),historic=wayside_shrine,node,7731561449,2.997076,101.459276,Selangor,10,Klang,02,,,,,
OSM_way_930465932,班厝 Rumah Papan Pandamaran,,Rumah Papan,Museum,tourism=museum,way,930465932,3.011344,101.418154,Selangor,10,Klang,02,,,"Tu-Su,PH 10:00-18:00",no,
OSM_way_1549658250,Palm Terrace,,,Viewpoint,tourism=viewpoint,way,1549658250,3.01805,101.503583,Selangor,10,Klang,02,,,,,
OSM_way_1549658266,Tree Sculpture Terrace,,,Viewpoint,tourism=viewpoint,way,1549658266,3.017111,101.503618,Selangor,10,Klang,02,,,,,
OSM_node_11276364958,Unnamed Viewpoint,,,Viewpoint,tourism=viewpoint,node,11276364958,3.023003,101.513308,Selangor,10,Klang,02,,,,,
OSM_way_1549658258,Yatch Plaza,,,Viewpoint,tourism=viewpoint,way,1549658258,3.017158,101.504904,Selangor,10,Klang,02,,,,,
OSM_node_13885971837,Pantai Cunang,,,Attraction,tourism=attraction,node,13885971837,2.660179,101.549257,Selangor,10,Kuala Langat,03,,,,,
OSM_node_4664696575,Paya Indah Wetlands,,,Attraction,tourism=attraction,node,4664696575,2.859804,101.631877,Selangor,10,Kuala Langat,03,,,"Mo-Th 07:30-19:00; Fr 07:30-12:00,14:45-19:00; Sa-Su 07:30-19:00",,
OSM_way_971658085,Beach Pool Club,Beach Pool Club,,Beach,natural=beach,way,971658085,2.886296,101.618008,Selangor,10,Kuala Langat,03,,,,,
OSM_relation_16029355,Pantai Batu Laut,Batu Laut Beach,,Beach,natural=beach,relation,16029355,2.675307,101.513098,Selangor,10,Kuala Langat,03,,,,,
OSM_relation_16029356,Pantai Cunang,,,Beach,natural=beach,relation,16029356,2.659951,101.548543,Selangor,10,Kuala Langat,03,,,,,
OSM_relation_18040093,Pantai Kelanang,,,Beach,natural=beach,relation,18040093,2.790411,101.410645,Selangor,10,Kuala Langat,03,,,,,
OSM_relation_16035298,Pantai Morib,Morib Beach,,Beach,natural=beach,relation,16035298,2.754066,101.440704,Selangor,10,Kuala Langat,03,,,,,
OSM_way_160866375,Unnamed Beach,,,Beach,natural=beach,way,160866375,2.828887,101.332066,Selangor,10,Kuala Langat,03,,,,,
OSM_way_1525493899,Unnamed Beach,,,Beach,natural=beach,way,1525493899,2.890388,101.616695,Selangor,10,Kuala Langat,03,,,,,
OSM_way_1525493900,Unnamed Beach,,,Beach,natural=beach,way,1525493900,2.890447,101.616819,Selangor,10,Kuala Langat,03,,,,,
OSM_node_13436863902,Fo Guang Yuan Art Gallery Dong Chan Branch,Fo Guang Yuan Art Gallery Dong Chan Branch,,Gallery,tourism=gallery,node,13436863902,2.869168,101.491367,Selangor,10,Kuala Langat,03,https://www.fgs.org.my/fo-guang-yuan-art-gallery/,,,,
OSM_node_5860138170,Perigi Lama,Old Well,Perigi Lama,Historic Site,historic=yes,node,5860138170,2.835853,101.412791,Selangor,10,Kuala Langat,03,,,,,
OSM_node_5860089978,Tapak Perigi Lama Jugra,Jugra Old Water Well,Tapak Perigi Lama Jugra,Historic Site,historic=yes,node,5860089978,2.835677,101.412658,Selangor,10,Kuala Langat,03,,,,,
OSM_way_620208741,Unnamed Historic Site,,,Historic Site,historic=yes,way,620208741,2.835515,101.414,Selangor,10,Kuala Langat,03,,,,,
OSM_node_5860151563,Armoured Personnel Carrier GMC 15 CWT,Armoured Personnel Carrier GMC 15 CWT,Kereta Perisai GMC 15 CWT,Historic Site (Car),historic=car,node,5860151563,2.836,101.412719,Selangor,10,Kuala Langat,03,,,,,
OSM_node_8852363417,Hatter's Castle,,,Historic Site (Castle),historic=castle,node,8852363417,2.886844,101.360459,Selangor,10,Kuala Langat,03,,+60333266222,,,
OSM_way_1387806344,Istana Bandar Jugra,,,Historic Site (Castle),historic=castle,way,1387806344,2.859929,101.440846,Selangor,10,Kuala Langat,03,https://www.visitselangor.com/istana-bandar-jugra/,,,,
OSM_way_1185603314,Istana Pantai Bahagia,,,Historic Site (Castle),historic=castle,way,1185603314,2.726243,101.455359,Selangor,10,Kuala Langat,03,,,,,
OSM_way_1387806360,Unnamed Historic Site (Castle),,,Historic Site (Castle),historic=castle,way,1387806360,2.859767,101.44108,Selangor,10,Kuala Langat,03,,,,,
OSM_way_620367628,Makam Almarhum Sultan Abdul Samad,,Makam Almarhum Sultan Abdul Samad,Historic Site (Memorial),historic=memorial,way,620367628,2.829591,101.421844,Selangor,10,Kuala Langat,03,,,,,
OSM_node_6432204513,Monumen Badminton Dato' Hj Sidek Abdullah Kamar,,,Historic Site (Memorial),historic=memorial,node,6432204513,2.798486,101.49173,Selangor,10,Kuala Langat,03,,,,,
OSM_node_316365132,Morib Landing Memorial,,,Historic Site (Memorial),historic=memorial,node,316365132,2.74848,101.443276,Selangor,10,Kuala Langat,03,,,,,
OSM_node_13886997914,Unnamed Historic Site (Memorial),,,Historic Site (Memorial),historic=memorial,node,13886997914,2.675214,101.514742,Selangor,10,Kuala Langat,03,,,,,
OSM_node_6395033286,Unnamed Historic Site (Monument),,,Historic Site (Monument),historic=monument,node,6395033286,2.796273,101.62159,Selangor,10,Kuala Langat,03,,,,,
OSM_node_6395056513,Unnamed Historic Site (Monument),,,Historic Site (Monument),historic=monument,node,6395056513,2.902298,101.530312,Selangor,10,Kuala Langat,03,,,,,
OSM_node_5860138169,Unnamed Historic Site (Tank),,,Historic Site (Tank),historic=tank,node,5860138169,2.835836,101.412831,Selangor,10,Kuala Langat,03,,,,,
OSM_way_620219254,Muzium Insitu Jugra,,Muzium Insitu Jugra,Museum,tourism=museum,way,620219254,2.835939,101.412774,Selangor,10,Kuala Langat,03,,,,,
OSM_way_1027669514,Riverine Splash,,,Theme Park,tourism=theme_park,way,1027669514,2.84485,101.411645,Selangor,10,Kuala Langat,03,,,,,
OSM_node_5860017251,Puncak Tinjau Bukit Jugra,Bukit Jugra Viewing Point,Puncak Tinjau Bukit Jugra,Viewpoint,tourism=viewpoint,node,5860017251,2.835478,101.41759,Selangor,10,Kuala Langat,03,,,,,
OSM_node_5860160003,Sungai Langat Lookout Point & Fishing Area,Sungai Langat Lookout Point & Fishing Area,,Viewpoint,tourism=viewpoint,node,5860160003,2.838154,101.412918,Selangor,10,Kuala Langat,03,,,,,
OSM_way_971932952,SplashMania,SplashMania,,Water Park,leisure=water_park,way,971932952,2.890209,101.616966,Selangor,10,Kuala Langat,03,https://glplay.com.my/splashmania,,,,
OSM_node_10201538077,Banyan Tree,,,Attraction,tourism=attraction,node,10201538077,3.228541,101.398659,Selangor,10,Kuala Selangor,04,,,,,
OSM_node_10934605905,Boat to fireflies,,,Attraction,tourism=attraction,node,10934605905,3.35129,101.249282,Selangor,10,Kuala Selangor,04,,,,,
OSM_node_11370008501,Dragonfly Park @ Eco Grandeur,,,Attraction,tourism=attraction,node,11370008501,3.221258,101.458727,Selangor,10,Kuala Selangor,04,,,,,
OSM_node_5449790857,Eagle feeding tour,,,Attraction,tourism=attraction,node,5449790857,3.347873,101.256391,Selangor,10,Kuala Selangor,04,,,,,
OSM_node_6388627085,Firefly,,,Attraction,tourism=attraction,node,6388627085,3.342499,101.25086,Selangor,10,Kuala Selangor,04,,,,RM30,
OSM_node_11018600840,Firefly Habitat,,,Attraction,tourism=attraction,node,11018600840,3.368499,101.262379,Selangor,10,Kuala Selangor,04,,,,,
OSM_node_10202050305,Kapok tree,,,Attraction,tourism=attraction,node,10202050305,3.230519,101.39094,Selangor,10,Kuala Selangor,04,,,,,
OSM_node_6146969750,Selangor Sky Mirror,Selangor Sky Mirror,,Attraction,tourism=attraction,node,6146969750,3.215383,101.194178,Selangor,10,Kuala Selangor,04,,,,,
OSM_node_10202050306,Strangler Fig,Strangler Fig,,Attraction,tourism=attraction,node,10202050306,3.231477,101.399176,Selangor,10,Kuala Selangor,04,,,,,
OSM_relation_7923462,Taman Alam Kuala Selangor,Kuala Selangor Nature Park,,Attraction,tourism=attraction,relation,7923462,3.333721,101.240852,Selangor,10,Kuala Selangor,04,,,,,
OSM_node_5603129143,Unnamed Attraction,,,Attraction,tourism=attraction,node,5603129143,3.385851,101.279476,Selangor,10,Kuala Selangor,04,,,,,
OSM_node_10202050298,Vine tree,,,Attraction,tourism=attraction,node,10202050298,3.230242,101.391047,Selangor,10,Kuala Selangor,04,,,,,
OSM_way_30606853,Pantai Remis,Remis Beach,Pantai Remis,Beach,natural=beach,way,30606853,3.200359,101.305869,Selangor,10,Kuala Selangor,04,,,,,
OSM_relation_15715492,Pantai Sungai Kajang Baru,,,Beach,natural=beach,relation,15715492,3.410436,101.157053,Selangor,10,Kuala Selangor,04,,,,,
OSM_relation_15715491,Unnamed Beach,,,Beach,natural=beach,relation,15715491,3.399735,101.165235,Selangor,10,Kuala Selangor,04,,,,,
OSM_way_1161760601,Balai Seni Sasaran,,,Gallery,tourism=gallery,way,1161760601,3.259626,101.306944,Selangor,10,Kuala Selangor,04,,,,,
OSM_node_13176307293,Unnamed Historic Site (City Gate),,,Historic Site (City Gate),historic=city_gate,node,13176307293,3.315673,101.416492,Selangor,10,Kuala Selangor,04,,,,,
OSM_node_10867481346,Medan Perwira,,,Historic Site (Monument),historic=monument,node,10867481346,3.343179,101.249131,Selangor,10,Kuala Selangor,04,,,,,
OSM_node_2419619295,Unnamed Historic Site (Monument),,,Historic Site (Monument),historic=monument,node,2419619295,3.342379,101.246581,Selangor,10,Kuala Selangor,04,,,,,
OSM_way_1378602713,Kota Tanjung Keramat,,,Historic Site (Ruins),historic=ruins,way,1378602713,3.34561,101.240682,Selangor,10,Kuala Selangor,04,,,,,
OSM_node_10286882647,Makam Diraja Kota Malawati,Royal Burial Ground,,Historic Site (Tomb),historic=tomb,node,10286882647,3.341148,101.248217,Selangor,10,Kuala Selangor,04,,,,,
OSM_node_10286882650,Muzium Permainan Tradisional Rakyat,Museum of Traditional Games,,Museum,tourism=museum,node,10286882650,3.340644,101.246181,Selangor,10,Kuala Selangor,04,,,,,
OSM_way_1125010705,Muzium Sejarah Daerah Kuala Selangor,Historical Museum of Kuala Selangor District,,Museum,tourism=museum,way,1125010705,3.341756,101.245426,Selangor,10,Kuala Selangor,04,https://www.facebook.com/pages/Muzium-Sejarah-Daerah-Kuala-Selangor/334508276564563?ref=profile,,,,
OSM_node_10201538444,Bukit Botak,,,Viewpoint,tourism=viewpoint,node,10201538444,3.233364,101.389113,Selangor,10,Kuala Selangor,04,,,,,
OSM_node_1860433216,Bukit Melawati Viewpoint,,,Viewpoint,tourism=viewpoint,node,1860433216,3.34151,101.244606,Selangor,10,Kuala Selangor,04,,,,,
OSM_node_10202087736,Rock Garden,,,Viewpoint,tourism=viewpoint,node,10202087736,3.2305,101.398792,Selangor,10,Kuala Selangor,04,,,,,
OSM_node_10202050308,Scenic Cliff,Scenic Cliff,,Viewpoint,tourism=viewpoint,node,10202050308,3.229816,101.395735,Selangor,10,Kuala Selangor,04,,,,,
OSM_node_2419619185,Unnamed Viewpoint,,,Viewpoint,tourism=viewpoint,node,2419619185,3.334896,101.237062,Selangor,10,Kuala Selangor,04,,,,,
OSM_node_2419619226,Unnamed Viewpoint,,,Viewpoint,tourism=viewpoint,node,2419619226,3.338842,101.240146,Selangor,10,Kuala Selangor,04,,,,,
OSM_node_10202050309,Unnamed Viewpoint,,,Viewpoint,tourism=viewpoint,node,10202050309,3.228813,101.398829,Selangor,10,Kuala Selangor,04,,,,,
OSM_node_10202050310,Unnamed Viewpoint,,,Viewpoint,tourism=viewpoint,node,10202050310,3.228513,101.399011,Selangor,10,Kuala Selangor,04,,,,,
OSM_node_11861629962,Unnamed Viewpoint,,,Viewpoint,tourism=viewpoint,node,11861629962,3.25132,101.30605,Selangor,10,Kuala Selangor,04,,,,,
OSM_node_10813315003,Aquarium Saujana,Aquarium Saujana,,Aquarium,tourism=aquarium,node,10813315003,3.227568,101.558879,Selangor,10,Petaling,05,,,,,
OSM_way_1492634951,AI World Experience Centre,AI World Experience Centre,,Attraction,tourism=attraction,way,1492634951,3.063855,101.484882,Selangor,10,Petaling,05,,,,,
OSM_node_7741143509,Amusement Park,Amusement Park,,Attraction,tourism=attraction,node,7741143509,3.071915,101.604509,Selangor,10,Petaling,05,,,,,
OSM_node_5568194821,Bolder Ventures,Bolder Ventures Climbing Gym,,Attraction,tourism=attraction,node,5568194821,3.04515,101.604843,Selangor,10,Petaling,05,,,,,
OSM_way_1511797614,Dataran Selangor,,,Attraction,tourism=attraction,way,1511797614,3.075567,101.535877,Selangor,10,Petaling,05,,,,,
OSM_way_23780849,Galeri,Gallery,,Attraction,tourism=attraction,way,23780849,3.072737,101.515008,Selangor,10,Petaling,05,,,,,
OSM_node_9223958892,Gunung Berapi,,Gunung Berapi,Attraction,tourism=attraction,node,9223958892,3.069111,101.606764,Selangor,10,Petaling,05,,,,,
OSM_node_4596204689,Itsy Bitsy,Itsy Bitsy,,Attraction,tourism=attraction,node,4596204689,3.065353,101.484185,Selangor,10,Petaling,05,,,,,
OSM_way_909856754,Jambatan Pelangi Elmina,Elmina Rainbow Bridge,Jambatan Pelangi Elmina,Attraction,tourism=attraction,way,909856754,3.175733,101.504963,Selangor,10,Petaling,05,,,,,yes
OSM_way_909856756,Jambatan Pelangi Elmina,Elmina Rainbow Bridge,Jambatan Pelangi Elmina,Attraction,tourism=attraction,way,909856756,3.175509,101.50461,Selangor,10,Petaling,05,,,,,yes
OSM_node_5565694121,Laman Seni,,Laman Seni,Attraction,tourism=attraction,node,5565694121,3.068114,101.489336,Selangor,10,Petaling,05,,,,,
OSM_node_6128154631,Laman Seni Seksyen 2,,,Attraction,tourism=attraction,node,6128154631,3.071079,101.508456,Selangor,10,Petaling,05,,,,,
OSM_node_5167417721,Light City,Light City,,Attraction,tourism=attraction,node,5167417721,3.064936,101.483198,Selangor,10,Petaling,05,,,,,
OSM_node_7741143506,Nickelodeon Lost Lagoon,,,Attraction,tourism=attraction,node,7741143506,3.06788,101.606693,Selangor,10,Petaling,05,,,,,
OSM_node_4354929690,Rumah Sewa Elliani,,,Attraction,tourism=attraction,node,4354929690,3.092023,101.602208,Selangor,10,Petaling,05,,,,,
OSM_node_7741143510,Scream Park,Scream Park,,Attraction,tourism=attraction,node,7741143510,3.070935,101.605566,Selangor,10,Petaling,05,,,,,
OSM_way_506887388,SnoWalk @i-City,SnoWalk @i-City,,Attraction,tourism=attraction,way,506887388,3.065094,101.485051,Selangor,10,Petaling,05,,,,,
OSM_node_7741143508,Water Park,Water Park,,Attraction,tourism=attraction,node,7741143508,3.07081,101.606933,Selangor,10,Petaling,05,,,,,
OSM_node_7741143507,Wildlife Park,Wildlife Park,,Attraction,tourism=attraction,node,7741143507,3.069313,101.605653,Selangor,10,Petaling,05,,,,,
OSM_node_7741143511,X Park,,,Attraction,tourism=attraction,node,7741143511,3.068483,101.608392,Selangor,10,Petaling,05,,,,,
OSM_node_13026286483,Core Design Gallery,,,Gallery,tourism=gallery,node,13026286483,3.081566,101.589862,Selangor,10,Petaling,05,https://corecontemporaryart.com/,0356121168,,,
OSM_way_498642858,Kompleks Taman Seni Islam Selangor,,,Gallery,tourism=gallery,way,498642858,3.081198,101.522783,Selangor,10,Petaling,05,,,,,
OSM_node_12441123403,星洲日报（3名毕业生（例子））,,,Historic Site,historic=yes,node,12441123403,3.117294,101.631224,Selangor,10,Petaling,05,,,,,
OSM_node_10727740805,Unnamed Historic Site (Aircraft),,,Historic Site (Aircraft),historic=aircraft,node,10727740805,3.044857,101.708763,Selangor,10,Petaling,05,,,,,
OSM_node_8379958565,Istana Bukit Kayangan,,,Historic Site (Castle),historic=castle,node,8379958565,3.071792,101.534032,Selangor,10,Petaling,05,,,,,
OSM_way_902187333,Unnamed Historic Site (Castle),,,Historic Site (Castle),historic=castle,way,902187333,3.071686,101.534474,Selangor,10,Petaling,05,,,,,
OSM_node_12945086791,Unnamed Historic Site (City Gate),,,Historic Site (City Gate),historic=city_gate,node,12945086791,3.089999,101.541204,Selangor,10,Petaling,05,,,,,
OSM_node_2024347320,Laman Comanwel,,,Historic Site (Monument),historic=monument,node,2024347320,3.101443,101.597044,Selangor,10,Petaling,05,,,,,
OSM_way_616822440,Tugu Negeri Selangor,Selangor State Monument,,Historic Site (Monument),historic=monument,way,616822440,3.081144,101.516033,Selangor,10,Petaling,05,,,,,
OSM_relation_8530141,Tugu Negeri Selangor,Selangor State Monument,,Historic Site (Monument),historic=monument,relation,8530141,3.081104,101.515788,Selangor,10,Petaling,05,,,,,
OSM_relation_9627247,Tugu Negeri Selangor,Selangor State Monument,,Historic Site (Monument),historic=monument,relation,9627247,3.081578,101.51584,Selangor,10,Petaling,05,,,,,
OSM_node_7132902788,双溪威新村 Kg. Baru Sg. Way,,,Historic Site (Monument),historic=monument,node,7132902788,3.087145,101.623469,Selangor,10,Petaling,05,,,,,
OSM_node_4640044642,PUJ 2 La Tuk Kong,,,Historic Site (Wayside Shrine),historic=wayside_shrine,node,4640044642,3.021236,101.680973,Selangor,10,Petaling,05,,,,,
OSM_way_608171510,Roadside Shrine,,,Historic Site (Wayside Shrine),historic=wayside_shrine,way,608171510,3.15412,101.579197,Selangor,10,Petaling,05,,,,,
OSM_node_4652801083,Unnamed Historic Site (Wayside Shrine),,,Historic Site (Wayside Shrine),historic=wayside_shrine,node,4652801083,3.114941,101.616011,Selangor,10,Petaling,05,,,,,
OSM_node_5156355532,Unnamed Historic Site (Wayside Shrine),,,Historic Site (Wayside Shrine),historic=wayside_shrine,node,5156355532,3.02408,101.631294,Selangor,10,Petaling,05,,,,,
OSM_node_8260924705,Unnamed Historic Site (Wayside Shrine),,,Historic Site (Wayside Shrine),historic=wayside_shrine,node,8260924705,3.07118,101.596903,Selangor,10,Petaling,05,,,,,
OSM_node_12035494384,Unnamed Historic Site (Wayside Shrine),,,Historic Site (Wayside Shrine),historic=wayside_shrine,node,12035494384,3.122456,101.634264,Selangor,10,Petaling,05,,,,,
OSM_node_12148142304,Unnamed Historic Site (Wayside Shrine),,,Historic Site (Wayside Shrine),historic=wayside_shrine,node,12148142304,3.109894,101.619403,Selangor,10,Petaling,05,,,,,
OSM_node_13192023234,Unnamed Historic Site (Wayside Shrine),,,Historic Site (Wayside Shrine),historic=wayside_shrine,node,13192023234,3.119641,101.598232,Selangor,10,Petaling,05,,,,,
OSM_node_12109839558,Beryl's,,,Museum,tourism=museum,node,12109839558,3.020608,101.711582,Selangor,10,Petaling,05,,,,no,
OSM_node_10598224432,Koridor Sejarah,,,Museum,tourism=museum,node,10598224432,3.08659,101.620853,Selangor,10,Petaling,05,,,,,
OSM_node_4823046824,Malaysia Chocolate Museum,Malaysia Chocolate Museum,,Museum,tourism=museum,node,4823046824,3.155743,101.568956,Selangor,10,Petaling,05,,,,,
OSM_node_1524273574,Muzium Petaling Jaya,Petaling Jaya Museum,Muzium Petaling Jaya,Museum,tourism=museum,node,1524273574,3.105325,101.65036,Selangor,10,Petaling,05,,,,,
OSM_way_604943238,Muzium Petaling Jaya,,,Museum,tourism=museum,way,604943238,3.105398,101.650399,Selangor,10,Petaling,05,,,,,
OSM_way_1524851720,Muzium Sultan Alam Shah,,,Museum,tourism=museum,way,1524851720,3.074943,101.521106,Selangor,10,Petaling,05,,,,,
OSM_node_3775055830,Muzium UiTM & Galeri Seni,UiTM Museum & Art Gallery,Muzium UiTM & Galeri Seni,Museum,tourism=museum,node,3775055830,3.065864,101.505925,Selangor,10,Petaling,05,,,Mo-Fr 09:00-17:00,,
OSM_way_447226883,Flipout Trampouline Park,,,Theme Park,tourism=theme_park,way,447226883,3.164043,101.572465,Selangor,10,Petaling,05,,,,,
OSM_way_506887386,I-City Theme Park,I-City Theme Park,,Theme Park,tourism=theme_park,way,506887386,3.06483,101.483889,Selangor,10,Petaling,05,https://iticket.i-city.my/,,,,
OSM_way_133076253,Sunway Lagoon,Sunway Lagoon,,Theme Park,tourism=theme_park,way,133076253,3.069637,101.606775,Selangor,10,Petaling,05,https://sunwaylagoon.com/,,We-Mo 10:00-23:00,,
OSM_way_23780845,Wet World,Wet World,,Theme Park,tourism=theme_park,way,23780845,3.071933,101.512984,Selangor,10,Petaling,05,,,,,
OSM_way_23780846,Wet World,Wet World,,Theme Park,tourism=theme_park,way,23780846,3.07262,101.512348,Selangor,10,Petaling,05,,,,,
OSM_node_7004195463,Budiman Peak Lookout Point,Budiman Peak Lookout Point,,Viewpoint,tourism=viewpoint,node,7004195463,3.138799,101.485331,Selangor,10,Petaling,05,,,,,
OSM_node_4080167640,Bukit Gasing - KL view,,,Viewpoint,tourism=viewpoint,node,4080167640,3.091703,101.659691,Selangor,10,Petaling,05,,,,,
OSM_node_1524820466,Bukit Gasing - Puchong view,,,Viewpoint,tourism=viewpoint,node,1524820466,3.091451,101.658021,Selangor,10,Petaling,05,,,,,
OSM_node_10223170406,Bukit Serdang,,,Viewpoint,tourism=viewpoint,node,10223170406,3.019242,101.689323,Selangor,10,Petaling,05,,,,,
OSM_node_10223170409,Highway Lookout Point,,,Viewpoint,tourism=viewpoint,node,10223170409,3.01287,101.684693,Selangor,10,Petaling,05,,,,,
OSM_node_5340618123,Peak Garden (North Hummock),Peak Garden (North Hummock),Bukit Pasir,Viewpoint,tourism=viewpoint,node,5340618123,3.128419,101.484305,Selangor,10,Petaling,05,,,,,
OSM_node_10620101489,Sky View,,,Viewpoint,tourism=viewpoint,node,10620101489,3.127409,101.485278,Selangor,10,Petaling,05,,,,,
OSM_node_10223170408,Sunrise Peak 1,,,Viewpoint,tourism=viewpoint,node,10223170408,3.017262,101.689434,Selangor,10,Petaling,05,,,,,
OSM_node_10223170407,Sunrise Peak 2,,,Viewpoint,tourism=viewpoint,node,10223170407,3.018146,101.689179,Selangor,10,Petaling,05,,,,,
OSM_node_11730845421,Sunset Boulevard R&R,,,Viewpoint,tourism=viewpoint,node,11730845421,3.174636,101.601945,Selangor,10,Petaling,05,,,,,
OSM_node_1752045057,Unnamed Viewpoint,,,Viewpoint,tourism=viewpoint,node,1752045057,3.106495,101.518182,Selangor,10,Petaling,05,,,,,
OSM_node_3454534392,Unnamed Viewpoint,,,Viewpoint,tourism=viewpoint,node,3454534392,3.076077,101.519475,Selangor,10,Petaling,05,,,,,
OSM_node_3454538096,Unnamed Viewpoint,,,Viewpoint,tourism=viewpoint,node,3454538096,3.075651,101.516028,Selangor,10,Petaling,05,,,,,
OSM_node_5213595830,Unnamed Viewpoint,,,Viewpoint,tourism=viewpoint,node,5213595830,3.023433,101.630272,Selangor,10,Petaling,05,,,,,
OSM_node_5213595831,Unnamed Viewpoint,,,Viewpoint,tourism=viewpoint,node,5213595831,3.023537,101.630687,Selangor,10,Petaling,05,,,,,
OSM_node_6290451340,Unnamed Viewpoint,,,Viewpoint,tourism=viewpoint,node,6290451340,3.091068,101.661177,Selangor,10,Petaling,05,,,,,
OSM_node_6986097614,Unnamed Viewpoint,,,Viewpoint,tourism=viewpoint,node,6986097614,3.015999,101.62797,Selangor,10,Petaling,05,,,,,
OSM_node_10614010847,Unnamed Viewpoint,,,Viewpoint,tourism=viewpoint,node,10614010847,3.134221,101.484961,Selangor,10,Petaling,05,,,,,
OSM_node_10614010848,Unnamed Viewpoint,,,Viewpoint,tourism=viewpoint,node,10614010848,3.132176,101.485171,Selangor,10,Petaling,05,,,,,
OSM_node_10614010852,Unnamed Viewpoint,,,Viewpoint,tourism=viewpoint,node,10614010852,3.119998,101.493333,Selangor,10,Petaling,05,,,,,
OSM_node_10614010853,Unnamed Viewpoint,,,Viewpoint,tourism=viewpoint,node,10614010853,3.122612,101.49351,Selangor,10,Petaling,05,,,,,
OSM_node_10614010863,Unnamed Viewpoint,,,Viewpoint,tourism=viewpoint,node,10614010863,3.135274,101.484988,Selangor,10,Petaling,05,,,,,
OSM_node_10739217802,Unnamed Viewpoint,,,Viewpoint,tourism=viewpoint,node,10739217802,3.17657,101.599757,Selangor,10,Petaling,05,,,,,
OSM_node_10739217803,Unnamed Viewpoint,,,Viewpoint,tourism=viewpoint,node,10739217803,3.175802,101.5997,Selangor,10,Petaling,05,,,,,
OSM_node_11730845414,Unnamed Viewpoint,,,Viewpoint,tourism=viewpoint,node,11730845414,3.173896,101.601545,Selangor,10,Petaling,05,,,,,
OSM_node_11733243814,Unnamed Viewpoint,,,Viewpoint,tourism=viewpoint,node,11733243814,3.175768,101.601128,Selangor,10,Petaling,05,,,,,
OSM_node_12199178017,Unnamed Viewpoint,,,Viewpoint,tourism=viewpoint,node,12199178017,3.179941,101.510716,Selangor,10,Petaling,05,,,,,
OSM_node_12248364081,Unnamed Viewpoint,,,Viewpoint,tourism=viewpoint,node,12248364081,3.027412,101.630837,Selangor,10,Petaling,05,,,,,
OSM_node_12539613259,Unnamed Viewpoint,,,Viewpoint,tourism=viewpoint,node,12539613259,3.131993,101.476352,Selangor,10,Petaling,05,,,,,
OSM_way_374102637,Unnamed Viewpoint,,,Viewpoint,tourism=viewpoint,way,374102637,3.071304,101.514187,Selangor,10,Petaling,05,,,,,
OSM_way_1409987913,Unnamed Viewpoint,,,Viewpoint,tourism=viewpoint,way,1409987913,3.074543,101.513644,Selangor,10,Petaling,05,,,,,
OSM_way_506887409,WaterWorld i-City,WaterWorld i-City,,Water Park,leisure=water_park,way,506887409,3.064144,101.485339,Selangor,10,Petaling,05,,,,,
OSM_node_11268606662,Bakol Big Waterfall,Bakol Big Waterfall,,Waterfall,waterway=waterfall,node,11268606662,3.129559,101.481135,Selangor,10,Petaling,05,,,,,
OSM_node_11268606665,Bakol Small Waterfall,Bakol Small Waterfall,,Waterfall,waterway=waterfall,node,11268606665,3.129663,101.481493,Selangor,10,Petaling,05,,,,,
OSM_node_4493525007,Blue Lagoon Waterfall,,Air Terjun Lagun Biru,Waterfall,waterway=waterfall,node,4493525007,3.015405,101.647834,Selangor,10,Petaling,05,,,,,
OSM_node_12104003103,Damai Waterfall,,Air Terjun Damai,Waterfall,waterway=waterfall,node,12104003103,3.02335,101.648993,Selangor,10,Petaling,05,,,,,
OSM_node_11902080166,Mini Waterfall,,,Waterfall,waterway=waterfall,node,11902080166,3.027077,101.639905,Selangor,10,Petaling,05,,,,,
OSM_node_10611514426,SACF Waterfall,,,Waterfall,waterway=waterfall,node,10611514426,3.122742,101.478768,Selangor,10,Petaling,05,,,,,
OSM_node_10180523183,Unnamed Waterfall,,,Waterfall,waterway=waterfall,node,10180523183,3.020288,101.646286,Selangor,10,Petaling,05,,,,,
OSM_node_10879140770,Unnamed Waterfall,,,Waterfall,waterway=waterfall,node,10879140770,3.130221,101.481403,Selangor,10,Petaling,05,,,,,
OSM_node_11192899903,Unnamed Waterfall,,,Waterfall,waterway=waterfall,node,11192899903,3.12339,101.482006,Selangor,10,Petaling,05,,,,,
OSM_node_11285208370,Unnamed Waterfall,,,Waterfall,waterway=waterfall,node,11285208370,3.130221,101.481403,Selangor,10,Petaling,05,,,,,
OSM_node_11324284103,Unnamed Waterfall,,,Waterfall,waterway=waterfall,node,11324284103,3.12414,101.481466,Selangor,10,Petaling,05,,,,,
OSM_node_11324284104,Unnamed Waterfall,,,Waterfall,waterway=waterfall,node,11324284104,3.124344,101.481617,Selangor,10,Petaling,05,,,,,
OSM_node_11324284131,Unnamed Waterfall,,,Waterfall,waterway=waterfall,node,11324284131,3.125832,101.48091,Selangor,10,Petaling,05,,,,,
OSM_node_11902080153,Unnamed Waterfall,,,Waterfall,waterway=waterfall,node,11902080153,3.026489,101.641547,Selangor,10,Petaling,05,,,,,
OSM_node_12247571485,Unnamed Waterfall,,,Waterfall,waterway=waterfall,node,12247571485,3.023401,101.648234,Selangor,10,Petaling,05,,,,,
OSM_way_1511509678,Unnamed Waterfall,,,Waterfall,waterway=waterfall,way,1511509678,3.064292,101.604467,Selangor,10,Petaling,05,,,,,
OSM_way_1254104273,Aviary 'n' Bunny Park,,,Zoo,tourism=zoo,way,1254104273,3.098999,101.514422,Selangor,10,Petaling,05,,,,,
OSM_way_1534225423,Fun Fun,Fun Fun,,Zoo,tourism=zoo,way,1534225423,3.064667,101.482549,Selangor,10,Petaling,05,,,,yes,
OSM_way_1449929752,Ah Ma House,,,Attraction,tourism=attraction,way,1449929752,3.507334,101.108532,Selangor,10,Sabak Bernam,06,,,,,
OSM_way_1545147720,Terminal Sekinchan (aeroplane),,,Attraction,tourism=attraction,way,1545147720,3.521739,101.14452,Selangor,10,Sabak Bernam,06,,,,,
OSM_way_795235671,Pantai Redang,,,Beach,natural=beach,way,795235671,3.502816,101.094008,Selangor,10,Sabak Bernam,06,,,,,
OSM_way_1379038546,Unnamed Beach,,,Beach,natural=beach,way,1379038546,3.689993,100.93529,Selangor,10,Sabak Bernam,06,,,,,
OSM_way_1379038547,Unnamed Beach,,,Beach,natural=beach,way,1379038547,3.690267,100.933454,Selangor,10,Sabak Bernam,06,,,,,
OSM_way_1380311912,Unnamed Beach,,,Beach,natural=beach,way,1380311912,3.748159,100.896672,Selangor,10,Sabak Bernam,06,,,,,
OSM_way_1380311947,Unnamed Beach,,,Beach,natural=beach,way,1380311947,3.750274,100.895648,Selangor,10,Sabak Bernam,06,,,,,
OSM_way_1381042044,Unnamed Beach,,,Beach,natural=beach,way,1381042044,3.712291,100.925192,Selangor,10,Sabak Bernam,06,,,,,
OSM_relation_17207916,Unnamed Beach,,,Beach,natural=beach,relation,17207916,3.527747,101.08457,Selangor,10,Sabak Bernam,06,,,,,
OSM_way_1302101652,Istana Raja Sehari,,,Historic Site (Castle),historic=castle,way,1302101652,3.770053,100.982832,Selangor,10,Sabak Bernam,06,,,,,
OSM_way_679036935,Galeri Padi Sekinchan,Sekinchan Rice Museum,,Museum,tourism=museum,way,679036935,3.519981,101.129143,Selangor,10,Sabak Bernam,06,,,Mo-Su 09:00-17:30,,
OSM_node_4895337422,Sabak Bernam Museum,,,Museum,tourism=museum,node,4895337422,3.771008,100.984201,Selangor,10,Sabak Bernam,06,,03-3216 5586,,,
OSM_node_5355039025,Bagan Sekinchan,,,Viewpoint,tourism=viewpoint,node,5355039025,3.50228,101.094442,Selangor,10,Sabak Bernam,06,,,,,
OSM_node_14054289766,Unnamed Viewpoint,,,Viewpoint,tourism=viewpoint,node,14054289766,3.521606,101.144245,Selangor,10,Sabak Bernam,06,,,,,
OSM_node_12084996208,Aza Aquarium,,,Aquarium,tourism=aquarium,node,12084996208,2.81909,101.692327,Selangor,10,Sepang,07,,,,,
OSM_node_5565684330,Unnamed Aquarium,,,Aquarium,tourism=aquarium,node,5565684330,2.861839,101.678911,Selangor,10,Sepang,07,,,,,
OSM_way_1184917043,Farm Fresh @ UPM,,,Attraction,tourism=attraction,way,1184917043,2.989942,101.731589,Selangor,10,Sepang,07,,+60162067133,,yes,
OSM_node_11013150318,Mural Art @ BBST Walk,,,Attraction,tourism=attraction,node,11013150318,2.811619,101.737803,Selangor,10,Sepang,07,,,,,
OSM_node_11013150270,Photospot,,,Attraction,tourism=attraction,node,11013150270,2.987881,101.731506,Selangor,10,Sepang,07,,,,,
OSM_node_13484240925,Pusat Rekreasi Dataran Tasik Impian,,,Attraction,tourism=attraction,node,13484240925,2.895233,101.760532,Selangor,10,Sepang,07,,,,,
OSM_way_323392836,Rimba,,,Attraction,tourism=attraction,way,323392836,2.747985,101.713605,Selangor,10,Sepang,07,,,06:00-23:00,,no
OSM_way_1417656456,Taman Kucing,,,Attraction,tourism=attraction,way,1417656456,2.937976,101.644167,Selangor,10,Sepang,07,,,,,
OSM_relation_14906624,Pantai Bagan Lalang,Bagan Lalang Beach,Pantai Bagan Lalang,Beach,natural=beach,relation,14906624,2.602537,101.690394,Selangor,10,Sepang,07,,,,,
OSM_way_1360123565,Unnamed Beach,,,Beach,natural=beach,way,1360123565,2.60234,101.688092,Selangor,10,Sepang,07,,,,,
OSM_node_13078087272,ASHmazing House,,,Historic Site (Castle),historic=castle,node,13078087272,2.812343,101.702294,Selangor,10,Sepang,07,,,,,
OSM_node_11911764990,Unnamed Historic Site (Memorial),,,Historic Site (Memorial),historic=memorial,node,11911764990,2.976706,101.73596,Selangor,10,Sepang,07,,,,,
OSM_node_5264169557,陈嘉庚纪念碑,,,Historic Site (Memorial),historic=memorial,node,5264169557,2.829833,101.703986,Selangor,10,Sepang,07,,,,,
OSM_node_5674016921,Commonwealth Games 1998 Statue,,,Historic Site (Monument),historic=monument,node,5674016921,2.83341,101.661248,Selangor,10,Sepang,07,,,,,
OSM_node_10127495297,Muzium Automobil Nasional,National Automobile Museum,Muzium Automobil Nasional,Museum,tourism=museum,node,10127495297,2.759319,101.731686,Selangor,10,Sepang,07,https://www.jmm.gov.my/en/museum/national-automobile-museum,+60387874759,09:00-17:00; Mo[1] off,no,
OSM_node_12282876142,Muzium Cina Malaysia,Malaysian Chinese Museum,Muzium Cina Malaysia,Museum,tourism=museum,node,12282876142,3.004765,101.72627,Selangor,10,Sepang,07,,,,,
OSM_node_10269610245,District 21,District 21,,Theme Park,tourism=theme_park,node,10269610245,2.969633,101.714561,Selangor,10,Sepang,07,https://www.ioidistrict21.com.my/,,,,
OSM_node_12805235009,16 Sierra Lookout Point,,,Viewpoint,tourism=viewpoint,node,12805235009,2.967787,101.655387,Selangor,10,Sepang,07,,,,,
OSM_node_11025809773,Anjung Spotter,,,Viewpoint,tourism=viewpoint,node,11025809773,2.716374,101.712001,Selangor,10,Sepang,07,,,,,
OSM_way_1417656452,Jeti,Jetty,,Viewpoint,tourism=viewpoint,way,1417656452,2.937742,101.643025,Selangor,10,Sepang,07,,,,,
OSM_way_1417656448,Menara Tinjau,Lookout Tower,,Viewpoint,tourism=viewpoint,way,1417656448,2.936722,101.64048,Selangor,10,Sepang,07,,,,,
OSM_node_5358725128,Unnamed Viewpoint,,,Viewpoint,tourism=viewpoint,node,5358725128,2.632861,101.624024,Selangor,10,Sepang,07,,,,,
OSM_node_12573684566,Unnamed Viewpoint,,,Viewpoint,tourism=viewpoint,node,12573684566,2.83745,101.73206,Selangor,10,Sepang,07,,,,,
OSM_way_1417656475,Unnamed Viewpoint,,,Viewpoint,tourism=viewpoint,way,1417656475,2.936796,101.64252,Selangor,10,Sepang,07,,,,,
OSM_way_1185606698,Aviary,,,Zoo,tourism=zoo,way,1185606698,2.989464,101.732035,Selangor,10,Sepang,07,,,,,
OSM_way_638183992,Farm in the City,Farm in the City,,Zoo,tourism=zoo,way,638183992,2.979969,101.660183,Selangor,10,Sepang,07,https://farminthecity.my/,,10:00-18:00; Tu off,yes,
OSM_node_10269610249,IOI City Farm,IOI City Farm,,Zoo,tourism=zoo,node,10269610249,2.969724,101.714494,Selangor,10,Sepang,07,,,,,
OSM_way_1253894525,Unnamed Aquarium,,,Aquarium,tourism=aquarium,way,1253894525,3.077812,101.767412,Selangor,10,Ulu Langat,08,,,,,
OSM_node_9971421317,Bukit Tempurung Peak,Tempurung Hill Peak,Bukit Tempurung Peak,Attraction,tourism=attraction,node,9971421317,2.889346,101.854293,Selangor,10,Ulu Langat,08,,,,,
OSM_node_9971421107,Butterfly Lawn,Butterfly Lawn,,Attraction,tourism=attraction,node,9971421107,2.889805,101.853164,Selangor,10,Ulu Langat,08,,,,,
OSM_node_9971421055,Fern Garden,Fern Garden,,Attraction,tourism=attraction,node,9971421055,2.887765,101.853458,Selangor,10,Ulu Langat,08,,,,,
OSM_node_9971421194,Low Flying Fox,Low Flying Fox,,Attraction,tourism=attraction,node,9971421194,2.890471,101.853487,Selangor,10,Ulu Langat,08,,,,,
OSM_node_12246256071,Puncak Saga,Saga Top,,Attraction,tourism=attraction,node,12246256071,3.109736,101.776768,Selangor,10,Ulu Langat,08,,,,,
OSM_node_5436453923,Serai Bamboo Hot Spring,,,Attraction,tourism=attraction,node,5436453923,3.091032,101.794229,Selangor,10,Ulu Langat,08,,,,,
OSM_node_10267973383,Shan Shui (Hill Water) Station,,,Attraction,tourism=attraction,node,10267973383,3.091862,101.775926,Selangor,10,Ulu Langat,08,,,,,
OSM_node_7924539685,Wild boar sightseeing,,,Attraction,tourism=attraction,node,7924539685,3.100427,101.756372,Selangor,10,Ulu Langat,08,,,,,
OSM_node_12778201263,3 Boundaries Stone,,,Historic Site,historic=yes,node,12778201263,3.259783,101.914303,Selangor,10,Ulu Langat,08,,,,,
OSM_node_12109615090,Unnamed Historic Site (Memorial),,,Historic Site (Memorial),historic=memorial,node,12109615090,3.145547,101.744477,Selangor,10,Ulu Langat,08,,,,,
OSM_node_11051037974,Buddhist/Taoist Columbarium,,,Historic Site (Tomb),historic=tomb,node,11051037974,3.052275,101.863669,Selangor,10,Ulu Langat,08,,,,,
OSM_node_11051037971,Christian Columbarium,,,Historic Site (Tomb),historic=tomb,node,11051037971,3.051494,101.865211,Selangor,10,Ulu Langat,08,,,,,
OSM_node_11051216607,Oriental Villa (Columbarium),,,Historic Site (Tomb),historic=tomb,node,11051216607,3.048681,101.867555,Selangor,10,Ulu Langat,08,,,,,
OSM_way_1494978586,Unnamed Historic Site (Tomb),,,Historic Site (Tomb),historic=tomb,way,1494978586,3.022767,101.86215,Selangor,10,Ulu Langat,08,,,,,
OSM_node_11049175263,赵明福墓碑,Tombstone of Teoh Beng Hock,,Historic Site (Tomb),historic=tomb,node,11049175263,3.048678,101.865519,Selangor,10,Ulu Langat,08,,,,,
OSM_node_4130103113,Unnamed Historic Site (Wayside Shrine),,,Historic Site (Wayside Shrine),historic=wayside_shrine,node,4130103113,3.113416,101.775446,Selangor,10,Ulu Langat,08,,,,,
OSM_node_10287287631,Unnamed Historic Site (Wayside Shrine),,,Historic Site (Wayside Shrine),historic=wayside_shrine,node,10287287631,3.10319,101.753746,Selangor,10,Ulu Langat,08,,,,,
OSM_node_12330738584,Unnamed Historic Site (Wayside Shrine),,,Historic Site (Wayside Shrine),historic=wayside_shrine,node,12330738584,3.136267,101.764744,Selangor,10,Ulu Langat,08,,,,,
OSM_node_13690981820,Unnamed Historic Site (Wayside Shrine),,,Historic Site (Wayside Shrine),historic=wayside_shrine,node,13690981820,2.979038,101.785868,Selangor,10,Ulu Langat,08,,,,,
OSM_node_2138337478,Galeri Sate,,Galeri Sate,Museum,tourism=museum,node,2138337478,2.994596,101.784798,Selangor,10,Ulu Langat,08,,,,,
OSM_way_1310795913,Istana Puteri Bongsu,,,Museum,tourism=museum,way,1310795913,2.923965,101.766292,Selangor,10,Ulu Langat,08,,,,,
OSM_node_9917404934,Pusat Warisan Kajang,Kajang Heritage Centre,Pusat Warisan Kajang,Museum,tourism=museum,node,9917404934,2.991944,101.786695,Selangor,10,Ulu Langat,08,,,,,
OSM_way_1443510292,Dino Desert,,,Theme Park,tourism=theme_park,way,1443510292,3.046588,101.854823,Selangor,10,Ulu Langat,08,,,,,
OSM_way_209205495,Ampang Look Out Tower,,,Viewpoint,tourism=viewpoint,way,209205495,3.129182,101.794435,Selangor,10,Ulu Langat,08,,,,,
OSM_node_1721357618,Broga Hill Peak 1,,,Viewpoint,tourism=viewpoint,node,1721357618,2.947055,101.900684,Selangor,10,Ulu Langat,08,,,,,
OSM_node_1721357627,Broga Hill Peak 2,,,Viewpoint,tourism=viewpoint,node,1721357627,2.948763,101.901712,Selangor,10,Ulu Langat,08,,,,,
OSM_node_2410666489,Broga Hill Peak 3,Broga Hill Peak 3,,Viewpoint,tourism=viewpoint,node,2410666489,2.950323,101.902939,Selangor,10,Ulu Langat,08,,,,,
OSM_node_5894362782,Gold Station,,,Viewpoint,tourism=viewpoint,node,5894362782,3.094908,101.770832,Selangor,10,Ulu Langat,08,,,,,
OSM_node_7916749285,Ketumbar Hill KL viewpoint,,,Viewpoint,tourism=viewpoint,node,7916749285,3.099149,101.751713,Selangor,10,Ulu Langat,08,,,,,
OSM_node_3865639558,Midway Station,,,Viewpoint,tourism=viewpoint,node,3865639558,3.092344,101.770474,Selangor,10,Ulu Langat,08,,,,,
OSM_node_10586972276,Oh My Maya Peak,,,Viewpoint,tourism=viewpoint,node,10586972276,3.097538,101.752109,Selangor,10,Ulu Langat,08,,,,,
OSM_way_209205505,Puncak ALOP,,,Viewpoint,tourism=viewpoint,way,209205505,3.129242,101.795883,Selangor,10,Ulu Langat,08,,,,,
OSM_node_10287243385,SUKE view,,,Viewpoint,tourism=viewpoint,node,10287243385,3.099937,101.756377,Selangor,10,Ulu Langat,08,,,,,
OSM_node_3865639637,Station,,,Viewpoint,tourism=viewpoint,node,3865639637,3.092258,101.771258,Selangor,10,Ulu Langat,08,,,,,
OSM_node_5892806555,Station 1,,,Viewpoint,tourism=viewpoint,node,5892806555,3.088525,101.771279,Selangor,10,Ulu Langat,08,,,,,
OSM_node_5900763516,Station 2,,,Viewpoint,tourism=viewpoint,node,5900763516,3.09022,101.771661,Selangor,10,Ulu Langat,08,,,,,
OSM_node_6239045146,Station 3b,,,Viewpoint,tourism=viewpoint,node,6239045146,3.096371,101.772696,Selangor,10,Ulu Langat,08,,,,,
OSM_node_10287243386,Steel Tower View,,,Viewpoint,tourism=viewpoint,node,10287243386,3.097004,101.755716,Selangor,10,Ulu Langat,08,,,,,
OSM_node_10112495358,Sudut Fotografi,Photographic Corner,Sudut Fotografi,Viewpoint,tourism=viewpoint,node,10112495358,2.946892,101.902063,Selangor,10,Ulu Langat,08,,,,,
OSM_node_10287243361,Unnamed Viewpoint,,,Viewpoint,tourism=viewpoint,node,10287243361,3.103198,101.755014,Selangor,10,Ulu Langat,08,,,,,
OSM_node_10287243362,Unnamed Viewpoint,,,Viewpoint,tourism=viewpoint,node,10287243362,3.101384,101.756456,Selangor,10,Ulu Langat,08,,,,,
OSM_node_10287243392,Unnamed Viewpoint,,,Viewpoint,tourism=viewpoint,node,10287243392,3.09794,101.752193,Selangor,10,Ulu Langat,08,,,,,
OSM_node_10586972273,Unnamed Viewpoint,,,Viewpoint,tourism=viewpoint,node,10586972273,3.101666,101.757416,Selangor,10,Ulu Langat,08,,,,,
OSM_node_10604309925,Unnamed Viewpoint,,,Viewpoint,tourism=viewpoint,node,10604309925,3.229539,101.816305,Selangor,10,Ulu Langat,08,,,,,
OSM_node_10720914880,Unnamed Viewpoint,,,Viewpoint,tourism=viewpoint,node,10720914880,3.054649,101.821705,Selangor,10,Ulu Langat,08,,,,,
OSM_node_10720914881,Unnamed Viewpoint,,,Viewpoint,tourism=viewpoint,node,10720914881,3.053787,101.81845,Selangor,10,Ulu Langat,08,,,,,
OSM_node_11419788307,Unnamed Viewpoint,,,Viewpoint,tourism=viewpoint,node,11419788307,3.083139,101.886576,Selangor,10,Ulu Langat,08,,,,,
OSM_node_12246256084,Unnamed Viewpoint,,,Viewpoint,tourism=viewpoint,node,12246256084,3.094224,101.770075,Selangor,10,Ulu Langat,08,,,,,
OSM_way_1508451528,Unnamed Viewpoint,,,Viewpoint,tourism=viewpoint,way,1508451528,3.126146,101.787193,Selangor,10,Ulu Langat,08,,,,,
OSM_way_544934899,Bangi Wonderland Water Park,Bangi Wonderland Water Park,,Water Park,leisure=water_park,way,544934899,2.904732,101.790376,Selangor,10,Ulu Langat,08,,,,,
OSM_way_1388686620,Monkeys Splash Zone,,,Water Park,leisure=water_park,way,1388686620,3.048052,101.848626,Selangor,10,Ulu Langat,08,,,,,
OSM_node_10251377922,Air Terjun #1,,,Waterfall,waterway=waterfall,node,10251377922,3.155618,101.928557,Selangor,10,Ulu Langat,08,,,,,
OSM_node_10251377875,Air Terjun #10,,,Waterfall,waterway=waterfall,node,10251377875,3.156047,101.932829,Selangor,10,Ulu Langat,08,,,,,
OSM_node_10251377873,Air Terjun #11,,,Waterfall,waterway=waterfall,node,10251377873,3.156242,101.93333,Selangor,10,Ulu Langat,08,,,,,
OSM_node_10251377872,Air Terjun #2,,,Waterfall,waterway=waterfall,node,10251377872,3.15568,101.928661,Selangor,10,Ulu Langat,08,,,,,
OSM_node_10251377924,Air Terjun #3,,,Waterfall,waterway=waterfall,node,10251377924,3.155656,101.928807,Selangor,10,Ulu Langat,08,,,,,
OSM_node_10251377926,Air Terjun #4,,,Waterfall,waterway=waterfall,node,10251377926,3.155523,101.929095,Selangor,10,Ulu Langat,08,,,,,
OSM_node_10251377931,Air Terjun #5,,,Waterfall,waterway=waterfall,node,10251377931,3.155712,101.930128,Selangor,10,Ulu Langat,08,,,,,
OSM_node_10251377871,Air Terjun #7,,,Waterfall,waterway=waterfall,node,10251377871,3.155359,101.931504,Selangor,10,Ulu Langat,08,,,,,
OSM_node_10251377878,Air Terjun #8,,,Waterfall,waterway=waterfall,node,10251377878,3.15542,101.932169,Selangor,10,Ulu Langat,08,,,,,
OSM_node_10251377876,Air Terjun #9,,,Waterfall,waterway=waterfall,node,10251377876,3.155787,101.932641,Selangor,10,Ulu Langat,08,,,,,
OSM_node_10188307574,Air Terjun Berembun,Berembun Waterfall,Air Terjun Berembun,Waterfall,waterway=waterfall,node,10188307574,3.230478,101.901648,Selangor,10,Ulu Langat,08,,,,,
OSM_node_10188307573,Air Terjun Bomoh Ali,Bomoh Ali Waterfall,Air Terjun Bomoh Ali,Waterfall,waterway=waterfall,node,10188307573,3.229042,101.901133,Selangor,10,Ulu Langat,08,,,,,
OSM_node_10251377818,Air Terjun Lawing,,,Waterfall,waterway=waterfall,node,10251377818,3.16501,101.929788,Selangor,10,Ulu Langat,08,,,,,
OSM_node_4643907344,Air Terjun Lepoh,Lepoh Waterfall,Air Terjun Lepoh,Waterfall,waterway=waterfall,node,4643907344,3.250144,101.866271,Selangor,10,Ulu Langat,08,,,,,
OSM_node_10252935065,Air Terjun Perdik,Perdik Falls (Upper Main Fall),,Waterfall,waterway=waterfall,node,10252935065,3.212333,101.826167,Selangor,10,Ulu Langat,08,,,,,
OSM_node_10251377982,Air Terjun Sungai Gobok,,,Waterfall,waterway=waterfall,node,10251377982,3.155506,101.930858,Selangor,10,Ulu Langat,08,,,,,
OSM_node_2085534362,Apek Waterfall,,,Waterfall,waterway=waterfall,node,2085534362,3.103833,101.781974,Selangor,10,Ulu Langat,08,,,,,
OSM_node_10243694914,Batangsi Falls,,,Waterfall,waterway=waterfall,node,10243694914,3.042183,101.932229,Selangor,10,Ulu Langat,08,,,,,
OSM_node_10243695077,Batangsi Falls,,,Waterfall,waterway=waterfall,node,10243695077,3.044563,101.933373,Selangor,10,Ulu Langat,08,,,,,
OSM_node_10253215132,Batu Tugu cascades,,,Waterfall,waterway=waterfall,node,10253215132,3.174492,101.824057,Selangor,10,Ulu Langat,08,,,,,
OSM_node_1720151676,Gabai Waterfall (lower cascade),,,Waterfall,waterway=waterfall,node,1720151676,3.16639,101.908862,Selangor,10,Ulu Langat,08,,,,,
OSM_node_1720151718,Gabai Waterfall (mid cascade),,,Waterfall,waterway=waterfall,node,1720151718,3.166615,101.909701,Selangor,10,Ulu Langat,08,,,,,
OSM_node_1720151729,Gabai Waterfall (upper cascade),,,Waterfall,waterway=waterfall,node,1720151729,3.166779,101.910407,Selangor,10,Ulu Langat,08,,,,,
OSM_node_10253139276,Jeram Air Mata Gajah,,,Waterfall,waterway=waterfall,node,10253139276,3.174162,101.822114,Selangor,10,Ulu Langat,08,,,,,
OSM_node_6550185008,Jeram Perlus,,,Waterfall,waterway=waterfall,node,6550185008,3.200302,101.923497,Selangor,10,Ulu Langat,08,,,,,
OSM_node_10253227424,Jeram Tinggi Semungkis,,Jeram Tinggi Semungkis,Waterfall,waterway=waterfall,node,10253227424,3.169097,101.826527,Selangor,10,Ulu Langat,08,,,,,
OSM_node_10253139277,Lata Beringin,,,Waterfall,waterway=waterfall,node,10253139277,3.174224,101.824601,Selangor,10,Ulu Langat,08,,,,,
OSM_node_10252934976,Lower Perdik Falls,Lower Perdik Falls,,Waterfall,waterway=waterfall,node,10252934976,3.210572,101.827981,Selangor,10,Ulu Langat,08,,,,,
OSM_node_10255516699,Masai Falls,,,Waterfall,waterway=waterfall,node,10255516699,3.0217,101.918944,Selangor,10,Ulu Langat,08,,,,,
OSM_node_10255469299,Tarun Falls,Tarun Falls,,Waterfall,waterway=waterfall,node,10255469299,2.951497,101.914209,Selangor,10,Ulu Langat,08,,,,,
OSM_node_11942265703,Unnamed Waterfall,,,Waterfall,waterway=waterfall,node,11942265703,3.174903,101.903729,Selangor,10,Ulu Langat,08,,,,,
OSM_node_11951357748,Unnamed Waterfall,,,Waterfall,waterway=waterfall,node,11951357748,3.089521,101.77522,Selangor,10,Ulu Langat,08,,,,,
OSM_node_10253215127,Waterfall #3,,,Waterfall,waterway=waterfall,node,10253215127,3.174423,101.823676,Selangor,10,Ulu Langat,08,,,,,
OSM_node_10253215125,Waterfall #4,,,Waterfall,waterway=waterfall,node,10253215125,3.174243,101.823253,Selangor,10,Ulu Langat,08,,,,,
OSM_node_10253215124,Waterfall #5,,,Waterfall,waterway=waterfall,node,10253215124,3.174096,101.822917,Selangor,10,Ulu Langat,08,,,,,
OSM_node_12874684841,Rocky’s Cat Club,,,Zoo,tourism=zoo,node,12874684841,3.145696,101.756108,Selangor,10,Ulu Langat,08,,,,,
OSM_node_9967805171,Fraser Valley,,,Attraction,tourism=attraction,node,9967805171,3.529576,101.649052,Selangor,10,Ulu Selangor,09,,,,,
OSM_node_4609258775,Fraser's Hill Clock Tower,Fraser's Hill Clock Tower,Menara Jam Bukit Fraser,Attraction,tourism=attraction,node,4609258775,3.711875,101.73639,Selangor,10,Ulu Selangor,09,,,,,
OSM_way_1545429193,Lorong Seni Kuala Kubu Bharu,Kuala Kubu Bharu Back Lane Art Gallery,,Attraction,tourism=attraction,way,1545429193,3.563257,101.65964,Selangor,10,Ulu Selangor,09,,,,,
OSM_way_1492243876,Lubuk Tupai,,,Attraction,tourism=attraction,way,1492243876,3.502226,101.720062,Selangor,10,Ulu Selangor,09,,,,,
OSM_node_13852149101,Sungai Chiling Fish Sanctuary,,,Attraction,tourism=attraction,node,13852149101,3.59275,101.737917,Selangor,10,Ulu Selangor,09,https://petitgo.com/listing_display?listingid=342,03-6064 1214,Sa-Su 08:00-17:00,,
OSM_node_10264610753,Trailhead Gunung Gap & Ulu Semangkok,Trailhead Gunung Gap & Ulu Semangkok,,Attraction,tourism=attraction,node,10264610753,3.690855,101.749509,Selangor,10,Ulu Selangor,09,,,,,
OSM_way_711899127,Welcome To Fraser's Hill Arch,Welcome To Fraser's Hill Arch,,Attraction,tourism=attraction,way,711899127,3.692665,101.748433,Selangor,10,Ulu Selangor,09,,,,,
OSM_way_713091691,Unnamed Historic Site (House),,,Historic Site (House),historic=house,way,713091691,3.711255,101.733441,Selangor,10,Ulu Selangor,09,,,,,
OSM_way_713266690,Unnamed Historic Site (House),,,Historic Site (House),historic=house,way,713266690,3.710668,101.726666,Selangor,10,Ulu Selangor,09,,,,,
OSM_way_713850015,Unnamed Historic Site (House),,,Historic Site (House),historic=house,way,713850015,3.711562,101.727656,Selangor,10,Ulu Selangor,09,,,,,
OSM_way_1544504613,Unnamed Historic Site (House),,,Historic Site (House),historic=house,way,1544504613,3.711042,101.735929,Selangor,10,Ulu Selangor,09,,,,,
OSM_node_5243798722,"Canaan Valley, Serendah",,,Historic Site (Memorial),historic=memorial,node,5243798722,3.404127,101.637817,Selangor,10,Ulu Selangor,09,,,,,
OSM_node_4728861484,Bukit Kutu Hill Station,Bukit Kutu Hill Station,,Historic Site (Ruins),historic=ruins,node,4728861484,3.542999,101.72018,Selangor,10,Ulu Selangor,09,,,,,no
OSM_node_4973495753,Bungalow at Bukit Kutu,Bungalow at Bukit Kutu,,Historic Site (Ruins),historic=ruins,node,4973495753,3.542883,101.717773,Selangor,10,Ulu Selangor,09,,,,,
OSM_node_10559779204,Batu Belah,Belah Rock,Batu Belah,Historic Site (Stone),historic=stone,node,10559779204,3.56102,101.674187,Selangor,10,Ulu Selangor,09,,,,,
OSM_node_4723961538,Unnamed Historic Site (Wayside Shrine),,,Historic Site (Wayside Shrine),historic=wayside_shrine,node,4723961538,3.438214,101.68055,Selangor,10,Ulu Selangor,09,,,,,
OSM_node_4950210150,Unnamed Historic Site (Wayside Shrine),,,Historic Site (Wayside Shrine),historic=wayside_shrine,node,4950210150,3.457517,101.685246,Selangor,10,Ulu Selangor,09,,,,,
OSM_node_6703447320,Unnamed Historic Site (Wayside Shrine),,,Historic Site (Wayside Shrine),historic=wayside_shrine,node,6703447320,3.711892,101.733335,Selangor,10,Ulu Selangor,09,,,,,
OSM_node_11047778917,Unnamed Historic Site (Wayside Shrine),,,Historic Site (Wayside Shrine),historic=wayside_shrine,node,11047778917,3.466481,101.639193,Selangor,10,Ulu Selangor,09,,,,,
OSM_node_6694313128,Bird Interpretive Center,,,Museum,tourism=museum,node,6694313128,3.712249,101.736422,Selangor,10,Ulu Selangor,09,,,,,
OSM_node_13463448678,Galeri Seni dan Sejarah Kuala Kubu Bharu,,Galeri Seni dan Sejarah Kuala Kubu Bharu,Museum,tourism=museum,node,13463448678,3.566039,101.655897,Selangor,10,Ulu Selangor,09,https://peskubu.org/lokasi-galeri-sejarah/,,,,
OSM_node_2896694320,Bukit Kutu,Kutu Hill,Bukit Kutu,Viewpoint,tourism=viewpoint,node,2896694320,3.54316,101.719911,Selangor,10,Ulu Selangor,09,,,,,
OSM_node_10248896554,Bukit Sentosa,,,Viewpoint,tourism=viewpoint,node,10248896554,3.403457,101.580345,Selangor,10,Ulu Selangor,09,,,,,
OSM_node_10245161995,Sungai Selangor Lookout Point,Sungai Selangor Lookout Point,,Viewpoint,tourism=viewpoint,node,10245161995,3.554536,101.687176,Selangor,10,Ulu Selangor,09,,,,,
OSM_node_4950209932,Unnamed Viewpoint,,,Viewpoint,tourism=viewpoint,node,4950209932,3.456045,101.687381,Selangor,10,Ulu Selangor,09,,,,,
OSM_node_4950210177,Unnamed Viewpoint,,,Viewpoint,tourism=viewpoint,node,4950210177,3.4608,101.685123,Selangor,10,Ulu Selangor,09,,,,,
OSM_node_7259968175,Unnamed Viewpoint,,,Viewpoint,tourism=viewpoint,node,7259968175,3.569185,101.696024,Selangor,10,Ulu Selangor,09,,,,,
OSM_node_10248896235,Unnamed Viewpoint,,,Viewpoint,tourism=viewpoint,node,10248896235,3.40323,101.578313,Selangor,10,Ulu Selangor,09,,,,,
OSM_node_10559779144,Unnamed Viewpoint,,,Viewpoint,tourism=viewpoint,node,10559779144,3.558889,101.677903,Selangor,10,Ulu Selangor,09,,,,,
OSM_node_11346709103,Unnamed Viewpoint,,,Viewpoint,tourism=viewpoint,node,11346709103,3.567785,101.707994,Selangor,10,Ulu Selangor,09,,,,,
OSM_node_11346709106,Unnamed Viewpoint,,,Viewpoint,tourism=viewpoint,node,11346709106,3.568367,101.713943,Selangor,10,Ulu Selangor,09,,,,,
OSM_node_11346734254,Unnamed Viewpoint,,,Viewpoint,tourism=viewpoint,node,11346734254,3.592765,101.735325,Selangor,10,Ulu Selangor,09,,,,,
OSM_node_11346734255,Unnamed Viewpoint,,,Viewpoint,tourism=viewpoint,node,11346734255,3.579515,101.728561,Selangor,10,Ulu Selangor,09,,,,,
OSM_node_11827026408,Unnamed Viewpoint,,,Viewpoint,tourism=viewpoint,node,11827026408,3.708026,101.692171,Selangor,10,Ulu Selangor,09,,,,,
OSM_node_12882390115,Unnamed Viewpoint,,,Viewpoint,tourism=viewpoint,node,12882390115,3.396274,101.577286,Selangor,10,Ulu Selangor,09,,,,,
OSM_node_12912069324,Unnamed Viewpoint,,,Viewpoint,tourism=viewpoint,node,12912069324,3.747576,101.41696,Selangor,10,Ulu Selangor,09,,,,,
OSM_way_1544733536,Unnamed Viewpoint,,,Viewpoint,tourism=viewpoint,way,1544733536,3.711869,101.735723,Selangor,10,Ulu Selangor,09,,,,,
OSM_node_12649412207,View Check Point,,,Viewpoint,tourism=viewpoint,node,12649412207,3.680821,101.508179,Selangor,10,Ulu Selangor,09,,,,,
OSM_node_6278219467,View Point,,,Viewpoint,tourism=viewpoint,node,6278219467,3.684531,101.756766,Selangor,10,Ulu Selangor,09,,,,,
OSM_node_10244881979,Air Terjun Batu Bertenggek (Tier 1),,,Waterfall,waterway=waterfall,node,10244881979,3.608865,101.624965,Selangor,10,Ulu Selangor,09,,,,,
OSM_node_10244881824,Air Terjun Batu Bertenggek (Tier 2),,,Waterfall,waterway=waterfall,node,10244881824,3.609039,101.624817,Selangor,10,Ulu Selangor,09,,,,,
OSM_node_10244881980,Air Terjun Batu Bertenggek (Tier 3),,,Waterfall,waterway=waterfall,node,10244881980,3.609189,101.624689,Selangor,10,Ulu Selangor,09,,,,,
OSM_node_10244881981,Air Terjun Batu Bertenggek (Tier 4),,,Waterfall,waterway=waterfall,node,10244881981,3.609457,101.624495,Selangor,10,Ulu Selangor,09,,,,,
OSM_node_2497009731,Air Terjun Chiling,Chiling Waterfalls,,Waterfall,waterway=waterfall,node,2497009731,3.59489,101.750768,Selangor,10,Ulu Selangor,09,,,,,
OSM_node_10265109894,Air Terjun Semangkuk,,,Waterfall,waterway=waterfall,node,10265109894,3.644309,101.741608,Selangor,10,Ulu Selangor,09,,,,,
OSM_node_10225643171,Air Terjun Sendat,Sendat Falls,,Waterfall,waterway=waterfall,node,10225643171,3.403307,101.685296,Selangor,10,Ulu Selangor,09,,,,,
OSM_node_5033643721,Air Terjun Serendah,Serendah Waterfall,,Waterfall,waterway=waterfall,node,5033643721,3.366589,101.637816,Selangor,10,Ulu Selangor,09,,,,,
OSM_node_10238127432,Air Terjun Setinggi,Setinggi Falls,Air Terjun Setinggi,Waterfall,waterway=waterfall,node,10238127432,3.343582,101.638861,Selangor,10,Ulu Selangor,09,,,,,
OSM_node_5276831210,Batu Berayun Falls,,,Waterfall,waterway=waterfall,node,5276831210,3.40726,101.73337,Selangor,10,Ulu Selangor,09,,,,,
OSM_node_10880113253,Gumut+ Left Fall,,,Waterfall,waterway=waterfall,node,10880113253,3.639231,101.611307,Selangor,10,Ulu Selangor,09,,,,,
OSM_node_10880113254,Gumut+ Right Fall,,,Waterfall,waterway=waterfall,node,10880113254,3.638223,101.613136,Selangor,10,Ulu Selangor,09,,,,,
OSM_node_4769013664,Kedongdong Waterfall,,,Waterfall,waterway=waterfall,node,4769013664,3.431133,101.737677,Selangor,10,Ulu Selangor,09,,,,,
OSM_node_10246034483,Lata Gapi,,,Waterfall,waterway=waterfall,node,10246034483,3.406818,101.646795,Selangor,10,Ulu Selangor,09,,,,,
OSM_node_2302045127,Lata Jebus,,,Waterfall,waterway=waterfall,node,2302045127,3.565571,101.743252,Selangor,10,Ulu Selangor,09,,,,,
OSM_node_10245161993,Lata Kancil,Kancil Falls,,Waterfall,waterway=waterfall,node,10245161993,3.55305,101.693184,Selangor,10,Ulu Selangor,09,,,,,
OSM_node_5276830812,Lata Makau,Makau Falls,,Waterfall,waterway=waterfall,node,5276830812,3.564428,101.777882,Selangor,10,Ulu Selangor,09,,,,,
OSM_node_10289734078,Lata Medang #1,Lower Medang Falls,,Waterfall,waterway=waterfall,node,10289734078,3.540768,101.75333,Selangor,10,Ulu Selangor,09,,,,,
OSM_node_13636200160,Lata Peneleh,,,Waterfall,waterway=waterfall,node,13636200160,3.563177,101.779117,Selangor,10,Ulu Selangor,09,,,,,
OSM_node_11916318628,Level 3 waterfall,,,Waterfall,waterway=waterfall,node,11916318628,3.460449,101.738825,Selangor,10,Ulu Selangor,09,,,,,
OSM_node_10245161985,Lower Cherandong Falls,Lower Cherandong Falls,,Waterfall,waterway=waterfall,node,10245161985,3.555169,101.69044,Selangor,10,Ulu Selangor,09,,,,,
OSM_node_10550567770,Lubuk Kawah Falls,,,Waterfall,waterway=waterfall,node,10550567770,3.718758,101.588948,Selangor,10,Ulu Selangor,09,,,,,
OSM_node_5276831942,Lubuk Mecu,,,Waterfall,waterway=waterfall,node,5276831942,3.542314,101.752344,Selangor,10,Ulu Selangor,09,,,,,
OSM_node_10550567766,Perah Falls,,,Waterfall,waterway=waterfall,node,10550567766,3.720014,101.588829,Selangor,10,Ulu Selangor,09,,,,,
OSM_node_10550567764,Perah Falls 4,,,Waterfall,waterway=waterfall,node,10550567764,3.720677,101.588473,Selangor,10,Ulu Selangor,09,,,,,
OSM_node_4716034323,Ulu Tamu Falls,,,Waterfall,waterway=waterfall,node,4716034323,3.450638,101.722435,Selangor,10,Ulu Selangor,09,,,,,
OSM_node_2825816979,Unnamed Waterfall,,,Waterfall,waterway=waterfall,node,2825816979,3.547641,101.682065,Selangor,10,Ulu Selangor,09,,,,,
OSM_node_4716036308,Unnamed Waterfall,,,Waterfall,waterway=waterfall,node,4716036308,3.448659,101.722905,Selangor,10,Ulu Selangor,09,,,,,
OSM_node_4716036341,Unnamed Waterfall,,,Waterfall,waterway=waterfall,node,4716036341,3.448991,101.722822,Selangor,10,Ulu Selangor,09,,,,,
OSM_node_4950207708,Unnamed Waterfall,,,Waterfall,waterway=waterfall,node,4950207708,3.594651,101.750648,Selangor,10,Ulu Selangor,09,,,,,
OSM_node_4950207710,Unnamed Waterfall,,,Waterfall,waterway=waterfall,node,4950207710,3.594287,101.750692,Selangor,10,Ulu Selangor,09,,,,,
OSM_node_11346709104,Unnamed Waterfall,,,Waterfall,waterway=waterfall,node,11346709104,3.563289,101.674294,Selangor,10,Ulu Selangor,09,,,,,
OSM_node_11346734253,Unnamed Waterfall,,,Waterfall,waterway=waterfall,node,11346734253,3.671194,101.748986,Selangor,10,Ulu Selangor,09,,,,,
OSM_node_12319964424,Unnamed Waterfall,,,Waterfall,waterway=waterfall,node,12319964424,3.593038,101.736864,Selangor,10,Ulu Selangor,09,,,,,
OSM_node_13335413079,Unnamed Waterfall,,,Waterfall,waterway=waterfall,node,13335413079,3.459368,101.723088,Selangor,10,Ulu Selangor,09,,,,,
OSM_node_10245161989,Upper Cherandong Falls,Upper Cherandong Falls,,Waterfall,waterway=waterfall,node,10245161989,3.554951,101.692088,Selangor,10,Ulu Selangor,09,,,,,
OSM_node_4728861456,Upper Medang Falls,,Lata Medang #2,Waterfall,waterway=waterfall,node,4728861456,3.540686,101.753646,Selangor,10,Ulu Selangor,09,,,,,
OSM_node_10244724193,mini waterfall,,,Waterfall,waterway=waterfall,node,10244724193,3.607839,101.620019,Selangor,10,Ulu Selangor,09,,,,,
OSM_node_8245070748,Bukit Keluang,,,Attraction,tourism=attraction,node,8245070748,5.796891,102.609257,Terengganu,11,Besut,01,,,,,
OSM_node_6717759185,K.K Bay,K.K Bay,,Attraction,tourism=attraction,node,6717759185,5.885122,102.741374,Terengganu,11,Besut,01,,,,,
OSM_node_5762483953,La hot sping,,,Attraction,tourism=attraction,node,5762483953,5.517279,102.534493,Terengganu,11,Besut,01,,,,,
OSM_node_6164944187,La hot spring,,,Attraction,tourism=attraction,node,6164944187,5.517233,102.534553,Terengganu,11,Besut,01,,,,,
OSM_node_11011280705,Night Food Market,,,Attraction,tourism=attraction,node,11011280705,5.73709,102.494954,Terengganu,11,Besut,01,,,,,
OSM_relation_6390486,Acing Beach,,Pasir Acing,Beach,natural=beach,relation,6390486,5.932086,102.718831,Terengganu,11,Besut,01,,,,,
OSM_relation_6390456,Adam and Eve Beach,Adam and Eve Beach,Pasir Panglima Abu,Beach,natural=beach,relation,6390456,5.934316,102.718632,Terengganu,11,Besut,01,,,,,
OSM_relation_6390457,Bubbles Beach,,,Beach,natural=beach,relation,6390457,5.886883,102.765187,Terengganu,11,Besut,01,,,,,
OSM_relation_6390485,Coral View Beach,,,Beach,natural=beach,relation,6390485,5.902463,102.740083,Terengganu,11,Besut,01,,,,,
OSM_relation_6390459,D'Lagoon,D'Lagoon,,Beach,natural=beach,relation,6390459,5.933851,102.722937,Terengganu,11,Besut,01,,,,,
OSM_relation_6390460,Flora Bay Beach,Flora Bay Beach,,Beach,natural=beach,relation,6390460,5.892429,102.750195,Terengganu,11,Besut,01,,,,,
OSM_way_160348441,Golden Sand Beach,,,Beach,natural=beach,way,160348441,5.917497,102.716813,Terengganu,11,Besut,01,,,,,
OSM_relation_6390484,Golden Sand Beach,Golden Sand Beach,,Beach,natural=beach,relation,6390484,5.916721,102.716386,Terengganu,11,Besut,01,,,,,
OSM_relation_6390480,PIR Beach,PIR Beach,,Beach,natural=beach,relation,6390480,5.903473,102.742705,Terengganu,11,Besut,01,,,,,
OSM_node_8245083118,Pantai Air Tawar,,Pantai Air Tawar,Beach,natural=beach,node,8245083118,5.827221,102.569965,Terengganu,11,Besut,01,,,,,
OSM_node_8245070747,Pantai Bukit Keluang,,,Beach,natural=beach,node,8245070747,5.801658,102.604631,Terengganu,11,Besut,01,,,,,
OSM_relation_6390463,Pantai Petani,Petani Beach,Pantai Petani,Beach,natural=beach,relation,6390463,5.895141,102.720872,Terengganu,11,Besut,01,,,,,
OSM_relation_6390479,Pasir Karang,Rainforest Beach,Pasir Karang,Beach,natural=beach,relation,6390479,5.902312,102.715375,Terengganu,11,Besut,01,,,,,
OSM_relation_6390462,Pasir Keranji,Mira Beach;Keranji Beach,,Beach,natural=beach,relation,6390462,5.899435,102.715141,Terengganu,11,Besut,01,,,,,
OSM_relation_6390461,Pasir Panjang,Long Beach,Pasir Panjang,Beach,natural=beach,relation,6390461,5.918686,102.722565,Terengganu,11,Besut,01,,,,,
OSM_relation_6390458,Pasir Teluk Aur,Coral Bay Beach,Pasir Teluk Aur,Beach,natural=beach,relation,6390458,5.913375,102.7168,Terengganu,11,Besut,01,,,,,
OSM_relation_6390467,Pasir Tiga Ruang,Turtle Beach,Pasir Tiga Ruang,Beach,natural=beach,relation,6390467,5.911183,102.752671,Terengganu,11,Besut,01,,,,,
OSM_relation_6390464,Romantic Beach,,Pasir Pengalau,Beach,natural=beach,relation,6390464,5.923097,102.717134,Terengganu,11,Besut,01,,,,,
OSM_relation_19745313,Tranquility Beach,,,Beach,natural=beach,relation,19745313,5.919285,102.716481,Terengganu,11,Besut,01,,,,,
OSM_relation_6390465,Tuna Bay,Tuna Bay,,Beach,natural=beach,relation,6390465,5.893617,102.738783,Terengganu,11,Besut,01,,,,,
OSM_relation_6390466,Turtle Beach,Turtle Beach,Pasir Tanjung Buntung,Beach,natural=beach,relation,6390466,5.93763,102.720413,Terengganu,11,Besut,01,,,,,
OSM_way_160356048,Unnamed Beach,,,Beach,natural=beach,way,160356048,5.895381,102.718659,Terengganu,11,Besut,01,,,,,
OSM_way_300691732,Unnamed Beach,,,Beach,natural=beach,way,300691732,5.909671,102.769612,Terengganu,11,Besut,01,,,,,
OSM_way_319719125,Unnamed Beach,,,Beach,natural=beach,way,319719125,5.828347,102.61013,Terengganu,11,Besut,01,,,,,
OSM_way_1369393256,Unnamed Beach,,,Beach,natural=beach,way,1369393256,5.833934,102.558919,Terengganu,11,Besut,01,,,,,
OSM_way_1369393257,Unnamed Beach,,,Beach,natural=beach,way,1369393257,5.834609,102.555636,Terengganu,11,Besut,01,,,,,
OSM_way_1369393259,Unnamed Beach,,,Beach,natural=beach,way,1369393259,5.836734,102.550114,Terengganu,11,Besut,01,,,,,
OSM_way_1369393260,Unnamed Beach,,,Beach,natural=beach,way,1369393260,5.841336,102.542299,Terengganu,11,Besut,01,,,,,
OSM_way_1369393267,Unnamed Beach,,,Beach,natural=beach,way,1369393267,5.830515,102.568408,Terengganu,11,Besut,01,,,,,
OSM_relation_6390481,Unnamed Beach,,,Beach,natural=beach,relation,6390481,5.887618,102.745498,Terengganu,11,Besut,01,,,,,
OSM_relation_6390482,Unnamed Beach,,,Beach,natural=beach,relation,6390482,5.909637,102.749529,Terengganu,11,Besut,01,,,,,
OSM_relation_6390483,Unnamed Beach,,,Beach,natural=beach,relation,6390483,5.889132,102.759877,Terengganu,11,Besut,01,,,,,
OSM_relation_6390487,Unnamed Beach,,,Beach,natural=beach,relation,6390487,5.890294,102.739799,Terengganu,11,Besut,01,,,,,
OSM_relation_6390488,Unnamed Beach,,,Beach,natural=beach,relation,6390488,5.886293,102.745707,Terengganu,11,Besut,01,,,,,
OSM_relation_6390489,Unnamed Beach,,,Beach,natural=beach,relation,6390489,5.890463,102.758337,Terengganu,11,Besut,01,,,,,
OSM_relation_6390490,Unnamed Beach,,,Beach,natural=beach,relation,6390490,5.900821,102.739025,Terengganu,11,Besut,01,,,,,
OSM_relation_6390491,Unnamed Beach,,,Beach,natural=beach,relation,6390491,5.888589,102.74595,Terengganu,11,Besut,01,,,,,
OSM_relation_6390492,Unnamed Beach,,,Beach,natural=beach,relation,6390492,5.895266,102.728259,Terengganu,11,Besut,01,,,,,
OSM_relation_6390493,Unnamed Beach,,,Beach,natural=beach,relation,6390493,5.887689,102.740988,Terengganu,11,Besut,01,,,,,
OSM_relation_15964732,Unnamed Beach,,,Beach,natural=beach,relation,15964732,5.805571,102.601002,Terengganu,11,Besut,01,,,,,
OSM_relation_15964733,Unnamed Beach,,,Beach,natural=beach,relation,15964733,5.819277,102.583295,Terengganu,11,Besut,01,,,,,
OSM_relation_17283000,Unnamed Beach,,,Beach,natural=beach,relation,17283000,5.961988,102.682116,Terengganu,11,Besut,01,,,,,
OSM_relation_17283007,Unnamed Beach,,,Beach,natural=beach,relation,17283007,5.942207,102.667041,Terengganu,11,Besut,01,,,,,
OSM_relation_19745079,Unnamed Beach,,,Beach,natural=beach,relation,19745079,5.905581,102.715391,Terengganu,11,Besut,01,,,,,
OSM_relation_19745479,Unnamed Beach,,,Beach,natural=beach,relation,19745479,5.899132,102.731241,Terengganu,11,Besut,01,,,,,
OSM_relation_19745912,Unnamed Beach,,,Beach,natural=beach,relation,19745912,5.920278,102.715937,Terengganu,11,Besut,01,,,,,
OSM_node_13254153462,Beautiful Terengganu,,,Gallery,tourism=gallery,node,13254153462,5.917789,102.717759,Terengganu,11,Besut,01,,,,,
OSM_node_13251408636,Turtles,,,Historic Site (Monument),historic=monument,node,13251408636,5.89984,102.731729,Terengganu,11,Besut,01,,,,,
OSM_node_11169135239,Kapal Polis,Police Wreck,Kapal Polis,Historic Site (Wreck),historic=wreck,node,11169135239,5.912943,102.749124,Terengganu,11,Besut,01,,,,,
OSM_node_11169113671,San Choi Wreck,,,Historic Site (Wreck),historic=wreck,node,11169113671,5.933905,102.715836,Terengganu,11,Besut,01,,,,,
OSM_node_4215224290,Unnamed Viewpoint,,,Viewpoint,tourism=viewpoint,node,4215224290,5.92732,102.719747,Terengganu,11,Besut,01,,,,,
OSM_node_5825439356,Unnamed Viewpoint,,,Viewpoint,tourism=viewpoint,node,5825439356,5.927737,102.720552,Terengganu,11,Besut,01,,,,,
OSM_node_5825439555,Unnamed Viewpoint,,,Viewpoint,tourism=viewpoint,node,5825439555,5.928192,102.720111,Terengganu,11,Besut,01,,,,,
OSM_node_5855770387,Unnamed Viewpoint,,,Viewpoint,tourism=viewpoint,node,5855770387,5.901323,102.732257,Terengganu,11,Besut,01,,,,,
OSM_node_8629136719,Unnamed Viewpoint,,,Viewpoint,tourism=viewpoint,node,8629136719,5.800675,102.607122,Terengganu,11,Besut,01,,,,,
OSM_node_11818004802,Unnamed Viewpoint,,,Viewpoint,tourism=viewpoint,node,11818004802,5.796844,102.610302,Terengganu,11,Besut,01,,,,,
OSM_node_8629136522,Lata Belatan,,,Waterfall,waterway=waterfall,node,8629136522,5.638176,102.588669,Terengganu,11,Besut,01,,,,,
OSM_node_2737937523,Lata Tembakah,,,Waterfall,waterway=waterfall,node,2737937523,5.58887,102.441,Terengganu,11,Besut,01,,,,,
OSM_node_12199967770,Lata Tembakah,,,Waterfall,waterway=waterfall,node,12199967770,5.590028,102.439909,Terengganu,11,Besut,01,,,,,
OSM_node_2738043560,Unnamed Waterfall,,,Waterfall,waterway=waterfall,node,2738043560,5.589619,102.438922,Terengganu,11,Besut,01,,,,,
OSM_node_8832530986,Unnamed Waterfall,,,Waterfall,waterway=waterfall,node,8832530986,5.522402,102.444007,Terengganu,11,Besut,01,,,,,
OSM_node_8832531013,Unnamed Waterfall,,,Waterfall,waterway=waterfall,node,8832531013,5.522162,102.43743,Terengganu,11,Besut,01,,,,,
OSM_node_8832531025,Unnamed Waterfall,,,Waterfall,waterway=waterfall,node,8832531025,5.520827,102.433959,Terengganu,11,Besut,01,,,,,
OSM_node_8832531034,Unnamed Waterfall,,,Waterfall,waterway=waterfall,node,8832531034,5.52033,102.431339,Terengganu,11,Besut,01,,,,,
OSM_node_8832531042,Unnamed Waterfall,,,Waterfall,waterway=waterfall,node,8832531042,5.519495,102.430148,Terengganu,11,Besut,01,,,,,
OSM_node_8832531107,Unnamed Waterfall,,,Waterfall,waterway=waterfall,node,8832531107,5.518098,102.416182,Terengganu,11,Besut,01,,,,,
OSM_node_8836305088,Unnamed Waterfall,,,Waterfall,waterway=waterfall,node,8836305088,5.395912,102.552516,Terengganu,11,Besut,01,,,,,
OSM_node_13507031883,Unnamed Waterfall,,,Waterfall,waterway=waterfall,node,13507031883,5.566725,102.590198,Terengganu,11,Besut,01,,,,,
OSM_node_13507031911,Unnamed Waterfall,,,Waterfall,waterway=waterfall,node,13507031911,5.567574,102.596364,Terengganu,11,Besut,01,,,,,
OSM_node_5857406085,Jetty To Pulau Tenggol,Jetty To Pulau Tenggol,,Attraction,tourism=attraction,node,5857406085,4.785018,103.421352,Terengganu,11,Dungun,02,,,,,
OSM_node_13013877872,Taman Rekreasi Bukit Besi,Bukit Besi Recreation Park,Taman Rekreasi Bukit Besi,Attraction,tourism=attraction,node,13013877872,4.7338,103.19523,Terengganu,11,Dungun,02,,,,,
OSM_node_13013877890,Taman Rekreasi Bumbung Raja,Bumbung Raja Recreation Park,Taman Rekreasi Bumbung Raja,Attraction,tourism=attraction,node,13013877890,4.551477,102.963497,Terengganu,11,Dungun,02,,,,,
OSM_node_13013663566,Taman Rekreasi Lubuk Kain,Lubuk Kain Recreation Park,Taman Rekreasi Lubuk Kain,Attraction,tourism=attraction,node,13013663566,4.600322,102.983447,Terengganu,11,Dungun,02,,,Mo-Su 07:00-18:00,,
OSM_node_3581004295,Pantai Teluk Lipat,Lipat Bay Beach,Pantai Teluk Lipat,Beach,natural=beach,node,3581004295,4.768052,103.422874,Terengganu,11,Dungun,02,,,,,
OSM_way_296374232,Unnamed Beach,,,Beach,natural=beach,way,296374232,4.809214,103.67832,Terengganu,11,Dungun,02,,,,,
OSM_way_299404829,Unnamed Beach,,,Beach,natural=beach,way,299404829,4.801297,103.675141,Terengganu,11,Dungun,02,,,,,
OSM_way_906779582,Unnamed Beach,,,Beach,natural=beach,way,906779582,4.682927,103.447495,Terengganu,11,Dungun,02,,,,,
OSM_way_908125149,Unnamed Beach,,,Beach,natural=beach,way,908125149,4.797282,103.431431,Terengganu,11,Dungun,02,,,,,
OSM_way_1395023791,Unnamed Beach,,,Beach,natural=beach,way,1395023791,4.630893,103.441342,Terengganu,11,Dungun,02,,,,,
OSM_way_1416125288,Stesen Crushing Plant,Crushing Plant Station,Stesen Crushing Plant,Historic Site (Machine),historic=machine,way,1416125288,4.750246,103.178496,Terengganu,11,Dungun,02,https://tourism.ketengah.gov.my/history-and-heritage/stesen-crushing-plant-bukit-besi-dungun-terengganu/show,,,,
OSM_way_1416125285,Muzium Bukit Besi,Bukit Besi Museum,Muzium Bukit Besi,Museum,tourism=museum,way,1416125285,4.757017,103.184512,Terengganu,11,Dungun,02,https://tourism.ketengah.gov.my/history-and-heritage/muzium-bukit-besi/show,,"Sa-Th 09:00-16:00; Fr 09:00-12:00, 14:30-16:00; PH off",,
OSM_node_4653004339,Muzium Daerah Dungun,,Muzium Daerah Dungun,Museum,tourism=museum,node,4653004339,4.767886,103.420905,Terengganu,11,Dungun,02,,,,,
OSM_node_5999547598,::#::,,,Viewpoint,tourism=viewpoint,node,5999547598,4.753222,103.42224,Terengganu,11,Dungun,02,,,,,
OSM_node_6263242985,Pantai Teluk Lipat,Lipat Bay Beach,Pantai Teluk Lipat,Viewpoint,tourism=viewpoint,node,6263242985,4.767993,103.422267,Terengganu,11,Dungun,02,,,,,
OSM_node_7495920047,Puncak Bukit Bauk,,,Viewpoint,tourism=viewpoint,node,7495920047,4.696439,103.412368,Terengganu,11,Dungun,02,,,,,
OSM_node_10255742840,Taman Bonzai,Bonsai Garden,,Viewpoint,tourism=viewpoint,node,10255742840,4.642238,102.970311,Terengganu,11,Dungun,02,,,,,
OSM_node_11219707340,Unnamed Viewpoint,,,Viewpoint,tourism=viewpoint,node,11219707340,4.632316,102.976067,Terengganu,11,Dungun,02,,,,,
OSM_node_12089200772,Air Terjun Berdebu,Berdebu Waterfall,Air Terjun Berdebu,Waterfall,waterway=waterfall,node,12089200772,4.804579,102.960702,Terengganu,11,Dungun,02,,,,,
OSM_node_11219358061,Air Terjun Chemerung,Chemerung Falls,,Waterfall,waterway=waterfall,node,11219358061,4.660101,102.986514,Terengganu,11,Dungun,02,,,,,
OSM_node_10256821614,Air Terjun Lubuk Kain,Lubuk Kain Waterfall,Air Terjun Lubuk Kain,Waterfall,waterway=waterfall,node,10256821614,4.600469,102.981513,Terengganu,11,Dungun,02,,,,,
OSM_node_12059817546,Jeram Keling,,,Waterfall,waterway=waterfall,node,12059817546,4.487763,102.896108,Terengganu,11,Dungun,02,,,,,
OSM_node_10256219696,Jeram Lesung,,,Waterfall,waterway=waterfall,node,10256219696,4.633739,102.974397,Terengganu,11,Dungun,02,,,,,
OSM_node_7103559947,Unnamed Waterfall,,,Waterfall,waterway=waterfall,node,7103559947,4.671649,102.945185,Terengganu,11,Dungun,02,,,,,
OSM_node_7103614128,Unnamed Waterfall,,,Waterfall,waterway=waterfall,node,7103614128,4.658987,103.000857,Terengganu,11,Dungun,02,,,,,
OSM_node_10256219706,Unnamed Waterfall,,,Waterfall,waterway=waterfall,node,10256219706,4.632391,102.97571,Terengganu,11,Dungun,02,,,,,
OSM_node_10256821664,Unnamed Waterfall,,,Waterfall,waterway=waterfall,node,10256821664,4.599822,102.968902,Terengganu,11,Dungun,02,,,,,
OSM_node_11219707409,Unnamed Waterfall,,,Waterfall,waterway=waterfall,node,11219707409,4.638785,102.978362,Terengganu,11,Dungun,02,,,,,
OSM_node_12059030302,Unnamed Waterfall,,,Waterfall,waterway=waterfall,node,12059030302,4.720643,102.895567,Terengganu,11,Dungun,02,,,,,
OSM_node_12059030807,Unnamed Waterfall,,,Waterfall,waterway=waterfall,node,12059030807,4.647738,102.888425,Terengganu,11,Dungun,02,,,,,
OSM_node_13922294157,Unnamed Waterfall,,,Waterfall,waterway=waterfall,node,13922294157,4.810897,102.936753,Terengganu,11,Dungun,02,,,,,
OSM_node_4577160491,Air terjun berua,Air terjun berua,,Attraction,tourism=attraction,node,4577160491,4.951493,102.678647,Terengganu,11,Hulu Terengganu,06,,,,,
OSM_node_4577160492,Berua,Berua,,Attraction,tourism=attraction,node,4577160492,4.994158,102.661655,Terengganu,11,Hulu Terengganu,06,,,,,
OSM_node_4577140893,Campsite,Campsite,,Attraction,tourism=attraction,node,4577140893,5.035021,102.647344,Terengganu,11,Hulu Terengganu,06,,,,,
OSM_node_4577159591,Chergo,Chergo,,Attraction,tourism=attraction,node,4577159591,5.044253,102.669476,Terengganu,11,Hulu Terengganu,06,,,,,
OSM_node_4577205091,Jeti pulau bayas,Jeti pulau bayas,,Attraction,tourism=attraction,node,4577205091,5.036255,102.786524,Terengganu,11,Hulu Terengganu,06,,,,,
OSM_node_4577140892,Kebun,Kebun,,Attraction,tourism=attraction,node,4577140892,4.990945,102.614189,Terengganu,11,Hulu Terengganu,06,,,,,
OSM_node_4577160493,Lawit,Lawit,,Attraction,tourism=attraction,node,4577160493,4.933092,102.56025,Terengganu,11,Hulu Terengganu,06,,,,,
OSM_node_4578373591,Leban khebat,Leban khebat,,Attraction,tourism=attraction,node,4578373591,5.045223,102.704995,Terengganu,11,Hulu Terengganu,06,,,,,
OSM_node_4577165790,Lepar,Lepar,,Attraction,tourism=attraction,node,4577165790,4.93933,102.559239,Terengganu,11,Hulu Terengganu,06,,,,,
OSM_node_4577205090,Lumut,Lumut,,Attraction,tourism=attraction,node,4577205090,5.037614,102.637356,Terengganu,11,Hulu Terengganu,06,,,,,
OSM_node_4578308694,Malong,Malong,,Attraction,tourism=attraction,node,4578308694,4.994531,102.755064,Terengganu,11,Hulu Terengganu,06,,,,,
OSM_node_4578373589,Rumah hijau,Rumah hijau,,Attraction,tourism=attraction,node,4578373589,4.972954,102.745273,Terengganu,11,Hulu Terengganu,06,,,,,
OSM_node_4578373590,Rumah merah,Rumah merah,,Attraction,tourism=attraction,node,4578373590,4.986771,102.733521,Terengganu,11,Hulu Terengganu,06,,,,,
OSM_node_4577205190,Sg.papan,Sg.papan,,Attraction,tourism=attraction,node,4577205190,4.966248,102.571347,Terengganu,11,Hulu Terengganu,06,,,,,
OSM_node_2627860041,Taman Herba,Herb Park,,Attraction,tourism=attraction,node,2627860041,5.074465,102.811215,Terengganu,11,Hulu Terengganu,06,,,,,
OSM_way_257191444,Unnamed Beach,,,Beach,natural=beach,way,257191444,5.097358,102.792284,Terengganu,11,Hulu Terengganu,06,,,,,
OSM_node_13532088795,Batu Bersurat Terengganu,Terengganu Inscription Stone,Batu Bersurat Terengganu,Historic Site (Memorial),historic=memorial,node,13532088795,5.059076,103.006626,Terengganu,11,Hulu Terengganu,06,,,,,
OSM_node_12085469677,Unnamed Viewpoint,,,Viewpoint,tourism=viewpoint,node,12085469677,5.327149,102.722549,Terengganu,11,Hulu Terengganu,06,,,,,
OSM_node_12134154828,Unnamed Viewpoint,,,Viewpoint,tourism=viewpoint,node,12134154828,5.071764,103.006803,Terengganu,11,Hulu Terengganu,06,,,,,
OSM_node_13922293999,Unnamed Viewpoint,,,Viewpoint,tourism=viewpoint,node,13922293999,4.818248,102.923035,Terengganu,11,Hulu Terengganu,06,,,,,
OSM_node_1933169759,Air Terjun Lata Terap,,,Waterfall,waterway=waterfall,node,1933169759,5.218063,102.637587,Terengganu,11,Hulu Terengganu,06,,,,,
OSM_node_12087284128,Air Terjun Sekayu,,,Waterfall,waterway=waterfall,node,12087284128,4.962597,102.950477,Terengganu,11,Hulu Terengganu,06,,,,,
OSM_node_2627858668,Lasir Fall,,,Waterfall,waterway=waterfall,node,2627858668,4.963965,102.841376,Terengganu,11,Hulu Terengganu,06,,,,,
OSM_node_2737790104,Lata Baju,,,Waterfall,waterway=waterfall,node,2737790104,4.966333,102.825833,Terengganu,11,Hulu Terengganu,06,,,,,
OSM_node_13482543880,Lata Cucu,,,Waterfall,waterway=waterfall,node,13482543880,4.800912,102.676281,Terengganu,11,Hulu Terengganu,06,,,,,
OSM_node_13482542703,Lata Tekawang,,,Waterfall,waterway=waterfall,node,13482542703,4.827811,102.64962,Terengganu,11,Hulu Terengganu,06,,,,,
OSM_node_13541638254,Pancur Semilan,,,Waterfall,waterway=waterfall,node,13541638254,4.915165,102.596791,Terengganu,11,Hulu Terengganu,06,,,,,
OSM_node_2737790111,Pos Kawalan Fall,,,Waterfall,waterway=waterfall,node,2737790111,4.934833,102.7885,Terengganu,11,Hulu Terengganu,06,,,,,
OSM_node_2737790164,Saok Fall,,,Waterfall,waterway=waterfall,node,2737790164,5.082833,102.777833,Terengganu,11,Hulu Terengganu,06,,,,,
OSM_node_2737790169,Sg Buweh Fall,,,Waterfall,waterway=waterfall,node,2737790169,5.147833,102.768833,Terengganu,11,Hulu Terengganu,06,,,,,
OSM_node_2737790174,Sg Petang Fall,,,Waterfall,waterway=waterfall,node,2737790174,4.9675,102.775833,Terengganu,11,Hulu Terengganu,06,,,,,
OSM_node_8936272990,Unnamed Waterfall,,,Waterfall,waterway=waterfall,node,8936272990,5.151429,102.800372,Terengganu,11,Hulu Terengganu,06,,,,,
OSM_node_8936273068,Unnamed Waterfall,,,Waterfall,waterway=waterfall,node,8936273068,5.153453,102.805917,Terengganu,11,Hulu Terengganu,06,,,,,
OSM_node_8985283627,Unnamed Waterfall,,,Waterfall,waterway=waterfall,node,8985283627,4.885608,102.972914,Terengganu,11,Hulu Terengganu,06,,,,,
OSM_node_8985371182,Unnamed Waterfall,,,Waterfall,waterway=waterfall,node,8985371182,4.891816,102.963167,Terengganu,11,Hulu Terengganu,06,,,,,
OSM_node_13482544069,Unnamed Waterfall,,,Waterfall,waterway=waterfall,node,13482544069,4.796208,102.661142,Terengganu,11,Hulu Terengganu,06,,,,,
OSM_node_13482545619,Unnamed Waterfall,,,Waterfall,waterway=waterfall,node,13482545619,4.749614,102.675144,Terengganu,11,Hulu Terengganu,06,,,,,
OSM_node_13482546033,Unnamed Waterfall,,,Waterfall,waterway=waterfall,node,13482546033,4.749967,102.666957,Terengganu,11,Hulu Terengganu,06,,,,,
OSM_node_13482546684,Unnamed Waterfall,,,Waterfall,waterway=waterfall,node,13482546684,4.727984,102.694402,Terengganu,11,Hulu Terengganu,06,,,,,
OSM_node_13482546847,Unnamed Waterfall,,,Waterfall,waterway=waterfall,node,13482546847,4.719793,102.697492,Terengganu,11,Hulu Terengganu,06,,,,,
OSM_node_13482546876,Unnamed Waterfall,,,Waterfall,waterway=waterfall,node,13482546876,4.721108,102.68966,Terengganu,11,Hulu Terengganu,06,,,,,
OSM_node_13482546906,Unnamed Waterfall,,,Waterfall,waterway=waterfall,node,13482546906,4.723148,102.696435,Terengganu,11,Hulu Terengganu,06,,,,,
OSM_node_13529948266,Unnamed Waterfall,,,Waterfall,waterway=waterfall,node,13529948266,5.010972,102.900771,Terengganu,11,Hulu Terengganu,06,,,,,
OSM_node_13531637256,Unnamed Waterfall,,,Waterfall,waterway=waterfall,node,13531637256,5.050799,102.847652,Terengganu,11,Hulu Terengganu,06,,,,,
OSM_node_13537196166,Unnamed Waterfall,,,Waterfall,waterway=waterfall,node,13537196166,5.080017,102.772492,Terengganu,11,Hulu Terengganu,06,,,,,
OSM_node_13541638806,Unnamed Waterfall,,,Waterfall,waterway=waterfall,node,13541638806,4.948557,102.666298,Terengganu,11,Hulu Terengganu,06,,,,,
OSM_node_13556572812,Unnamed Waterfall,,,Waterfall,waterway=waterfall,node,13556572812,5.348281,102.61705,Terengganu,11,Hulu Terengganu,06,,,,,
OSM_node_13564966177,Unnamed Waterfall,,,Waterfall,waterway=waterfall,node,13564966177,5.258422,102.633033,Terengganu,11,Hulu Terengganu,06,,,,,
OSM_node_13922293543,Unnamed Waterfall,,,Waterfall,waterway=waterfall,node,13922293543,4.815628,102.890273,Terengganu,11,Hulu Terengganu,06,,,,,
OSM_node_13713368101,Elephant sanctuary,,,Zoo,tourism=zoo,node,13713368101,5.035649,102.564755,Terengganu,11,Hulu Terengganu,06,,,,,
OSM_node_5360249307,Bandar Pelancungan Pantai Kijal,,Bandar Pelancungan Pantai Kijal,Attraction,tourism=attraction,node,5360249307,4.387753,103.454239,Terengganu,11,Kemaman,03,,,,,
OSM_relation_20072289,Pantai Geliga,Geliga Beach,Pantai Geliga,Beach,natural=beach,relation,20072289,4.198077,103.441556,Terengganu,11,Kemaman,03,,,,,
OSM_way_906264758,Pantai Kemasik,Kemasik Beach,Pantai Kemasik,Beach,natural=beach,way,906264758,4.415987,103.456573,Terengganu,11,Kemaman,03,,,,,
OSM_way_302653273,Unnamed Beach,,,Beach,natural=beach,way,302653273,4.374628,103.465611,Terengganu,11,Kemaman,03,,,,,
OSM_way_905556247,Unnamed Beach,,,Beach,natural=beach,way,905556247,4.314356,103.490339,Terengganu,11,Kemaman,03,,,,,
OSM_way_905845195,Unnamed Beach,,,Beach,natural=beach,way,905845195,4.277877,103.477191,Terengganu,11,Kemaman,03,,,,,
OSM_way_905845196,Unnamed Beach,,,Beach,natural=beach,way,905845196,4.283751,103.478171,Terengganu,11,Kemaman,03,,,,,
OSM_way_906136387,Unnamed Beach,,,Beach,natural=beach,way,906136387,4.53552,103.47273,Terengganu,11,Kemaman,03,,,,,
OSM_way_906264757,Unnamed Beach,,,Beach,natural=beach,way,906264757,4.420277,103.456531,Terengganu,11,Kemaman,03,,,,,
OSM_way_1303810180,Unnamed Beach,,,Beach,natural=beach,way,1303810180,4.237366,103.457323,Terengganu,11,Kemaman,03,,,,,
OSM_way_1303812933,Unnamed Beach,,,Beach,natural=beach,way,1303812933,4.264958,103.472048,Terengganu,11,Kemaman,03,,,,,
OSM_node_12219111282,Rumah D'Kramat,,,Historic Site (Wayside Shrine),historic=wayside_shrine,node,12219111282,4.227281,103.425634,Terengganu,11,Kemaman,03,,,,,
OSM_node_6624785569,TSTC Jetty Training Centre,,,Historic Site (Wreck),historic=wreck,node,6624785569,4.255947,103.425557,Terengganu,11,Kemaman,03,,,,,
OSM_node_6620645723,Muzium Kemaman,,Muzium Kemaman,Museum,tourism=museum,node,6620645723,4.231573,103.427578,Terengganu,11,Kemaman,03,,,,,
OSM_node_6631818622,Telaga Simpul,,,Museum,tourism=museum,node,6631818622,4.239967,103.453177,Terengganu,11,Kemaman,03,,,,,
OSM_node_12219111280,Anjung Bukit Mak Dayang,,,Viewpoint,tourism=viewpoint,node,12219111280,4.229106,103.426126,Terengganu,11,Kemaman,03,,,,,
OSM_node_4391395389,Petronas Gas Terminal TSET Terengganu Malaysia,Petronas Gas Terminal TSET Terengganu Malaysia,,Viewpoint,tourism=viewpoint,node,4391395389,4.245321,103.457871,Terengganu,11,Kemaman,03,,,,,
OSM_node_12219116516,Unnamed Viewpoint,,,Viewpoint,tourism=viewpoint,node,12219116516,4.223535,103.423057,Terengganu,11,Kemaman,03,,,,,
OSM_way_1432194001,Splash Park,,,Water Park,leisure=water_park,way,1432194001,4.214829,103.428623,Terengganu,11,Kemaman,03,,,,,
OSM_node_12073613281,Air Terjun Jeram Tanduk,Jeram Tanduk Waterfall,Air Terjun Jeram Tanduk,Waterfall,waterway=waterfall,node,12073613281,4.334277,103.15717,Terengganu,11,Kemaman,03,,,,,
OSM_node_12219111284,Air Terjun Mini,,,Waterfall,waterway=waterfall,node,12219111284,4.224481,103.424769,Terengganu,11,Kemaman,03,,,,,
OSM_node_9054083628,Unnamed Waterfall,,,Waterfall,waterway=waterfall,node,9054083628,4.317237,103.171891,Terengganu,11,Kemaman,03,,,,,
OSM_way_705802141,Taman Rekreasi dan Zoo Kemaman,Kemaman Zoo & Recreation Park,Taman Rekreasi dan Zoo Kemaman,Zoo,tourism=zoo,way,705802141,4.29806,103.38688,Terengganu,11,Kemaman,03,https://www.zookemaman.my/,,,,
OSM_node_9721790917,Snorkelling,Snorkelling,,Attraction,tourism=attraction,node,9721790917,5.776345,103.042404,Terengganu,11,Kuala Nerus,08,,,,,
OSM_node_6418053485,Uptown Container,Uptown Container,,Attraction,tourism=attraction,node,6418053485,5.398695,103.103449,Terengganu,11,Kuala Nerus,08,,,,,
OSM_node_12043101627,Pantai Teluk Pauh,Pauh Bay Beach,Pantai Teluk Pauh,Beach,natural=beach,node,12043101627,5.755476,103.001152,Terengganu,11,Kuala Nerus,08,,,,,
OSM_way_724385040,Pantai Viewnam,Viewnam Beach,Pantai Viewnam,Beach,natural=beach,way,724385040,5.614436,103.058769,Terengganu,11,Kuala Nerus,08,,,,,
OSM_relation_17631444,Pasir Akar,,Pasir Akar,Beach,natural=beach,relation,17631444,5.74081,103.00037,Terengganu,11,Kuala Nerus,08,,,,,
OSM_relation_17331497,Pasir Besar,,Pasir Besar,Beach,natural=beach,relation,17331497,5.793926,102.892413,Terengganu,11,Kuala Nerus,08,,,,,
OSM_way_319698754,Pasir Bujang,,Pasir Bujang,Beach,natural=beach,way,319698754,5.787687,102.993252,Terengganu,11,Kuala Nerus,08,,,,,
OSM_way_319698756,Pasir Chagar Hutang,,Pasir Chagar Hutang,Beach,natural=beach,way,319698756,5.81287,103.008304,Terengganu,11,Kuala Nerus,08,,,,,
OSM_way_724385039,Pasir Cina,Cina Beach,Pasir Cina,Beach,natural=beach,way,724385039,5.620622,103.057312,Terengganu,11,Kuala Nerus,08,,,,,
OSM_way_319698785,Pasir Mak Kepit,,Pasir Mak Kepit,Beach,natural=beach,way,319698785,5.798611,102.994641,Terengganu,11,Kuala Nerus,08,,,,,
OSM_relation_17331496,Pasir Pandak,,,Beach,natural=beach,relation,17331496,5.791008,102.894847,Terengganu,11,Kuala Nerus,08,,,,,
OSM_way_319698781,Pasir Panjang,,Pasir Panjang,Beach,natural=beach,way,319698781,5.77394,103.033817,Terengganu,11,Kuala Nerus,08,,,,,
OSM_way_724385042,Pasir Teluk Belanga,Belanga Bay Beach,Pasir Teluk Belanga,Beach,natural=beach,way,724385042,5.612281,103.065868,Terengganu,11,Kuala Nerus,08,,,,,
OSM_way_971393686,Pasir Teluk Kalong Kechil,,Pasir Teluk Kalong Kechil,Beach,natural=beach,way,971393686,5.763486,103.02696,Terengganu,11,Kuala Nerus,08,,,,,
OSM_way_724385041,Pasir Tenggara,Tenggara Beach,Pasir Tenggara,Beach,natural=beach,way,724385041,5.61199,103.060796,Terengganu,11,Kuala Nerus,08,,,,,
OSM_relation_17631443,Pasir Tenggara,,Pasir Tenggara,Beach,natural=beach,relation,17631443,5.735704,102.99975,Terengganu,11,Kuala Nerus,08,,,,,
OSM_way_319698755,Unnamed Beach,,,Beach,natural=beach,way,319698755,5.785709,103.014502,Terengganu,11,Kuala Nerus,08,,,,,
OSM_way_319698762,Unnamed Beach,,,Beach,natural=beach,way,319698762,5.784792,103.019198,Terengganu,11,Kuala Nerus,08,,,,,
OSM_way_633987781,Unnamed Beach,,,Beach,natural=beach,way,633987781,5.414212,103.088978,Terengganu,11,Kuala Nerus,08,,,,,
OSM_way_635053633,Unnamed Beach,,,Beach,natural=beach,way,635053633,5.36805,103.124938,Terengganu,11,Kuala Nerus,08,,,,,
OSM_way_635066508,Unnamed Beach,,,Beach,natural=beach,way,635066508,5.403554,103.099746,Terengganu,11,Kuala Nerus,08,,,,,
OSM_way_635066509,Unnamed Beach,,,Beach,natural=beach,way,635066509,5.398963,103.103284,Terengganu,11,Kuala Nerus,08,,,,,
OSM_way_724347963,Unnamed Beach,,,Beach,natural=beach,way,724347963,5.656566,103.067691,Terengganu,11,Kuala Nerus,08,,,,,
OSM_way_971961606,Unnamed Beach,,,Beach,natural=beach,way,971961606,5.654933,103.068239,Terengganu,11,Kuala Nerus,08,,,,,
OSM_relation_17260533,Unnamed Beach,,,Beach,natural=beach,relation,17260533,5.596531,103.062642,Terengganu,11,Kuala Nerus,08,,,,,
OSM_relation_17331495,Unnamed Beach,,,Beach,natural=beach,relation,17331495,5.789998,102.899064,Terengganu,11,Kuala Nerus,08,,,,,
OSM_relation_17631437,Unnamed Beach,,,Beach,natural=beach,relation,17631437,5.754973,103.027705,Terengganu,11,Kuala Nerus,08,,,,,
OSM_relation_17631442,Unnamed Beach,,,Beach,natural=beach,relation,17631442,5.745608,103.001255,Terengganu,11,Kuala Nerus,08,,,,,
OSM_node_4427337690,Unnamed Museum,,,Museum,tourism=museum,node,4427337690,5.423731,103.053863,Terengganu,11,Kuala Nerus,08,,,,,
OSM_way_1304400945,Menara Tinjau Bukit Maras,,,Viewpoint,tourism=viewpoint,way,1304400945,5.422556,103.021655,Terengganu,11,Kuala Nerus,08,,,,,
OSM_node_12080040278,Unnamed Viewpoint,,,Viewpoint,tourism=viewpoint,node,12080040278,5.415313,103.025153,Terengganu,11,Kuala Nerus,08,,,,,
OSM_node_4623385518,Istana Syarqiyyah,,,Attraction,tourism=attraction,node,4623385518,5.259071,103.168339,Terengganu,11,Kuala Terengganu,04,,,,,
OSM_node_13277593886,Kampung Cina Bridge,Kampung Cina Bridge,,Attraction,tourism=attraction,node,13277593886,5.334245,103.13341,Terengganu,11,Kuala Terengganu,04,,,,,
OSM_node_9774012849,Kraftangan Malaysia,Kraftangan Malaysia,,Attraction,tourism=attraction,node,9774012849,5.272871,103.165408,Terengganu,11,Kuala Terengganu,04,,,,,
OSM_way_468894454,Masjid Kristal,Crystal Mosque,,Attraction,tourism=attraction,way,468894454,5.322156,103.120673,Terengganu,11,Kuala Terengganu,04,,,,,yes
OSM_way_544807062,Pusat Sains & Kreativiti Terengganu,,,Attraction,tourism=attraction,way,544807062,5.269566,103.151652,Terengganu,11,Kuala Terengganu,04,,,,yes,
OSM_way_488841617,Rumah Warisan Haji Su,Haji Su Heritage House,Rumah Warisan Haji Su,Attraction,tourism=attraction,way,488841617,5.318769,103.12487,Terengganu,11,Kuala Terengganu,04,,,,,
OSM_node_6330125198,Ship maker,,,Attraction,tourism=attraction,node,6330125198,5.329967,103.126331,Terengganu,11,Kuala Terengganu,04,,,,,
OSM_node_5599569223,Terengganu China Town Gate,Terengganu China Town Gate,,Attraction,tourism=attraction,node,5599569223,5.332058,103.132512,Terengganu,11,Kuala Terengganu,04,,,,,
OSM_node_5599569224,Terengganu China Town Gate,Terengganu China Town Gate,,Attraction,tourism=attraction,node,5599569224,5.332542,103.133285,Terengganu,11,Kuala Terengganu,04,,,,,
OSM_node_5599832324,Terengganu China Town Street,Terengganu China Town Street,,Attraction,tourism=attraction,node,5599832324,5.333939,103.133153,Terengganu,11,Kuala Terengganu,04,,,,,
OSM_node_6252877286,Traditional Boat Building,,,Attraction,tourism=attraction,node,6252877286,5.333141,103.127075,Terengganu,11,Kuala Terengganu,04,,,,,
OSM_node_4305589392,Turtle Alley,Turtle Alley,,Attraction,tourism=attraction,node,4305589392,5.331943,103.132255,Terengganu,11,Kuala Terengganu,04,,,,,
OSM_node_5172897921,Water Front,Water Front,,Attraction,tourism=attraction,node,5172897921,5.32407,103.131144,Terengganu,11,Kuala Terengganu,04,,,,,
OSM_node_5839571188,art street,,,Attraction,tourism=attraction,node,5839571188,5.331258,103.135739,Terengganu,11,Kuala Terengganu,04,,,,,
OSM_way_584341836,Pantai Batu Buruk,Batu Buruk Beach,Pantai Batu Buruk,Beach,natural=beach,way,584341836,5.31257,103.161595,Terengganu,11,Kuala Terengganu,04,,,,,
OSM_relation_20125958,Pantai Pandak,Pandak Beach,Pantai Pandak,Beach,natural=beach,relation,20125958,5.277956,103.180351,Terengganu,11,Kuala Terengganu,04,,,,,
OSM_relation_20125957,Unnamed Beach,,,Beach,natural=beach,relation,20125957,5.28639,103.17349,Terengganu,11,Kuala Terengganu,04,,,,,
OSM_way_868926228,Unnamed Historic Site,,,Historic Site,historic=yes,way,868926228,5.330012,103.133411,Terengganu,11,Kuala Terengganu,04,,,,,
OSM_way_785506286,Istana Maziah,Maziah Palace,Istana Maziah,Historic Site (Castle),historic=castle,way,785506286,5.336119,103.137416,Terengganu,11,Kuala Terengganu,04,,,,,
OSM_node_13470177628,Istana Syarqiyyah,Syarqiyyah Palace,Istana Syarqiyyah,Historic Site (Castle),historic=castle,node,13470177628,5.256552,103.16949,Terengganu,11,Kuala Terengganu,04,,,,,
OSM_node_5106735921,Bulatan Batu Bersurat Terengganu,Inscribed Stone,Bulatan Batu Bersurat Terengganu,Historic Site (Memorial),historic=memorial,node,5106735921,5.328801,103.146049,Terengganu,11,Kuala Terengganu,04,,,,,
OSM_node_4982226324,Makam DiRaja Bukit Keledang (Makam Sultan Zainal Abidin I),"Saltan Zainal Aabidin 1 Mousoleum, Bukit Keledang",Makam DiRaja Bukit Keledang (Makam Sultan Zainal Abidin I),Historic Site (Monument),historic=monument,node,4982226324,5.330232,103.133384,Terengganu,11,Kuala Terengganu,04,,,,,
OSM_node_1822857195,Muzium Negeri Terengganu,Terengganu State Museum,Muzium Negeri Terengganu,Museum,tourism=museum,node,1822857195,5.318573,103.102113,Terengganu,11,Kuala Terengganu,04,,,,,yes
OSM_node_12087576739,Bukit Botok,,,Viewpoint,tourism=viewpoint,node,12087576739,5.303781,103.135078,Terengganu,11,Kuala Terengganu,04,,,,,
OSM_node_5599814522,Bukit Puteri,,,Viewpoint,tourism=viewpoint,node,5599814522,5.336611,103.137226,Terengganu,11,Kuala Terengganu,04,,,,,
OSM_node_13426178251,Sunset Viewpoint Pulau Ketam,,,Viewpoint,tourism=viewpoint,node,13426178251,5.327001,103.116662,Terengganu,11,Kuala Terengganu,04,,,,,
OSM_node_11607264101,Albinos & Baby Turtle,Albinos & Baby Turtle,,Attraction,tourism=attraction,node,11607264101,5.232077,103.262416,Terengganu,11,Marang,05,,,,,
OSM_node_5618380922,Coral Garden,Coral Garden,,Attraction,tourism=attraction,node,5618380922,5.233466,103.261991,Terengganu,11,Marang,05,,,,,
OSM_node_4920020821,Gem Island Resort,Gem Island Resort,,Attraction,tourism=attraction,node,4920020821,5.232116,103.262439,Terengganu,11,Marang,05,,,,,
OSM_node_5618380424,Jungle Trekking,Jungle Trekking,,Attraction,tourism=attraction,node,5618380424,5.213513,103.263675,Terengganu,11,Marang,05,,,,,
OSM_node_5618393121,Lost Reef,Lost Reef,,Attraction,tourism=attraction,node,5618393121,5.235721,103.260074,Terengganu,11,Marang,05,,,,,
OSM_node_6330125195,"Lubuk Mandi , Marang",,,Attraction,tourism=attraction,node,6330125195,5.229979,103.171831,Terengganu,11,Marang,05,,,,,
OSM_node_5618393122,Octopus Reef,Octopus Reef,,Attraction,tourism=attraction,node,5618393122,5.236682,103.261733,Terengganu,11,Marang,05,,,,,
OSM_node_8752214917,Pantai Batu Payung,Batu Payung Beach,Pantai Batu Payung,Attraction,tourism=attraction,node,8752214917,5.223454,103.262047,Terengganu,11,Marang,05,,,,,
OSM_node_8752212417,Pantai Derdap,Derdap Beach,Pantai Derdap,Attraction,tourism=attraction,node,8752212417,5.227165,103.265007,Terengganu,11,Marang,05,,,,,
OSM_node_5516058959,Pulau Kekabu,Kekabu Island,Pulau Kekabu,Attraction,tourism=attraction,node,5516058959,5.214674,103.205622,Terengganu,11,Marang,05,,,,,
OSM_node_5618401721,Shark Bay,Shark Bay,,Attraction,tourism=attraction,node,5618401721,5.211483,103.266811,Terengganu,11,Marang,05,,,,,
OSM_node_5618380923,Shark Point,Shark Point,,Attraction,tourism=attraction,node,5618380923,5.230714,103.266652,Terengganu,11,Marang,05,,,,,
OSM_node_5618381427,Southern Reef,Southern Reef,,Attraction,tourism=attraction,node,5618381427,5.208329,103.268847,Terengganu,11,Marang,05,,,,,
OSM_node_5618394321,Thai Wreck,Thai Wreck,,Attraction,tourism=attraction,node,5618394321,5.23708,103.266069,Terengganu,11,Marang,05,,,,,
OSM_relation_16387404,Pantai Berakit,Blue Lagoon,Pantai Berakit,Beach,natural=beach,relation,16387404,5.219949,103.269195,Terengganu,11,Marang,05,,,,,
OSM_relation_16387420,Pantai Berhala,Berhala Beach,Pantai Berhala,Beach,natural=beach,relation,16387420,5.221738,103.261356,Terengganu,11,Marang,05,,,,,
OSM_relation_16387410,Pantai Gua,Gua Beach,Pantai Gua,Beach,natural=beach,relation,16387410,5.219709,103.261072,Terengganu,11,Marang,05,,,,,
OSM_relation_16387421,Pantai Kapas,Kapas Beach,Pantai Kapas,Beach,natural=beach,relation,16387421,5.21624,103.262127,Terengganu,11,Marang,05,,,,,
OSM_relation_16387416,Pantai Pase China,Pase China Beach,Pantai Pase China,Beach,natural=beach,relation,16387416,5.225513,103.262557,Terengganu,11,Marang,05,,,,,
OSM_relation_16387418,Pantai Safari,Safari Beach,Pantai Safari,Beach,natural=beach,relation,16387418,5.223296,103.261789,Terengganu,11,Marang,05,,,,,
OSM_relation_16387400,Pantai Teluk Jawa,Teluk Jawa Beach,Pantai Teluk Jawa,Beach,natural=beach,relation,16387400,5.212647,103.265691,Terengganu,11,Marang,05,,,,,
OSM_relation_16387398,Pantai Tenggara,Tenggara Beach,Pantai Tenggara,Beach,natural=beach,relation,16387398,5.212953,103.264012,Terengganu,11,Marang,05,,,,,
OSM_relation_16387412,Pasir Panjang,Long Beach,Pasir Panjang,Beach,natural=beach,relation,16387412,5.227581,103.265598,Terengganu,11,Marang,05,,,,,
OSM_way_638021243,Unnamed Beach,,,Beach,natural=beach,way,638021243,5.252565,103.184438,Terengganu,11,Marang,05,,,,,
OSM_way_731601493,Unnamed Beach,,,Beach,natural=beach,way,731601493,5.00598,103.315332,Terengganu,11,Marang,05,,,,,
OSM_relation_16387414,Unnamed Beach,,,Beach,natural=beach,relation,16387414,5.226567,103.263606,Terengganu,11,Marang,05,,,,,
OSM_node_4400605989,Bukit Singa,Singa Hill,Bukit Singa,Viewpoint,tourism=viewpoint,node,4400605989,5.230916,103.267614,Terengganu,11,Marang,05,,,,,
OSM_node_4708469789,Halim's House,Halim's House,,Viewpoint,tourism=viewpoint,node,4708469789,5.21704,103.088651,Terengganu,11,Marang,05,,,,,
OSM_node_4878615721,fireflies boat trip,fireflies boat trip,,Attraction,tourism=attraction,node,4878615721,5.603863,102.81512,Terengganu,11,Setiu,07,,,,,
OSM_way_603003267,Pantai Penarik,,,Beach,natural=beach,way,603003267,5.59208,102.853367,Terengganu,11,Setiu,07,,,,,
OSM_way_300697153,Unnamed Beach,,,Beach,natural=beach,way,300697153,5.537355,102.945295,Terengganu,11,Setiu,07,,,,,
OSM_way_300697158,Unnamed Beach,,,Beach,natural=beach,way,300697158,5.528804,102.964114,Terengganu,11,Setiu,07,,,,,
OSM_relation_16824880,Unnamed Beach,,,Beach,natural=beach,relation,16824880,5.717917,102.694512,Terengganu,11,Setiu,07,,,,,
OSM_node_13503676227,Unnamed Waterfall,,,Waterfall,waterway=waterfall,node,13503676227,5.560584,102.654378,Terengganu,11,Setiu,07,,,,,
OSM_node_13556570188,Unnamed Waterfall,,,Waterfall,waterway=waterfall,node,13556570188,5.265476,102.755366,Terengganu,11,Setiu,07,,,,,
OSM_node_9801012198,TJ Aquarium & Pets Shop,TJ Aquarium & Pets Shop,,Aquarium,tourism=aquarium,node,9801012198,3.19437,101.68003,W.P. Kuala Lumpur,14,W.P. Kuala Lumpur,14,,,Mo-Sa 09:00-19:00,,yes
OSM_way_480708779,Bangunan Sultan Abdul Samad,,,Attraction,tourism=attraction,way,480708779,3.148459,101.694837,W.P. Kuala Lumpur,14,W.P. Kuala Lumpur,14,https://bsas.com.my/,,,,
OSM_way_480033934,Bangunan Zhongshan,Zhongshan Building,,Attraction,tourism=attraction,way,480033934,3.137895,101.697141,W.P. Kuala Lumpur,14,W.P. Kuala Lumpur,14,,,,,
OSM_way_1427557823,Blue Corridor,Blue Corridor,Koridor Biru,Attraction,tourism=attraction,way,1427557823,3.148518,101.695454,W.P. Kuala Lumpur,14,W.P. Kuala Lumpur,14,,,,,
OSM_relation_21406751,Brahminy Kite,,,Attraction,tourism=attraction,relation,21406751,3.142637,101.688092,W.P. Kuala Lumpur,14,W.P. Kuala Lumpur,14,,,,,
OSM_relation_21406749,Bulbul Land,,,Attraction,tourism=attraction,relation,21406749,3.142459,101.688714,W.P. Kuala Lumpur,14,W.P. Kuala Lumpur,14,,,,,
OSM_relation_21406739,Flightless Birds,,,Attraction,tourism=attraction,relation,21406739,3.144996,101.688123,W.P. Kuala Lumpur,14,W.P. Kuala Lumpur,14,,,,,
OSM_way_572720082,Glutton Street Market,Glutton Street Market,,Attraction,tourism=attraction,way,572720082,3.135325,101.713268,W.P. Kuala Lumpur,14,W.P. Kuala Lumpur,14,,,Mo-Su 16:30-22:00,,
OSM_node_13394723207,Godzilla x Kong Mural,Godzilla x Kong Mural,,Attraction,tourism=attraction,node,13394723207,3.144501,101.69584,W.P. Kuala Lumpur,14,W.P. Kuala Lumpur,14,,,,,
OSM_relation_21406744,Hornbill Park,,,Attraction,tourism=attraction,relation,21406744,3.14353,101.688984,W.P. Kuala Lumpur,14,W.P. Kuala Lumpur,14,,,,,
OSM_way_471992046,Jalan Alor,Jalan Alor - Night Market,Jalan Alor,Attraction,tourism=attraction,way,471992046,3.145693,101.708667,W.P. Kuala Lumpur,14,W.P. Kuala Lumpur,14,,,Mo-Su 16:00-02:00,,yes
OSM_way_23768608,Jalan Hang Kasturi,,Jalan Hang Kasturi,Attraction,tourism=attraction,way,23768608,3.145361,101.695802,W.P. Kuala Lumpur,14,W.P. Kuala Lumpur,14,,,,,yes
OSM_way_446256442,Jalan Petaling,Petaling Street,Jalan Petaling,Attraction,tourism=attraction,way,446256442,3.143867,101.697622,W.P. Kuala Lumpur,14,W.P. Kuala Lumpur,14,,,11:00-24:00,,
OSM_way_537381109,Jam Detik,Countdown Clock,Jam Detik,Attraction,tourism=attraction,way,537381109,3.150747,101.694344,W.P. Kuala Lumpur,14,W.P. Kuala Lumpur,14,,,,,
OSM_way_24520993,KL City Walk,KL City Walk,,Attraction,tourism=attraction,way,24520993,3.154115,101.710334,W.P. Kuala Lumpur,14,W.P. Kuala Lumpur,14,,,,,
OSM_node_11832151817,Kuala Lumpur Tower,Kuala Lumpur Tower,Menara Kuala Lumpur,Attraction,tourism=attraction,node,11832151817,3.152664,101.703578,W.P. Kuala Lumpur,14,W.P. Kuala Lumpur,14,,,,,
OSM_way_801320516,Kwai Chai Hong,Kwai Chai Hong,,Attraction,tourism=attraction,way,801320516,3.1416,101.697675,W.P. Kuala Lumpur,14,W.P. Kuala Lumpur,14,https://www.kwaichaihong.com/,,Mo-Su 09:00-24:00,,
OSM_node_4327707896,Little India,Little India,,Attraction,tourism=attraction,node,4327707896,3.129054,101.68404,W.P. Kuala Lumpur,14,W.P. Kuala Lumpur,14,,,,,
OSM_node_10961369805,"Lot 1-39 & 1-40, Ground Floor, Roller Light (Indoor Roller Skating Rink)",,,Attraction,tourism=attraction,node,10961369805,3.198969,101.742596,W.P. Kuala Lumpur,14,W.P. Kuala Lumpur,14,,,,,
OSM_relation_21406754,Love Aviary,,,Attraction,tourism=attraction,relation,21406754,3.142863,101.68824,W.P. Kuala Lumpur,14,W.P. Kuala Lumpur,14,,,,,
OSM_way_480717734,Masjid Jamek Kuala Lumpur,Jamek Mosque,Masjid Jamek Kuala Lumpur,Attraction,tourism=attraction,way,480717734,3.148837,101.695799,W.P. Kuala Lumpur,14,W.P. Kuala Lumpur,14,,,,,
OSM_way_391561809,Memorial Tun P. Ramlee,,,Attraction,tourism=attraction,way,391561809,3.194855,101.708133,W.P. Kuala Lumpur,14,W.P. Kuala Lumpur,14,,,,,
OSM_way_279944536,Menara Berkembar Petronas,Petronas Towers,,Attraction,tourism=attraction,way,279944536,3.15797,101.711761,W.P. Kuala Lumpur,14,W.P. Kuala Lumpur,14,,+60 3-2331 8080,,,
OSM_node_5839389988,Menara Kuala Lumpur,Kuala Lumpur Tower,Menara Kuala Lumpur,Attraction,tourism=attraction,node,5839389988,3.152859,101.70376,W.P. Kuala Lumpur,14,W.P. Kuala Lumpur,14,https://www.menarakl.com.my/,+60 32020 5444,Mo-Su 09:00-22:00,,
OSM_node_7192886087,Mini Stonehenge,Mini Stone Henge,,Attraction,tourism=attraction,node,7192886087,3.140404,101.687737,W.P. Kuala Lumpur,14,W.P. Kuala Lumpur,14,,,,,
OSM_node_11694943469,MiniNature Malaysia,,,Attraction,tourism=attraction,node,11694943469,3.144039,101.711037,W.P. Kuala Lumpur,14,W.P. Kuala Lumpur,14,https://minnature.com/,,,,
OSM_node_11832151818,National Mosque of Malaysia,,,Attraction,tourism=attraction,node,11832151818,3.141919,101.692099,W.P. Kuala Lumpur,14,W.P. Kuala Lumpur,14,,,,,
OSM_node_5729567223,Old KL Train Station,Old KL Train Station,,Attraction,tourism=attraction,node,5729567223,3.139761,101.693355,W.P. Kuala Lumpur,14,W.P. Kuala Lumpur,14,,,,,
OSM_relation_21406740,Oriental Bird Aviaries,,,Attraction,tourism=attraction,relation,21406740,3.144859,101.688018,W.P. Kuala Lumpur,14,W.P. Kuala Lumpur,14,,,,,
OSM_way_793910990,Pasar Borong Kuala Lumpur,,Pasar Borong Kuala Lumpur,Attraction,tourism=attraction,way,793910990,3.235463,101.669085,W.P. Kuala Lumpur,14,W.P. Kuala Lumpur,14,,,03:00-09:00,,
OSM_way_765200301,Pintasan Saloma,Saloma Link,,Attraction,tourism=attraction,way,765200301,3.161011,101.708227,W.P. Kuala Lumpur,14,W.P. Kuala Lumpur,14,,,"Mo-Sa 05:00-01:00, Su,PH 05:00-00:30",,
OSM_way_1237772915,Pintasan Saloma,Saloma Link,,Attraction,tourism=attraction,way,1237772915,3.161375,101.707892,W.P. Kuala Lumpur,14,W.P. Kuala Lumpur,14,,,"Mo-Sa 05:00-01:00, Su,PH 05:00-00:30",,
OSM_way_484263462,Queen Victoria Fountain,,,Attraction,tourism=attraction,way,484263462,3.147667,101.693825,W.P. Kuala Lumpur,14,W.P. Kuala Lumpur,14,,,,,
OSM_relation_19573700,River of Life site,,,Attraction,tourism=attraction,relation,19573700,3.148518,101.695454,W.P. Kuala Lumpur,14,W.P. Kuala Lumpur,14,,,,,
OSM_way_1021001334,Rumah Pokok Samali,Samali Treehouse,,Attraction,tourism=attraction,way,1021001334,3.119637,101.655532,W.P. Kuala Lumpur,14,W.P. Kuala Lumpur,14,,,,,
OSM_way_24577285,Sin Sze Si Ya Temple,Sin Sze Si Ya Temple,,Attraction,tourism=attraction,way,24577285,3.145652,101.696389,W.P. Kuala Lumpur,14,W.P. Kuala Lumpur,14,,,,,yes
OSM_node_12001002231,Sudut Pidato,Speaker's Corner,Sudut Pidato,Attraction,tourism=attraction,node,12001002231,3.120604,101.656088,W.P. Kuala Lumpur,14,W.P. Kuala Lumpur,14,,,,,
OSM_way_776280280,Taman Bunga Raya,Hibiscus Park,,Attraction,tourism=attraction,way,776280280,3.145335,101.686249,W.P. Kuala Lumpur,14,W.P. Kuala Lumpur,14,,,Mo-Su 09:00-18:00,,
OSM_way_28287741,Taman Eko Rimba Kuala Lumpur,KL Forest Eco-Park,Taman Eko Rimba Kuala Lumpur,Attraction,tourism=attraction,way,28287741,3.152942,101.70264,W.P. Kuala Lumpur,14,W.P. Kuala Lumpur,14,,,,,
OSM_way_776280279,Taman Orkid,Orchid Park,,Attraction,tourism=attraction,way,776280279,3.143961,101.687595,W.P. Kuala Lumpur,14,W.P. Kuala Lumpur,14,,+60326176000,Mo-Su 09:00-18:00,no,
OSM_node_12483500601,The Tree of Hope,The Tree of Hope,,Attraction,tourism=attraction,node,12483500601,3.105393,101.677848,W.P. Kuala Lumpur,14,W.P. Kuala Lumpur,14,,,,,
OSM_node_3338501983,Unnamed Attraction,,,Attraction,tourism=attraction,node,3338501983,3.147735,101.693423,W.P. Kuala Lumpur,14,W.P. Kuala Lumpur,14,,,,,
OSM_way_1559953883,Unnamed Attraction,,,Attraction,tourism=attraction,way,1559953883,3.143536,101.689007,W.P. Kuala Lumpur,14,W.P. Kuala Lumpur,14,,,,,
OSM_way_1559953884,Unnamed Attraction,,,Attraction,tourism=attraction,way,1559953884,3.143601,101.689145,W.P. Kuala Lumpur,14,W.P. Kuala Lumpur,14,,,,,
OSM_way_1559953885,Unnamed Attraction,,,Attraction,tourism=attraction,way,1559953885,3.143521,101.689065,W.P. Kuala Lumpur,14,W.P. Kuala Lumpur,14,,,,,
OSM_way_1559953894,Unnamed Attraction,,,Attraction,tourism=attraction,way,1559953894,3.14142,101.687965,W.P. Kuala Lumpur,14,W.P. Kuala Lumpur,14,,,,,
OSM_way_1559953945,Unnamed Attraction,,,Attraction,tourism=attraction,way,1559953945,3.143034,101.688971,W.P. Kuala Lumpur,14,W.P. Kuala Lumpur,14,,,,,
OSM_way_1559953947,Unnamed Attraction,,,Attraction,tourism=attraction,way,1559953947,3.143119,101.688836,W.P. Kuala Lumpur,14,W.P. Kuala Lumpur,14,,,,,
OSM_relation_21406746,Unnamed Attraction,,,Attraction,tourism=attraction,relation,21406746,3.143187,101.689036,W.P. Kuala Lumpur,14,W.P. Kuala Lumpur,14,,,,,
OSM_relation_21406752,Unnamed Attraction,,,Attraction,tourism=attraction,relation,21406752,3.143199,101.688953,W.P. Kuala Lumpur,14,W.P. Kuala Lumpur,14,,,,,
OSM_node_1919710738,Upside Down House,,,Attraction,tourism=attraction,node,1919710738,3.151461,101.70276,W.P. Kuala Lumpur,14,W.P. Kuala Lumpur,14,https://www.menarakl.com.my/index.php/attractions/tower-attractions/upside-down-house,+60 10 802 7547,09:00-19:00,,
OSM_relation_21406741,World of Parrot,,,Attraction,tourism=attraction,relation,21406741,3.144496,101.688439,W.P. Kuala Lumpur,14,W.P. Kuala Lumpur,14,,,,,
OSM_relation_21406757,Zone 1,,,Attraction,tourism=attraction,relation,21406757,3.142751,101.688511,W.P. Kuala Lumpur,14,W.P. Kuala Lumpur,14,,,,,
OSM_relation_21406755,Zone 2,,,Attraction,tourism=attraction,relation,21406755,3.141706,101.688401,W.P. Kuala Lumpur,14,W.P. Kuala Lumpur,14,,,,,
OSM_relation_21406756,Zone 3,,,Attraction,tourism=attraction,relation,21406756,3.14353,101.688984,W.P. Kuala Lumpur,14,W.P. Kuala Lumpur,14,,,,,
OSM_relation_21406758,Zone 4,,,Attraction,tourism=attraction,relation,21406758,3.145172,101.688005,W.P. Kuala Lumpur,14,W.P. Kuala Lumpur,14,,,,,
OSM_node_13707104520,功德园,,,Attraction,tourism=attraction,node,13707104520,3.129485,101.70519,W.P. Kuala Lumpur,14,W.P. Kuala Lumpur,14,,,,,
OSM_node_11162549305,A+ Works of Art,,,Gallery,tourism=gallery,node,11162549305,3.181173,101.692599,W.P. Kuala Lumpur,14,W.P. Kuala Lumpur,14,https://linktr.ee/aplusart,,Tu-Sa 12:00-19:00,,
OSM_node_13390296100,Art Is Art Gallery,Art Is Art Gallery,,Gallery,tourism=gallery,node,13390296100,3.138661,101.711016,W.P. Kuala Lumpur,14,W.P. Kuala Lumpur,14,https://www.facebook.com/artisartgallery/,+60-163318929,,,
OSM_way_428954061,Balai Seni Visual Negara,National Visual Arts Gallery,,Gallery,tourism=gallery,way,428954061,3.173761,101.705083,W.P. Kuala Lumpur,14,W.P. Kuala Lumpur,14,https://www.artgallery.gov.my/,+60 340 267 000,Mo-Fr 09:00-19:00,no,
OSM_node_9903396583,Galeri Budi,,,Gallery,tourism=gallery,node,9903396583,3.155541,101.69634,W.P. Kuala Lumpur,14,W.P. Kuala Lumpur,14,,,,,
OSM_node_4770741269,Galeri Petronas,Petronas Gallery,Galeri Petronas,Gallery,tourism=gallery,node,4770741269,3.157945,101.71203,W.P. Kuala Lumpur,14,W.P. Kuala Lumpur,14,http://www.galeripetronas.com.my/Pages/Current.aspx,,,,
OSM_node_13527855002,Galeri Royal Selangor,Royal Selangor Gallery,,Gallery,tourism=gallery,node,13527855002,3.148847,101.694554,W.P. Kuala Lumpur,14,W.P. Kuala Lumpur,14,,,Mo-Su 09:00-18:00,,
OSM_node_4703275089,ILHAM Gallery,ILHAM Gallery,,Gallery,tourism=gallery,node,4703275089,3.159111,101.71882,W.P. Kuala Lumpur,14,W.P. Kuala Lumpur,14,https://www.ilhamgallery.com/,,"Tu-Sa 11:00-19:00; Su 11:00-17:00; Mo,PH off",no,
OSM_node_4661264031,Jadi Batik Gallery,Jadi Batik Gallery,,Gallery,tourism=gallery,node,4661264031,3.145711,101.719043,W.P. Kuala Lumpur,14,W.P. Kuala Lumpur,14,https://www.jadibatek.com/,,09:00-17:30,,
OSM_node_11515771739,Oriental Art & Cultural Center,Oriental Art & Cultural Center,,Gallery,tourism=gallery,node,11515771739,3.084761,101.670793,W.P. Kuala Lumpur,14,W.P. Kuala Lumpur,14,https://www.oacc.my/,+60-1120941869,,,
OSM_node_13586146004,Ruang Merdeka,,,Gallery,tourism=gallery,node,13586146004,3.141697,101.681944,W.P. Kuala Lumpur,14,W.P. Kuala Lumpur,14,,,,,
OSM_node_11992352981,Universiti Malaya Art Gallery,,Galeri Seni Universiti Malaya,Gallery,tourism=gallery,node,11992352981,3.120331,101.654351,W.P. Kuala Lumpur,14,W.P. Kuala Lumpur,14,,,,no,
OSM_node_11497118871,Ur-Mu,UR-MU,,Gallery,tourism=gallery,node,11497118871,3.147571,101.709502,W.P. Kuala Lumpur,14,W.P. Kuala Lumpur,14,https://ur-mu.com/,,Tu-Su 10:00-08:30,,
OSM_node_4770727112,Wei-Ling Gallery,,,Gallery,tourism=gallery,node,4770727112,3.13589,101.691433,W.P. Kuala Lumpur,14,W.P. Kuala Lumpur,14,https://weiling-gallery.com/,,,,
OSM_node_13478173506,宋居艺术文化馆,,,Gallery,tourism=gallery,node,13478173506,3.083699,101.670218,W.P. Kuala Lumpur,14,W.P. Kuala Lumpur,14,,,,,
OSM_node_14048302987,The Hundred Quarters’ Heritage Site,The Hundred Quarters’ Heritage Site,,Historic Site,historic=yes,node,14048302987,3.129711,101.684781,W.P. Kuala Lumpur,14,W.P. Kuala Lumpur,14,,,,,
OSM_way_589740576,Unnamed Historic Site,,,Historic Site,historic=yes,way,589740576,3.152856,101.703755,W.P. Kuala Lumpur,14,W.P. Kuala Lumpur,14,,,,,
OSM_node_11621301197,Eagle 150B,,,Historic Site (Aircraft),historic=aircraft,node,11621301197,3.137494,101.687942,W.P. Kuala Lumpur,14,W.P. Kuala Lumpur,14,,,,,
OSM_node_11622328359,Unnamed Historic Site (Aircraft),,,Historic Site (Aircraft),historic=aircraft,node,11622328359,3.140601,101.688851,W.P. Kuala Lumpur,14,W.P. Kuala Lumpur,14,,,,,
OSM_node_12566864345,Unnamed Historic Site (Archaeological Site),,,Historic Site (Archaeological Site),historic=archaeological_site,node,12566864345,3.112545,101.724558,W.P. Kuala Lumpur,14,W.P. Kuala Lumpur,14,,,,,
OSM_node_14177847974,Unnamed Historic Site (Cannon),,,Historic Site (Cannon),historic=cannon,node,14177847974,3.148786,101.679713,W.P. Kuala Lumpur,14,W.P. Kuala Lumpur,14,,,,,
OSM_way_466670179,Istana Darul Aman Kedah,,,Historic Site (Castle),historic=castle,way,466670179,3.14052,101.67764,W.P. Kuala Lumpur,14,W.P. Kuala Lumpur,14,,,,,
OSM_way_381408310,Istana Hinggap Johor,,,Historic Site (Castle),historic=castle,way,381408310,3.152099,101.715525,W.P. Kuala Lumpur,14,W.P. Kuala Lumpur,14,,,,,
OSM_way_477022180,Istana Hinggap Negeri Sembilan,Palace of Negeri Sembilan,,Historic Site (Castle),historic=castle,way,477022180,3.137848,101.680426,W.P. Kuala Lumpur,14,W.P. Kuala Lumpur,14,,,,,
OSM_way_171114876,Istana Hinggap Perak,Palace of Perak,,Historic Site (Castle),historic=castle,way,171114876,3.136233,101.68149,W.P. Kuala Lumpur,14,W.P. Kuala Lumpur,14,,,,,
OSM_way_323762224,Istana Hinggap Selangor,,Istana Hinggap Selangor,Historic Site (Castle),historic=castle,way,323762224,3.157369,101.683565,W.P. Kuala Lumpur,14,W.P. Kuala Lumpur,14,,,,,
OSM_way_614406773,Istana Kelantan,,,Historic Site (Castle),historic=castle,way,614406773,3.155801,101.738831,W.P. Kuala Lumpur,14,W.P. Kuala Lumpur,14,,,,,
OSM_way_262728688,Istana Negara,National Palace,,Historic Site (Castle),historic=castle,way,262728688,3.161472,101.663513,W.P. Kuala Lumpur,14,W.P. Kuala Lumpur,14,,,,,
OSM_way_1141071370,Istana Nurul Jannah,,,Historic Site (Castle),historic=castle,way,1141071370,3.163182,101.677378,W.P. Kuala Lumpur,14,W.P. Kuala Lumpur,14,,,,,
OSM_way_383568875,Unnamed Historic Site (Castle),,,Historic Site (Castle),historic=castle,way,383568875,3.151363,101.72228,W.P. Kuala Lumpur,14,W.P. Kuala Lumpur,14,,,,,
OSM_way_825060104,Unnamed Historic Site (Castle),,,Historic Site (Castle),historic=castle,way,825060104,3.151402,101.721369,W.P. Kuala Lumpur,14,W.P. Kuala Lumpur,14,,,,,
OSM_relation_4516124,Unnamed Historic Site (Castle),,,Historic Site (Castle),historic=castle,relation,4516124,3.150453,101.722203,W.P. Kuala Lumpur,14,W.P. Kuala Lumpur,14,,,,,
OSM_way_386523803,Istana Negara Pintu 1,,,Historic Site (City Gate),historic=city_gate,way,386523803,3.159828,101.667404,W.P. Kuala Lumpur,14,W.P. Kuala Lumpur,14,,,,,
OSM_way_23069513,Dataran Merdeka,,Dataran Merdeka,Historic Site (Heritage),historic=heritage,way,23069513,3.148639,101.693648,W.P. Kuala Lumpur,14,W.P. Kuala Lumpur,14,http://www.visitkl.gov.my/visitklv2/index.php?r=column/cthree&id=55&place_id=979,,,,
OSM_way_773660232,321.01,,,Historic Site (Locomotive),historic=locomotive,way,773660232,3.137989,101.688061,W.P. Kuala Lumpur,14,W.P. Kuala Lumpur,14,,,,,
OSM_way_773660233,531.01,,,Historic Site (Locomotive),historic=locomotive,way,773660233,3.138296,101.68798,W.P. Kuala Lumpur,14,W.P. Kuala Lumpur,14,,,,,
OSM_node_11899742359,Ex-Penang furnicular train,,,Historic Site (Locomotive),historic=locomotive,node,11899742359,3.138026,101.687695,W.P. Kuala Lumpur,14,W.P. Kuala Lumpur,14,,,,,
OSM_way_773660234,Seri Menanti 22102,,,Historic Site (Locomotive),historic=locomotive,way,773660234,3.138168,101.688236,W.P. Kuala Lumpur,14,W.P. Kuala Lumpur,14,,,,,
OSM_node_13073779101,Unnamed Historic Site (Locomotive),,,Historic Site (Locomotive),historic=locomotive,node,13073779101,3.160251,101.729149,W.P. Kuala Lumpur,14,W.P. Kuala Lumpur,14,,,,,
OSM_node_7176829770,Aveling Steam Roller,,,Historic Site (Memorial),historic=memorial,node,7176829770,3.151099,101.69392,W.P. Kuala Lumpur,14,W.P. Kuala Lumpur,14,,,,,
OSM_way_1426809140,Former Site of the KL Cenotaph,Former Site of the KL Cenotaph,,Historic Site (Memorial),historic=memorial,way,1426809140,3.141764,101.693492,W.P. Kuala Lumpur,14,W.P. Kuala Lumpur,14,,,,,
OSM_node_9924537174,Globe,,,Historic Site (Memorial),historic=memorial,node,9924537174,3.054691,101.689444,W.P. Kuala Lumpur,14,W.P. Kuala Lumpur,14,,,,,
OSM_node_11953997081,KENNY GREEN,,,Historic Site (Memorial),historic=memorial,node,11953997081,3.174421,101.679308,W.P. Kuala Lumpur,14,W.P. Kuala Lumpur,14,,,,,
OSM_node_5896594836,Kuala Lumpur Cenotaph,,,Historic Site (Memorial),historic=memorial,node,5896594836,3.150012,101.683755,W.P. Kuala Lumpur,14,W.P. Kuala Lumpur,14,,,,,
OSM_way_1370659387,Lim Lian Geok Memorial,Lim Lian Geok Memorial,,Historic Site (Memorial),historic=memorial,way,1370659387,3.1274,101.700123,W.P. Kuala Lumpur,14,W.P. Kuala Lumpur,14,,,,,
OSM_node_7365813622,Memorial Negarawan,Memorial Negarawan,,Historic Site (Memorial),historic=memorial,node,7365813622,3.155098,101.691227,W.P. Kuala Lumpur,14,W.P. Kuala Lumpur,14,,,,,
OSM_node_7365813597,Memorial Tun Hussein Onn,Memorial Tun Hussein Onn,,Historic Site (Memorial),historic=memorial,node,7365813597,3.155683,101.690926,W.P. Kuala Lumpur,14,W.P. Kuala Lumpur,14,,,,,
OSM_node_4509938191,Memorial Tunku Abdul Rahman PUTRA,Memorial Tunku Abdul Rahman PUTRA,,Historic Site (Memorial),historic=memorial,node,4509938191,3.156556,101.690448,W.P. Kuala Lumpur,14,W.P. Kuala Lumpur,14,https://www.arkib.gov.my/,+60 32694 7277,"Mo off; Tu-Th, Sa-Su 09:00-17:00; Fr 09:00-12:00, 15:00-17:00",no,
OSM_way_1023648498,Old Pudu Prison Entrance,,,Historic Site (Memorial),historic=memorial,way,1023648498,3.141656,101.707594,W.P. Kuala Lumpur,14,W.P. Kuala Lumpur,14,,,,,
OSM_node_9924537176,Prisms by Axiata,,,Historic Site (Memorial),historic=memorial,node,9924537176,3.053443,101.692656,W.P. Kuala Lumpur,14,W.P. Kuala Lumpur,14,,,,,
OSM_node_11953997082,TUNKU PLAZA,,,Historic Site (Memorial),historic=memorial,node,11953997082,3.174216,101.679441,W.P. Kuala Lumpur,14,W.P. Kuala Lumpur,14,,,,,
OSM_node_11921781027,Unnamed Historic Site (Memorial),,,Historic Site (Memorial),historic=memorial,node,11921781027,3.119677,101.671069,W.P. Kuala Lumpur,14,W.P. Kuala Lumpur,14,,,,,
OSM_node_11921781028,Unnamed Historic Site (Memorial),,,Historic Site (Memorial),historic=memorial,node,11921781028,3.119659,101.670814,W.P. Kuala Lumpur,14,W.P. Kuala Lumpur,14,,,,,
OSM_node_11924601106,Unnamed Historic Site (Memorial),,,Historic Site (Memorial),historic=memorial,node,11924601106,3.128199,101.686608,W.P. Kuala Lumpur,14,W.P. Kuala Lumpur,14,,,,,
OSM_node_12076759575,Unnamed Historic Site (Memorial),,,Historic Site (Memorial),historic=memorial,node,12076759575,3.168071,101.70502,W.P. Kuala Lumpur,14,W.P. Kuala Lumpur,14,,,,,
OSM_node_12181635766,Unnamed Historic Site (Memorial),,,Historic Site (Memorial),historic=memorial,node,12181635766,3.16951,101.703839,W.P. Kuala Lumpur,14,W.P. Kuala Lumpur,14,,,,,
OSM_node_12247592895,Unnamed Historic Site (Memorial),,,Historic Site (Memorial),historic=memorial,node,12247592895,3.148599,101.694413,W.P. Kuala Lumpur,14,W.P. Kuala Lumpur,14,,,,,
OSM_node_12401316768,Unnamed Historic Site (Memorial),,,Historic Site (Memorial),historic=memorial,node,12401316768,3.168567,101.702519,W.P. Kuala Lumpur,14,W.P. Kuala Lumpur,14,,,,,
OSM_way_498127497,Unnamed Historic Site (Memorial),,,Historic Site (Memorial),historic=memorial,way,498127497,3.14251,101.686571,W.P. Kuala Lumpur,14,W.P. Kuala Lumpur,14,,,,,
OSM_node_13514176353,纪念中华民国男女侨胞惨死坟,,,Historic Site (Memorial),historic=memorial,node,13514176353,3.126214,101.698497,W.P. Kuala Lumpur,14,W.P. Kuala Lumpur,14,,,,,
OSM_node_12160080415,雪蘭莪華僑機工回國抗戰殉難紀念碑,,,Historic Site (Memorial),historic=memorial,node,12160080415,3.123562,101.697576,W.P. Kuala Lumpur,14,W.P. Kuala Lumpur,14,,,,,
OSM_node_12133344346,Menara Panduan Kuala Lumpur,,,Historic Site (Monument),historic=monument,node,12133344346,3.148185,101.695877,W.P. Kuala Lumpur,14,W.P. Kuala Lumpur,14,,,,,
OSM_node_12387767675,Monumen Taman Bunga Raya,,,Historic Site (Monument),historic=monument,node,12387767675,3.145179,101.686294,W.P. Kuala Lumpur,14,W.P. Kuala Lumpur,14,,,,,
OSM_way_1212049483,Tugu Negara,National Monument,,Historic Site (Monument),historic=monument,way,1212049483,3.148874,101.683787,W.P. Kuala Lumpur,14,W.P. Kuala Lumpur,14,,,,,
OSM_node_1923431905,Unnamed Historic Site (Monument),,,Historic Site (Monument),historic=monument,node,1923431905,3.049957,101.674875,W.P. Kuala Lumpur,14,W.P. Kuala Lumpur,14,,,,,
OSM_node_12247968798,Unnamed Historic Site (Monument),,,Historic Site (Monument),historic=monument,node,12247968798,3.134399,101.693896,W.P. Kuala Lumpur,14,W.P. Kuala Lumpur,14,,,,,
OSM_node_10074451201,World Peace Gong,World Peace Gong,,Historic Site (Monument),historic=monument,node,10074451201,3.151523,101.702514,W.P. Kuala Lumpur,14,W.P. Kuala Lumpur,14,,,,,
OSM_node_11900033058,Semaphore signal,,,Historic Site (Railway),historic=railway,node,11900033058,3.140401,101.693065,W.P. Kuala Lumpur,14,W.P. Kuala Lumpur,14,,,,,
OSM_way_304550993,SMK St. John,Saint John's Institution,SMK St. John,Historic Site (School),historic=school,way,304550993,3.150501,101.700156,W.P. Kuala Lumpur,14,W.P. Kuala Lumpur,14,,,,,
OSM_node_13523428137,Makam Lim Lian Geok,Lim Lian Geok's Tomb,Makam Lim Lian Geok,Historic Site (Tomb),historic=tomb,node,13523428137,3.127375,101.700048,W.P. Kuala Lumpur,14,W.P. Kuala Lumpur,14,,,,,
OSM_way_1217576336,Makam Pahlawan,,,Historic Site (Tomb),historic=tomb,way,1217576336,3.141981,101.690697,W.P. Kuala Lumpur,14,W.P. Kuala Lumpur,14,,,,,
OSM_node_13523430488,雪隆茶阳（大埔）总坟,,,Historic Site (Tomb),historic=tomb,node,13523430488,3.125923,101.700393,W.P. Kuala Lumpur,14,W.P. Kuala Lumpur,14,,,,,
OSM_node_6986109948,Unnamed Historic Site (Wayside Shrine),,,Historic Site (Wayside Shrine),historic=wayside_shrine,node,6986109948,3.112366,101.680031,W.P. Kuala Lumpur,14,W.P. Kuala Lumpur,14,,,,,
OSM_node_7181508242,Unnamed Historic Site (Wayside Shrine),,,Historic Site (Wayside Shrine),historic=wayside_shrine,node,7181508242,3.208165,101.669621,W.P. Kuala Lumpur,14,W.P. Kuala Lumpur,14,,,,,
OSM_node_7339732945,Unnamed Historic Site (Wayside Shrine),,,Historic Site (Wayside Shrine),historic=wayside_shrine,node,7339732945,3.211432,101.67039,W.P. Kuala Lumpur,14,W.P. Kuala Lumpur,14,,,,,
OSM_node_7339748093,Unnamed Historic Site (Wayside Shrine),,,Historic Site (Wayside Shrine),historic=wayside_shrine,node,7339748093,3.211662,101.670427,W.P. Kuala Lumpur,14,W.P. Kuala Lumpur,14,,,,,
OSM_node_9852336829,Unnamed Historic Site (Wayside Shrine),,,Historic Site (Wayside Shrine),historic=wayside_shrine,node,9852336829,3.205414,101.659932,W.P. Kuala Lumpur,14,W.P. Kuala Lumpur,14,,,,,
OSM_node_9852415636,Unnamed Historic Site (Wayside Shrine),,,Historic Site (Wayside Shrine),historic=wayside_shrine,node,9852415636,3.206397,101.65984,W.P. Kuala Lumpur,14,W.P. Kuala Lumpur,14,,,,,
OSM_node_11143099501,Unnamed Historic Site (Wayside Shrine),,,Historic Site (Wayside Shrine),historic=wayside_shrine,node,11143099501,3.211233,101.66967,W.P. Kuala Lumpur,14,W.P. Kuala Lumpur,14,,,,,
OSM_node_12423395301,Unnamed Historic Site (Wayside Shrine),,,Historic Site (Wayside Shrine),historic=wayside_shrine,node,12423395301,3.107143,101.661825,W.P. Kuala Lumpur,14,W.P. Kuala Lumpur,14,,,,,
OSM_node_13043125627,Unnamed Historic Site (Wayside Shrine),,,Historic Site (Wayside Shrine),historic=wayside_shrine,node,13043125627,3.188534,101.679631,W.P. Kuala Lumpur,14,W.P. Kuala Lumpur,14,,,,,
OSM_way_1189698699,Unnamed Historic Site (Wayside Shrine),,,Historic Site (Wayside Shrine),historic=wayside_shrine,way,1189698699,3.194617,101.674145,W.P. Kuala Lumpur,14,W.P. Kuala Lumpur,14,,,,,
OSM_node_13527849283,Bangunan Sultan Abdul Samad,Sultan Abdul Samad Building,,Museum,tourism=museum,node,13527849283,3.148626,101.69445,W.P. Kuala Lumpur,14,W.P. Kuala Lumpur,14,https://bsas.com.my/,,Mo-Su 09:00-18:00,no,
OSM_relation_21406734,Bird Gallery,,,Museum,tourism=museum,relation,21406734,3.145015,101.688474,W.P. Kuala Lumpur,14,W.P. Kuala Lumpur,14,,,,,
OSM_relation_21406736,Bird School,,,Museum,tourism=museum,relation,21406736,3.145423,101.687966,W.P. Kuala Lumpur,14,W.P. Kuala Lumpur,14,,,,,
OSM_node_13428966985,Chan Lok Hung Commemorative Hall,Chan Lok Hung Commemorative Hall,,Museum,tourism=museum,node,13428966985,3.197529,101.720192,W.P. Kuala Lumpur,14,W.P. Kuala Lumpur,14,https://www.facebook.com/CLHMFKLMY/,+60-192275289,,,
OSM_relation_21406735,Education Station,,,Museum,tourism=museum,relation,21406735,3.145224,101.688218,W.P. Kuala Lumpur,14,W.P. Kuala Lumpur,14,,,,,
OSM_node_1919715404,Galeri Interaktif NRE,Forestry Information Centre,Galeri Interaktif NRE,Museum,tourism=museum,node,1919715404,3.150061,101.702418,W.P. Kuala Lumpur,14,W.P. Kuala Lumpur,14,,,Mo-Su 09:00-17:00,,
OSM_node_13527820228,Galeri Seri Negara,Seri Negara Gallery,,Museum,tourism=museum,node,13527820228,3.141796,101.681963,W.P. Kuala Lumpur,14,W.P. Kuala Lumpur,14,https://serinegara.com.my/,+6011 2700 3616,"Tu-Su 10:00-18:00 ""Reserve a slot via website""",no,
OSM_node_13598068743,Galeria Sri Perdana,,,Museum,tourism=museum,node,13598068743,3.144404,101.674183,W.P. Kuala Lumpur,14,W.P. Kuala Lumpur,14,https://www.arkib.gov.my/en/web/guest/galeria-sri-perdana,+60 32072 0033,"10:00-17:30; Fr 10:00-12:00,15:00-17:30; Mo off",no,
OSM_node_4525948489,Herbarium,Herbarium,Herbarium,Museum,tourism=museum,node,4525948489,3.146841,101.686942,W.P. Kuala Lumpur,14,W.P. Kuala Lumpur,14,,,Mo-Fr 08:30-17:00,,
OSM_node_9839016996,Historical Museum of Traditional Chinese Medicine in Malaysia,Historical Museum of Traditional Chinese Medicine in Malaysia,,Museum,tourism=museum,node,9839016996,3.143301,101.70001,W.P. Kuala Lumpur,14,W.P. Kuala Lumpur,14,,,,,
OSM_node_12469300177,Immersify Kuala Lumpur,,,Museum,tourism=museum,node,12469300177,3.139924,101.70898,W.P. Kuala Lumpur,14,W.P. Kuala Lumpur,14,https://immersifykl.com/,,,,
OSM_way_386523813,Istana 1,,Istana 1,Museum,tourism=museum,way,386523813,3.137695,101.688087,W.P. Kuala Lumpur,14,W.P. Kuala Lumpur,14,,,,,
OSM_way_358003725,J14 - Muzium Zoologi Institut Sains Biologi,J14 - Zoology Museum,J14 - Muzium Zoologi Institut Sains Biologi,Museum,tourism=museum,way,358003725,3.123768,101.6547,W.P. Kuala Lumpur,14,W.P. Kuala Lumpur,14,,,,,yes
OSM_way_1266999282,Kompleks Arkib Perdana Menteri Dan Arkib Negarawan,Prime Ministers’ Archive Complex and Statesmen Archive,,Museum,tourism=museum,way,1266999282,3.15613,101.690967,W.P. Kuala Lumpur,14,W.P. Kuala Lumpur,14,https://www.arkib.gov.my/,,09:00-17:00; Fr 09:00–12:00 15:00–17:00; Mo off,,
OSM_node_4283481889,Kuala Lumpur City Gallery,Kuala Lumpur City Gallery,Galeri Kuala Lumpur,Museum,tourism=museum,node,4283481889,3.147224,101.693407,W.P. Kuala Lumpur,14,W.P. Kuala Lumpur,14,http://www.klcitygallery.com.my/,,09:00-18:30; Tu off,no,
OSM_node_6367206585,Malaysia Cartoon & Comic House,Malaysia Cartoon & Comic House,,Museum,tourism=museum,node,6367206585,3.146807,101.68668,W.P. Kuala Lumpur,14,W.P. Kuala Lumpur,14,,,,,
OSM_node_9572727988,Memorial Lim Lian Geok,Memorial Lim Lian Geok,,Museum,tourism=museum,node,9572727988,3.137045,101.701202,W.P. Kuala Lumpur,14,W.P. Kuala Lumpur,14,https://llgcultural.com/memorialllg/,,,,
OSM_node_11766259873,Muzium Bioperubatan,,,Museum,tourism=museum,node,11766259873,3.168342,101.698808,W.P. Kuala Lumpur,14,W.P. Kuala Lumpur,14,,,,,
OSM_way_169403450,Muzium Diraja,Royal Museum,Muzium Diraja,Museum,tourism=museum,way,169403450,3.132544,101.695889,W.P. Kuala Lumpur,14,W.P. Kuala Lumpur,14,https://www.jmm.gov.my/ms/muzium/muzium-diraja,+6032272 1896,Mo-Sa 09:00-17:00; Su off,,
OSM_way_386523816,Muzium Etnologi Dunia Melayu,Malay World Gallery,Muzium Etnologi Dunia Melayu,Museum,tourism=museum,way,386523816,3.137683,101.688437,W.P. Kuala Lumpur,14,W.P. Kuala Lumpur,14,https://www.jmm.gov.my/ms/muzium-etnologi-dunia-melayu,+603 2282 7399,09:00-17:30,no,
OSM_node_9196355756,Muzium Geologi,Geology Museum,Muzium Geologi,Museum,tourism=museum,node,9196355756,3.122288,101.652409,W.P. Kuala Lumpur,14,W.P. Kuala Lumpur,14,,,,no,yes
OSM_way_659878360,Muzium Kesenian Islam Malaysia,Islamic Arts Museum Malaysia,,Museum,tourism=museum,way,659878360,3.141452,101.689752,W.P. Kuala Lumpur,14,W.P. Kuala Lumpur,14,https://www.iamm.org.my/,+60 3 20927070,Mo-Su 10:00-18:00,yes,
OSM_node_11292514141,Muzium Kraf Kuala Lumpur,Craft Museum,Muzium Kraf Kuala Lumpur,Museum,tourism=museum,node,11292514141,3.148926,101.718712,W.P. Kuala Lumpur,14,W.P. Kuala Lumpur,14,,,09:00-17:00,no,
OSM_way_323394984,Muzium Negara,National Museum,Muzium Negara,Museum,tourism=museum,way,323394984,3.137709,101.687381,W.P. Kuala Lumpur,14,W.P. Kuala Lumpur,14,https://www.muziumnegara.gov.my/,+60 3-2267 1000,09:00-17:00,yes,
OSM_node_4329258589,Muzium Polis Diraja Malaysia,Royal Malaysia Police Museum,,Museum,tourism=museum,node,4329258589,3.140939,101.688914,W.P. Kuala Lumpur,14,W.P. Kuala Lumpur,14,,,"Tu-Su 10:00-18:00; Fr 12:30-14:30 off ""Friday's prayer""",no,
OSM_node_13302972993,Muzium RTM,RTM Museum,,Museum,tourism=museum,node,13302972993,3.112864,101.670705,W.P. Kuala Lumpur,14,W.P. Kuala Lumpur,14,,,,,
OSM_way_358004197,Muzium Seni Asia,Museum of Asian Art,Muzium Seni Asia,Museum,tourism=museum,way,358004197,3.118197,101.653175,W.P. Kuala Lumpur,14,W.P. Kuala Lumpur,14,http://www.museum.um.edu.my/,+603 7967 3805,"Mo-Th 09:00-13:00,14:00-17:00; Fr 09:00-12:15,14:45-17:00; Sa,Su,PH off",no,
OSM_node_7217517474,Muzium Seni Kraf Orang Asli,Orang Asli Craft Museum,Muzium Seni Kraf Orang Asli,Museum,tourism=museum,node,7217517474,3.137747,101.688532,W.P. Kuala Lumpur,14,W.P. Kuala Lumpur,14,https://www.jmm.gov.my/en/museum/orang-asli-crafts-museum,,Mo-Su 09:00-18:00,RM5,
OSM_node_11261866685,Muzium Tekstil Negara,National Textile Museum,Muzium Tekstil Negara,Museum,tourism=museum,node,11261866685,3.146545,101.693941,W.P. Kuala Lumpur,14,W.P. Kuala Lumpur,14,http://www.muziumtekstilnegara.gov.my,+60326943457,09:00-17:00,no,
OSM_way_23766164,Muzium Telekom,Telekom Museum,Muzium Telekom,Museum,tourism=museum,way,23766164,3.149046,101.699278,W.P. Kuala Lumpur,14,W.P. Kuala Lumpur,14,,01163378118,Mo-Su 9:00-17:00,,
OSM_node_10682643094,Muzium dan Galeri Seni Bank Negara Malaysia,Bank Negara Malaysia Museum and Art Gallery,,Museum,tourism=museum,node,10682643094,3.157379,101.690715,W.P. Kuala Lumpur,14,W.P. Kuala Lumpur,14,https://museum.bnm.gov.my/,+603 9179 2784,Tu-Su 10:00-17:00,no,
OSM_node_10035485588,Petrosains,Petrosains,Petrosains,Museum,tourism=museum,node,10035485588,3.157528,101.71187,W.P. Kuala Lumpur,14,W.P. Kuala Lumpur,14,https://petrosains.com.my/,+60 32 331 8787,,yes,yes
OSM_node_12540592418,Pioneers Of Kuala Lumpur Museum,Pioneers Of Kuala Lumpur Museum,,Museum,tourism=museum,node,12540592418,3.145619,101.696552,W.P. Kuala Lumpur,14,W.P. Kuala Lumpur,14,https://www.facebook.com/p/%E5%90%89%E9%9A%86%E5%9D%A1%E5%B8%88%E7%88%B7%E5%BA%99%E6%8B%93%E8%8D%92%E5%8D%9A%E7%89%A9%E9%A6%86-Sin-Sze-Si-Ya-Temple-Pioneers-of-Kuala-Lumpur-Museum-100090781340904/,+60-123582113,,,
OSM_node_7221496859,Planetarium Negara,National Planetarium,Planetarium Negara,Museum,tourism=museum,node,7221496859,3.139486,101.689303,W.P. Kuala Lumpur,14,W.P. Kuala Lumpur,14,https://www.planetariumnegara.gov.my/,+603 2273 4301,09:00-16:30; Mo off,yes,
OSM_way_158527518,Pusat Sains Negara,National Science Centre,,Museum,tourism=museum,way,158527518,3.149493,101.64485,W.P. Kuala Lumpur,14,W.P. Kuala Lumpur,14,https://www.psn.gov.my/,+60 32089 3400,09:00-17:00; Fr off,yes,
OSM_way_375635986,Rumah Penghulu Abu Seman,The Penghulu Abu Seman House,,Museum,tourism=museum,way,375635986,3.150273,101.716463,W.P. Kuala Lumpur,14,W.P. Kuala Lumpur,14,,,Tu-Sa 11:00-17:00,yes,
OSM_way_1086403294,Sri Taman Memorial Tun Abdul Razak,,,Museum,tourism=museum,way,1086403294,3.141964,101.686877,W.P. Kuala Lumpur,14,W.P. Kuala Lumpur,14,,,Tu-Fr 09:00-17:00,no,
OSM_node_4817168621,Taksu Gallery,,,Museum,tourism=museum,node,4817168621,3.172066,101.732683,W.P. Kuala Lumpur,14,W.P. Kuala Lumpur,14,https://www.taksu.com/,,10:00-17:00,,
OSM_node_13419360499,The Nanyang Volunteer Drivers & Mechanics Memorial,The Nanyang Volunteer Drivers & Mechanics Memorial,,Museum,tourism=museum,node,13419360499,3.123876,101.69788,W.P. Kuala Lumpur,14,W.P. Kuala Lumpur,14,,+60-321410838,,,
OSM_node_11596077608,Ur-Mu Tun HS Lee,,,Museum,tourism=museum,node,11596077608,3.144704,101.69651,W.P. Kuala Lumpur,14,W.P. Kuala Lumpur,14,,,,yes,
OSM_node_13707104519,吉隆坡广东义山历史文物馆,,,Museum,tourism=museum,node,13707104519,3.129941,101.705158,W.P. Kuala Lumpur,14,W.P. Kuala Lumpur,14,,,,,
OSM_node_13689085164,马来西亚陈嘉庚纪念馆,,,Museum,tourism=museum,node,13689085164,3.139165,101.697974,W.P. Kuala Lumpur,14,W.P. Kuala Lumpur,14,https://mytkkf.com.my/cn/%E5%85%B3%E4%BA%8E%E6%88%91%E4%BB%AC/%E9%A9%AC%E6%9D%A5%E8%A5%BF%E4%BA%9A%E9%99%88%E5%98%89%E5%BA%9A%E7%BA%AA%E5%BF%B5%E9%A6%86/,,,,
OSM_node_5678926520,99 Wonderland Park LED Park,,,Theme Park,tourism=theme_park,node,5678926520,3.236466,101.664445,W.P. Kuala Lumpur,14,W.P. Kuala Lumpur,14,,,,,
OSM_node_7996342620,Berjaya Times Square Theme Park,Berjaya Times Square Theme Park,,Theme Park,tourism=theme_park,node,7996342620,3.142165,101.710564,W.P. Kuala Lumpur,14,W.P. Kuala Lumpur,14,,,,,
OSM_node_4816630727,Bukit Besi Alam Damai Cheras,,Bukit Besi Alam Damai Cheras,Viewpoint,tourism=viewpoint,node,4816630727,3.071169,101.730872,W.P. Kuala Lumpur,14,W.P. Kuala Lumpur,14,,,,,
OSM_node_10904707515,Changkat Tunku Lookout Point,,,Viewpoint,tourism=viewpoint,node,10904707515,3.162841,101.67732,W.P. Kuala Lumpur,14,W.P. Kuala Lumpur,14,,,,,
OSM_node_11871495057,Dinosaur Egg Rock,,,Viewpoint,tourism=viewpoint,node,11871495057,3.156245,101.634801,W.P. Kuala Lumpur,14,W.P. Kuala Lumpur,14,,,,,
OSM_node_13099936092,Hill Viewpoint,,,Viewpoint,tourism=viewpoint,node,13099936092,3.156381,101.716051,W.P. Kuala Lumpur,14,W.P. Kuala Lumpur,14,,,,,
OSM_way_1554507362,KL East Park,,,Viewpoint,tourism=viewpoint,way,1554507362,3.228231,101.735091,W.P. Kuala Lumpur,14,W.P. Kuala Lumpur,14,,,,,
OSM_node_12191953998,KL See See View,,,Viewpoint,tourism=viewpoint,node,12191953998,3.187483,101.749479,W.P. Kuala Lumpur,14,W.P. Kuala Lumpur,14,,,,,
OSM_node_9120196843,Kuala Lumpur viewpoint,,,Viewpoint,tourism=viewpoint,node,9120196843,3.165692,101.639571,W.P. Kuala Lumpur,14,W.P. Kuala Lumpur,14,,,,,
OSM_node_11341062075,Lookout Setiawangsa Viewpoint,,,Viewpoint,tourism=viewpoint,node,11341062075,3.188355,101.746196,W.P. Kuala Lumpur,14,W.P. Kuala Lumpur,14,,,,,
OSM_node_9120196841,Mutiara Damansara view from hill,,,Viewpoint,tourism=viewpoint,node,9120196841,3.159156,101.633785,W.P. Kuala Lumpur,14,W.P. Kuala Lumpur,14,,,,,
OSM_node_6246346788,Petronas Towers Viewpoint #1,,,Viewpoint,tourism=viewpoint,node,6246346788,3.158946,101.710888,W.P. Kuala Lumpur,14,W.P. Kuala Lumpur,14,,,,,
OSM_node_2517533554,Petronas Towers Viewpoint #2,Petronas Towers Viewpoint #2,,Viewpoint,tourism=viewpoint,node,2517533554,3.156176,101.713764,W.P. Kuala Lumpur,14,W.P. Kuala Lumpur,14,,,,,
OSM_node_11015351705,Petronas Towers Viewpoint #3,,,Viewpoint,tourism=viewpoint,node,11015351705,3.155292,101.714694,W.P. Kuala Lumpur,14,W.P. Kuala Lumpur,14,,,,,
OSM_node_12043210293,Petronas tower viewpoint #5,,,Viewpoint,tourism=viewpoint,node,12043210293,3.154997,101.715394,W.P. Kuala Lumpur,14,W.P. Kuala Lumpur,14,,,,,
OSM_node_12043216925,Petronas towers viewpoint #6,,,Viewpoint,tourism=viewpoint,node,12043216925,3.154638,101.715511,W.P. Kuala Lumpur,14,W.P. Kuala Lumpur,14,,,,,
OSM_node_5316288322,River of Life,River of Life,Sungai Nadi Kehidupan,Viewpoint,tourism=viewpoint,node,5316288322,3.147225,101.695192,W.P. Kuala Lumpur,14,W.P. Kuala Lumpur,14,,,,,
OSM_node_12147363374,SkyDeck,SkyDeck,,Viewpoint,tourism=viewpoint,node,12147363374,3.152566,101.716156,W.P. Kuala Lumpur,14,W.P. Kuala Lumpur,14,https://www.imperiallexiskl.com/facilities/skydeck,,Mo-Su 09:00-22:00,,
OSM_node_13521174733,Skyline Viewpoint,,,Viewpoint,tourism=viewpoint,node,13521174733,3.151656,101.635486,W.P. Kuala Lumpur,14,W.P. Kuala Lumpur,14,,,,,
OSM_node_9120196847,Starbuczs Swing,,,Viewpoint,tourism=viewpoint,node,9120196847,3.161524,101.635498,W.P. Kuala Lumpur,14,W.P. Kuala Lumpur,14,,,,,
OSM_node_9120196844,Stream view,,,Viewpoint,tourism=viewpoint,node,9120196844,3.161074,101.634847,W.P. Kuala Lumpur,14,W.P. Kuala Lumpur,14,,,,,
OSM_node_1576435436,Unnamed Viewpoint,,,Viewpoint,tourism=viewpoint,node,1576435436,3.095453,101.659763,W.P. Kuala Lumpur,14,W.P. Kuala Lumpur,14,,,,,
OSM_node_3978494998,Unnamed Viewpoint,,,Viewpoint,tourism=viewpoint,node,3978494998,3.159537,101.639467,W.P. Kuala Lumpur,14,W.P. Kuala Lumpur,14,,,,,
OSM_node_7223861810,Unnamed Viewpoint,,,Viewpoint,tourism=viewpoint,node,7223861810,3.161438,101.707774,W.P. Kuala Lumpur,14,W.P. Kuala Lumpur,14,,,,,
OSM_node_10223398264,Unnamed Viewpoint,,,Viewpoint,tourism=viewpoint,node,10223398264,3.074912,101.733353,W.P. Kuala Lumpur,14,W.P. Kuala Lumpur,14,,,,,
OSM_node_10223398265,Unnamed Viewpoint,,,Viewpoint,tourism=viewpoint,node,10223398265,3.073161,101.733327,W.P. Kuala Lumpur,14,W.P. Kuala Lumpur,14,,,,,
OSM_node_10682484765,Unnamed Viewpoint,,,Viewpoint,tourism=viewpoint,node,10682484765,3.147747,101.695114,W.P. Kuala Lumpur,14,W.P. Kuala Lumpur,14,,,,,
OSM_node_11227687938,Unnamed Viewpoint,,,Viewpoint,tourism=viewpoint,node,11227687938,3.155048,101.683491,W.P. Kuala Lumpur,14,W.P. Kuala Lumpur,14,,,,,
OSM_node_11731046981,Unnamed Viewpoint,,,Viewpoint,tourism=viewpoint,node,11731046981,3.178218,101.617205,W.P. Kuala Lumpur,14,W.P. Kuala Lumpur,14,,,,,
OSM_node_11732297073,Unnamed Viewpoint,,,Viewpoint,tourism=viewpoint,node,11732297073,3.181021,101.638558,W.P. Kuala Lumpur,14,W.P. Kuala Lumpur,14,,,,,
OSM_node_11832445007,Unnamed Viewpoint,,,Viewpoint,tourism=viewpoint,node,11832445007,3.072789,101.733109,W.P. Kuala Lumpur,14,W.P. Kuala Lumpur,14,,,,,
OSM_node_11832445029,Unnamed Viewpoint,,,Viewpoint,tourism=viewpoint,node,11832445029,3.075188,101.73348,W.P. Kuala Lumpur,14,W.P. Kuala Lumpur,14,,,,,
OSM_node_12925544001,Unnamed Viewpoint,,,Viewpoint,tourism=viewpoint,node,12925544001,3.140182,101.700056,W.P. Kuala Lumpur,14,W.P. Kuala Lumpur,14,,,,,
OSM_node_13001345395,Unnamed Viewpoint,,,Viewpoint,tourism=viewpoint,node,13001345395,3.150949,101.635561,W.P. Kuala Lumpur,14,W.P. Kuala Lumpur,14,,,,,
OSM_node_13685904154,Unnamed Viewpoint,,,Viewpoint,tourism=viewpoint,node,13685904154,3.106958,101.660242,W.P. Kuala Lumpur,14,W.P. Kuala Lumpur,14,,,,,
OSM_node_13764358052,Unnamed Viewpoint,,,Viewpoint,tourism=viewpoint,node,13764358052,3.148076,101.695744,W.P. Kuala Lumpur,14,W.P. Kuala Lumpur,14,,,,,
OSM_node_13869966591,Unnamed Viewpoint,,,Viewpoint,tourism=viewpoint,node,13869966591,3.148248,101.633025,W.P. Kuala Lumpur,14,W.P. Kuala Lumpur,14,,,,,
OSM_node_13068256101,View on Merdeka Tower 118,View on Merdeka Tower 118,,Viewpoint,tourism=viewpoint,node,13068256101,3.142798,101.698602,W.P. Kuala Lumpur,14,W.P. Kuala Lumpur,14,,,,,
OSM_node_13068263801,View on Merdeka Tower 118,,,Viewpoint,tourism=viewpoint,node,13068263801,3.142786,101.700862,W.P. Kuala Lumpur,14,W.P. Kuala Lumpur,14,,,,,
OSM_node_13068265101,View on Merdeka Tower 118,,,Viewpoint,tourism=viewpoint,node,13068265101,3.14271,101.701386,W.P. Kuala Lumpur,14,W.P. Kuala Lumpur,14,,,,,
OSM_node_6259611407,Viewpoint of KL TV Tower between 2 buildings,,,Viewpoint,tourism=viewpoint,node,6259611407,3.140097,101.705436,W.P. Kuala Lumpur,14,W.P. Kuala Lumpur,14,,,,,
OSM_node_11042731583,Air Terjun Bukit Nanas,,,Waterfall,waterway=waterfall,node,11042731583,3.155078,101.70193,W.P. Kuala Lumpur,14,W.P. Kuala Lumpur,14,,,,,
OSM_node_12808991799,Air Terjun Tembusu,,Air Terjun Tembusu,Waterfall,waterway=waterfall,node,12808991799,3.145989,101.685664,W.P. Kuala Lumpur,14,W.P. Kuala Lumpur,14,,,,,
OSM_node_11832435154,CP 5 Air Terjun Kem,,,Waterfall,waterway=waterfall,node,11832435154,3.07457,101.72695,W.P. Kuala Lumpur,14,W.P. Kuala Lumpur,14,,,,,
OSM_node_6288208673,Kiara Waterfall,,,Waterfall,waterway=waterfall,node,6288208673,3.153978,101.640049,W.P. Kuala Lumpur,14,W.P. Kuala Lumpur,14,,,,,
OSM_node_4792010822,Unnamed Waterfall,,,Waterfall,waterway=waterfall,node,4792010822,3.148231,101.633219,W.P. Kuala Lumpur,14,W.P. Kuala Lumpur,14,,,,,
OSM_node_7234391872,Unnamed Waterfall,,,Waterfall,waterway=waterfall,node,7234391872,3.135503,101.68594,W.P. Kuala Lumpur,14,W.P. Kuala Lumpur,14,,,,,
OSM_node_9494188744,Unnamed Waterfall,,,Waterfall,waterway=waterfall,node,9494188744,3.147723,101.686396,W.P. Kuala Lumpur,14,W.P. Kuala Lumpur,14,,,,,
OSM_node_12167552091,Unnamed Waterfall,,,Waterfall,waterway=waterfall,node,12167552091,3.143128,101.717078,W.P. Kuala Lumpur,14,W.P. Kuala Lumpur,14,,,,,
OSM_node_13284844802,Unnamed Waterfall,,,Waterfall,waterway=waterfall,node,13284844802,3.144088,101.684521,W.P. Kuala Lumpur,14,W.P. Kuala Lumpur,14,,,,,
OSM_node_14128771760,Unnamed Waterfall,,,Waterfall,waterway=waterfall,node,14128771760,3.191067,101.747609,W.P. Kuala Lumpur,14,W.P. Kuala Lumpur,14,,,,,
OSM_node_14128771776,Unnamed Waterfall,,,Waterfall,waterway=waterfall,node,14128771776,3.192303,101.746775,W.P. Kuala Lumpur,14,W.P. Kuala Lumpur,14,,,,,
OSM_node_14139585441,Unnamed Waterfall,,,Waterfall,waterway=waterfall,node,14139585441,3.191906,101.747943,W.P. Kuala Lumpur,14,W.P. Kuala Lumpur,14,,,,,
OSM_node_14189697391,Unnamed Waterfall,,,Waterfall,waterway=waterfall,node,14189697391,3.145318,101.687148,W.P. Kuala Lumpur,14,W.P. Kuala Lumpur,14,,,,,
OSM_node_14189697607,Unnamed Waterfall,,,Waterfall,waterway=waterfall,node,14189697607,3.142796,101.689224,W.P. Kuala Lumpur,14,W.P. Kuala Lumpur,14,,,,,
OSM_node_4400794173,KL Tower Mini Zoo,KL Tower Mini Zoo,,Zoo,tourism=zoo,node,4400794173,3.152641,101.703505,W.P. Kuala Lumpur,14,W.P. Kuala Lumpur,14,,,,,
OSM_relation_21406759,Taman Burung Kuala Lumpur,Kuala Lumpur Bird Park,,Zoo,tourism=zoo,relation,21406759,3.143659,101.688398,W.P. Kuala Lumpur,14,W.P. Kuala Lumpur,14,https://klbirdpark.com/,+60 3 2272 1010,09:00-18:00,yes,
OSM_way_804684605,Taman Rama Rama Kuala Lumpur,Kuala Lumpur Butterfly Park,,Zoo,tourism=zoo,way,804684605,3.145514,101.688759,W.P. Kuala Lumpur,14,W.P. Kuala Lumpur,14,http://www.klbutterflypark.com/,+60 326934799,09:00-18:00,yes,
OSM_way_776280273,Taman Rusa,Deer Park,Taman Rusa,Zoo,tourism=zoo,way,776280273,3.143436,101.686271,W.P. Kuala Lumpur,14,W.P. Kuala Lumpur,14,,,"Mo-Th 10:00-12:00,14:00-18:00,Fr 10:00-12:00,15:00-18:00; PH,Sa-Su 10:00-18:00",,
OSM_node_5117465337,British Graveyard,,,Attraction,tourism=attraction,node,5117465337,5.385293,115.253467,W.P. Labuan,15,W.P. Labuan,01,,,,,
OSM_node_5117465335,Gedung Ubat (Ammunition Store),,,Attraction,tourism=attraction,node,5117465335,5.381504,115.25521,W.P. Labuan,15,W.P. Labuan,01,,,,,
OSM_node_5117465038,Kina Benuwa Wetland Mangrove Forest,,,Attraction,tourism=attraction,node,5117465038,5.283565,115.211581,W.P. Labuan,15,W.P. Labuan,01,,,,,
OSM_node_12531647645,Labuan Sign,,,Attraction,tourism=attraction,node,12531647645,5.275542,115.257299,W.P. Labuan,15,W.P. Labuan,01,,,,,
OSM_node_5117465340,Layang-Layangan Beach,,,Attraction,tourism=attraction,node,5117465340,5.334765,115.194984,W.P. Labuan,15,W.P. Labuan,01,,,,,
OSM_node_5117466431,Raffles anchorage,,,Attraction,tourism=attraction,node,5117466431,5.382873,115.255916,W.P. Labuan,15,W.P. Labuan,01,,,,,
OSM_node_6087072691,Ramsey Point Observation Tower,,,Attraction,tourism=attraction,node,6087072691,5.273557,115.254377,W.P. Labuan,15,W.P. Labuan,01,,,,,
OSM_node_6087346685,Speedboat taxi,,,Attraction,tourism=attraction,node,6087346685,5.28118,115.238907,W.P. Labuan,15,W.P. Labuan,01,,,,,
OSM_node_6087340585,Sunset spot,,,Attraction,tourism=attraction,node,6087340585,5.280772,115.238029,W.P. Labuan,15,W.P. Labuan,01,,,,,
OSM_node_10869962593,Timbalai Trigonometrical Station,Timbalai Trigonometrical Station,,Attraction,tourism=attraction,node,10869962593,5.283447,115.185321,W.P. Labuan,15,W.P. Labuan,01,,,,,
OSM_relation_12885692,Pantai Batu Manikar,Batu Manikar Beach,,Beach,natural=beach,relation,12885692,5.380415,115.23003,W.P. Labuan,15,W.P. Labuan,01,,,,,
OSM_relation_12885689,Pantai Pancur Hitam,Pancur Hitam Beach,,Beach,natural=beach,relation,12885689,5.361787,115.212332,W.P. Labuan,15,W.P. Labuan,01,,,,,
OSM_relation_12885688,Pantai Pohon Batu,Pohon Batu Beach,,Beach,natural=beach,relation,12885688,5.368944,115.219448,W.P. Labuan,15,W.P. Labuan,01,,,,,
OSM_node_5117465341,Pantai Sungai Miri,Miri River Beach,Pantai Sungai Miri,Beach,natural=beach,node,5117465341,5.282045,115.172941,W.P. Labuan,15,W.P. Labuan,01,,,,,
OSM_node_5117464926,Sungai Labu Beach,,,Beach,natural=beach,node,5117464926,5.311818,115.182911,W.P. Labuan,15,W.P. Labuan,01,,,,,
OSM_node_5117465037,Sungai Pagar Beach,,,Beach,natural=beach,node,5117465037,5.300473,115.175672,W.P. Labuan,15,W.P. Labuan,01,,,,,
OSM_way_892987827,Tanjung Kubong Beach,,,Beach,natural=beach,way,892987827,5.387594,115.253788,W.P. Labuan,15,W.P. Labuan,01,,,,,
OSM_way_28949772,Tiara Beach,,,Beach,natural=beach,way,28949772,5.280463,115.261476,W.P. Labuan,15,W.P. Labuan,01,,,,,
OSM_way_111753193,Unnamed Beach,,,Beach,natural=beach,way,111753193,5.326278,115.188539,W.P. Labuan,15,W.P. Labuan,01,,,,,
OSM_way_319853200,Unnamed Beach,,,Beach,natural=beach,way,319853200,5.277027,115.324871,W.P. Labuan,15,W.P. Labuan,01,,,,,
OSM_way_714713541,Unnamed Beach,,,Beach,natural=beach,way,714713541,5.230124,115.128111,W.P. Labuan,15,W.P. Labuan,01,,,,,
OSM_way_714713542,Unnamed Beach,,,Beach,natural=beach,way,714713542,5.227935,115.136714,W.P. Labuan,15,W.P. Labuan,01,,,,,
OSM_way_714713543,Unnamed Beach,,,Beach,natural=beach,way,714713543,5.218137,115.138933,W.P. Labuan,15,W.P. Labuan,01,,,,,
OSM_relation_12885690,Unnamed Beach,,,Beach,natural=beach,relation,12885690,5.355535,115.207951,W.P. Labuan,15,W.P. Labuan,01,,,,,
OSM_relation_12885691,Unnamed Beach,,,Beach,natural=beach,relation,12885691,5.387787,115.23908,W.P. Labuan,15,W.P. Labuan,01,,,,,
OSM_relation_18140006,Unnamed Beach,,,Beach,natural=beach,relation,18140006,5.253447,115.270819,W.P. Labuan,15,W.P. Labuan,01,,,,,
OSM_node_12976239709,Memorial Pulau Maida,Maida Island Memorial,,Historic Site (Memorial),historic=memorial,node,12976239709,5.276635,115.245303,W.P. Labuan,15,W.P. Labuan,01,,,,,
OSM_node_317339126,Surrender Point,,,Historic Site (Memorial),historic=memorial,node,317339126,5.332418,115.192842,W.P. Labuan,15,W.P. Labuan,01,,,,,
OSM_node_6086944085,The Commonwealth War Grave,The Commonwealth War Grave,,Historic Site (Memorial),historic=memorial,node,6086944085,5.291246,115.252291,W.P. Labuan,15,W.P. Labuan,01,,,,,
OSM_node_315729961,War Memorial,,,Historic Site (Memorial),historic=memorial,node,315729961,5.28703,115.261874,W.P. Labuan,15,W.P. Labuan,01,,,,,
OSM_node_315732778,Clock Tower,,,Historic Site (Monument),historic=monument,node,315732778,5.275713,115.254831,W.P. Labuan,15,W.P. Labuan,01,,,,,
OSM_node_317159844,The Chimney,,,Historic Site (Monument),historic=monument,node,317159844,5.380664,115.248891,W.P. Labuan,15,W.P. Labuan,01,,,,,
OSM_node_317858496,Chimney Museum,,Muzium Chimney,Museum,tourism=museum,node,317858496,5.381166,115.248616,W.P. Labuan,15,W.P. Labuan,01,https://www.jmm.gov.my/en/museum/chimney-museum,+603 2267-1000,Tu-Su 09:00-17:00,,
OSM_way_221184311,Labuan Museum,,,Museum,tourism=museum,way,221184311,5.276936,115.24535,W.P. Labuan,15,W.P. Labuan,01,,,,,
OSM_node_2077198451,Marine Museum,Marine Museum,Muzium Marin,Museum,tourism=museum,node,2077198451,5.274204,115.254888,W.P. Labuan,15,W.P. Labuan,01,,,,,
OSM_node_10821751993,Labuan Sunrise View Point,,,Viewpoint,tourism=viewpoint,node,10821751993,5.381366,115.255556,W.P. Labuan,15,W.P. Labuan,01,,,,,
OSM_node_13378194605,Astaka Morocco,Moroccan Pavilion Putrajaya,,Attraction,tourism=attraction,node,13378194605,2.943006,101.69311,W.P. Putrajaya,16,W.P. Putrajaya,01,https://www.ppj.gov.my/,,"Tu-Th 09:00-17:00; Fr 09:00-11:00, 15:00-17:00; Sa 08:00-12:00, 15:00-17:00; Su 09:00-12:00, 14:00-17:00",,
OSM_node_12533671401,Flamingos here,,,Attraction,tourism=attraction,node,12533671401,2.957644,101.697552,W.P. Putrajaya,16,W.P. Putrajaya,01,,,,,
OSM_node_13153132853,MALAYSIA MADANI sign,,,Attraction,tourism=attraction,node,13153132853,2.935664,101.691305,W.P. Putrajaya,16,W.P. Putrajaya,01,,,,,
OSM_node_5382083875,Nature Interpretive Centre,Nature Interpretive Centre,,Attraction,tourism=attraction,node,5382083875,2.960177,101.694581,W.P. Putrajaya,16,W.P. Putrajaya,01,,,,,
OSM_way_1426376287,PUTRAJAYA sign,,,Attraction,tourism=attraction,way,1426376287,2.93482,101.691005,W.P. Putrajaya,16,W.P. Putrajaya,01,,,,,
OSM_relation_17418186,Istana Melawati,,Istana Melawati,Historic Site (Castle),historic=castle,relation,17418186,2.945278,101.70088,W.P. Putrajaya,16,W.P. Putrajaya,01,,,,,
OSM_node_6124565980,Danau Mutiara,,Danau Mutiara,Historic Site (City Gate),historic=city_gate,node,6124565980,2.934244,101.707442,W.P. Putrajaya,16,W.P. Putrajaya,01,www.danaumutiara.com,+03 8886 8888,,,
OSM_node_11644080769,Anti Corruption Excelence Award Status,,,Historic Site (Monument),historic=monument,node,11644080769,2.935888,101.692223,W.P. Putrajaya,16,W.P. Putrajaya,01,,,,,
OSM_node_4908339908,Mercu Tanda Putrajaya,Putrajaya Landmark,Mercu Tanda Putrajaya,Historic Site (Monument),historic=monument,node,4908339908,2.940833,101.697586,W.P. Putrajaya,16,W.P. Putrajaya,01,,,,,
OSM_relation_8455783,Monumen Alaf Baru,Millennium Monument,,Historic Site (Monument),historic=monument,relation,8455783,2.923536,101.682728,W.P. Putrajaya,16,W.P. Putrajaya,01,,,,,
OSM_way_1325531021,Pusara Negara,,,Historic Site (Tomb),historic=tomb,way,1325531021,2.884782,101.672162,W.P. Putrajaya,16,W.P. Putrajaya,01,,,,,
OSM_node_10580683025,Unnamed Viewpoint,,,Viewpoint,tourism=viewpoint,node,10580683025,2.95965,101.673586,W.P. Putrajaya,16,W.P. Putrajaya,01,,,,,
