beds,date,type,state,district
45087,2015-01-01,all,Malaysia,All
36447,2015-01-01,hospital_moh,Malaysia,All
3698,2015-01-01,hospital_non_moh,Malaysia,All
4942,2015-01-01,special_medical_institution,Malaysia,All
45678,2016-01-01,all,Malaysia,All
37293,2016-01-01,hospital_moh,Malaysia,All
3683,2016-01-01,hospital_non_moh,Malaysia,All
4702,2016-01-01,special_medical_institution,Malaysia,All
46054,2017-01-01,all,Malaysia,All
37330,2017-01-01,hospital_moh,Malaysia,All
3892,2017-01-01,hospital_non_moh,Malaysia,All
4832,2017-01-01,special_medical_institution,Malaysia,All
46611,2018-01-01,all,Malaysia,All
37609,2018-01-01,hospital_moh,Malaysia,All
4187,2018-01-01,hospital_non_moh,Malaysia,All
4815,2018-01-01,special_medical_institution,Malaysia,All
46988,2019-01-01,all,Malaysia,All
38131,2019-01-01,hospital_moh,Malaysia,All
4052,2019-01-01,hospital_non_moh,Malaysia,All
4805,2019-01-01,special_medical_institution,Malaysia,All
48305,2020-01-01,all,Malaysia,All
38543,2020-01-01,hospital_moh,Malaysia,All
4188,2020-01-01,hospital_non_moh,Malaysia,All
5574,2020-01-01,special_medical_institution,Malaysia,All
49781,2021-01-01,all,Malaysia,All
39263,2021-01-01,hospital_moh,Malaysia,All
4932,2021-01-01,hospital_non_moh,Malaysia,All
5586,2021-01-01,special_medical_institution,Malaysia,All
49985,2022-01-01,all,Malaysia,All
39581,2022-01-01,hospital_moh,Malaysia,All
4818,2022-01-01,hospital_non_moh,Malaysia,All
5586,2022-01-01,special_medical_institution,Malaysia,All
4968,2015-01-01,all,Johor,All Districts
5185,2016-01-01,all,Johor,All Districts
5185,2017-01-01,all,Johor,All Districts
5200,2018-01-01,all,Johor,All Districts
5200,2019-01-01,all,Johor,All Districts
5270,2020-01-01,all,Johor,All Districts
5278,2021-01-01,all,Johor,All Districts
5433,2022-01-01,all,Johor,All Districts
3836,2015-01-01,hospital_moh,Johor,All Districts
4053,2016-01-01,hospital_moh,Johor,All Districts
4053,2017-01-01,hospital_moh,Johor,All Districts
4068,2018-01-01,hospital_moh,Johor,All Districts
4068,2019-01-01,hospital_moh,Johor,All Districts
4138,2020-01-01,hospital_moh,Johor,All Districts
4146,2021-01-01,hospital_moh,Johor,All Districts
4301,2022-01-01,hospital_moh,Johor,All Districts
0,2015-01-01,hospital_non_moh,Johor,All Districts
0,2016-01-01,hospital_non_moh,Johor,All Districts
0,2017-01-01,hospital_non_moh,Johor,All Districts
0,2018-01-01,hospital_non_moh,Johor,All Districts
0,2019-01-01,hospital_non_moh,Johor,All Districts
0,2020-01-01,hospital_non_moh,Johor,All Districts
0,2021-01-01,hospital_non_moh,Johor,All Districts
0,2022-01-01,hospital_non_moh,Johor,All Districts
1132,2015-01-01,special_medical_institution,Johor,All Districts
1132,2016-01-01,special_medical_institution,Johor,All Districts
1132,2017-01-01,special_medical_institution,Johor,All Districts
1132,2018-01-01,special_medical_institution,Johor,All Districts
1132,2019-01-01,special_medical_institution,Johor,All Districts
1132,2020-01-01,special_medical_institution,Johor,All Districts
1132,2021-01-01,special_medical_institution,Johor,All Districts
1132,2022-01-01,special_medical_institution,Johor,All Districts
516,2015-01-01,all,Johor,Batu Pahat
516,2016-01-01,all,Johor,Batu Pahat
516,2017-01-01,all,Johor,Batu Pahat
516,2018-01-01,all,Johor,Batu Pahat
516,2019-01-01,all,Johor,Batu Pahat
546,2020-01-01,all,Johor,Batu Pahat
554,2021-01-01,all,Johor,Batu Pahat
610,2022-01-01,all,Johor,Batu Pahat
516,2015-01-01,hospital_moh,Johor,Batu Pahat
516,2016-01-01,hospital_moh,Johor,Batu Pahat
516,2017-01-01,hospital_moh,Johor,Batu Pahat
516,2018-01-01,hospital_moh,Johor,Batu Pahat
516,2019-01-01,hospital_moh,Johor,Batu Pahat
546,2020-01-01,hospital_moh,Johor,Batu Pahat
554,2021-01-01,hospital_moh,Johor,Batu Pahat
610,2022-01-01,hospital_moh,Johor,Batu Pahat
0,2015-01-01,hospital_non_moh,Johor,Batu Pahat
0,2016-01-01,hospital_non_moh,Johor,Batu Pahat
0,2017-01-01,hospital_non_moh,Johor,Batu Pahat
0,2018-01-01,hospital_non_moh,Johor,Batu Pahat
0,2019-01-01,hospital_non_moh,Johor,Batu Pahat
0,2020-01-01,hospital_non_moh,Johor,Batu Pahat
0,2021-01-01,hospital_non_moh,Johor,Batu Pahat
0,2022-01-01,hospital_non_moh,Johor,Batu Pahat
0,2015-01-01,special_medical_institution,Johor,Batu Pahat
0,2016-01-01,special_medical_institution,Johor,Batu Pahat
0,2017-01-01,special_medical_institution,Johor,Batu Pahat
0,2018-01-01,special_medical_institution,Johor,Batu Pahat
0,2019-01-01,special_medical_institution,Johor,Batu Pahat
0,2020-01-01,special_medical_institution,Johor,Batu Pahat
0,2021-01-01,special_medical_institution,Johor,Batu Pahat
0,2022-01-01,special_medical_institution,Johor,Batu Pahat
2825,2015-01-01,all,Johor,Johor Bahru
3042,2016-01-01,all,Johor,Johor Bahru
3042,2017-01-01,all,Johor,Johor Bahru
3042,2018-01-01,all,Johor,Johor Bahru
3042,2019-01-01,all,Johor,Johor Bahru
3042,2020-01-01,all,Johor,Johor Bahru
3042,2021-01-01,all,Johor,Johor Bahru
3042,2022-01-01,all,Johor,Johor Bahru
1693,2015-01-01,hospital_moh,Johor,Johor Bahru
1910,2016-01-01,hospital_moh,Johor,Johor Bahru
1910,2017-01-01,hospital_moh,Johor,Johor Bahru
1910,2018-01-01,hospital_moh,Johor,Johor Bahru
1910,2019-01-01,hospital_moh,Johor,Johor Bahru
1910,2020-01-01,hospital_moh,Johor,Johor Bahru
1910,2021-01-01,hospital_moh,Johor,Johor Bahru
1910,2022-01-01,hospital_moh,Johor,Johor Bahru
0,2015-01-01,hospital_non_moh,Johor,Johor Bahru
0,2016-01-01,hospital_non_moh,Johor,Johor Bahru
0,2017-01-01,hospital_non_moh,Johor,Johor Bahru
0,2018-01-01,hospital_non_moh,Johor,Johor Bahru
0,2019-01-01,hospital_non_moh,Johor,Johor Bahru
0,2020-01-01,hospital_non_moh,Johor,Johor Bahru
0,2021-01-01,hospital_non_moh,Johor,Johor Bahru
0,2022-01-01,hospital_non_moh,Johor,Johor Bahru
1132,2015-01-01,special_medical_institution,Johor,Johor Bahru
1132,2016-01-01,special_medical_institution,Johor,Johor Bahru
1132,2017-01-01,special_medical_institution,Johor,Johor Bahru
1132,2018-01-01,special_medical_institution,Johor,Johor Bahru
1132,2019-01-01,special_medical_institution,Johor,Johor Bahru
1132,2020-01-01,special_medical_institution,Johor,Johor Bahru
1132,2021-01-01,special_medical_institution,Johor,Johor Bahru
1132,2022-01-01,special_medical_institution,Johor,Johor Bahru
268,2015-01-01,all,Johor,Kluang
268,2016-01-01,all,Johor,Kluang
268,2017-01-01,all,Johor,Kluang
268,2018-01-01,all,Johor,Kluang
268,2019-01-01,all,Johor,Kluang
308,2020-01-01,all,Johor,Kluang
308,2021-01-01,all,Johor,Kluang
382,2022-01-01,all,Johor,Kluang
268,2015-01-01,hospital_moh,Johor,Kluang
268,2016-01-01,hospital_moh,Johor,Kluang
268,2017-01-01,hospital_moh,Johor,Kluang
268,2018-01-01,hospital_moh,Johor,Kluang
268,2019-01-01,hospital_moh,Johor,Kluang
308,2020-01-01,hospital_moh,Johor,Kluang
308,2021-01-01,hospital_moh,Johor,Kluang
382,2022-01-01,hospital_moh,Johor,Kluang
0,2015-01-01,hospital_non_moh,Johor,Kluang
0,2016-01-01,hospital_non_moh,Johor,Kluang
0,2017-01-01,hospital_non_moh,Johor,Kluang
0,2018-01-01,hospital_non_moh,Johor,Kluang
0,2019-01-01,hospital_non_moh,Johor,Kluang
0,2020-01-01,hospital_non_moh,Johor,Kluang
0,2021-01-01,hospital_non_moh,Johor,Kluang
0,2022-01-01,hospital_non_moh,Johor,Kluang
0,2015-01-01,special_medical_institution,Johor,Kluang
0,2016-01-01,special_medical_institution,Johor,Kluang
0,2017-01-01,special_medical_institution,Johor,Kluang
0,2018-01-01,special_medical_institution,Johor,Kluang
0,2019-01-01,special_medical_institution,Johor,Kluang
0,2020-01-01,special_medical_institution,Johor,Kluang
0,2021-01-01,special_medical_institution,Johor,Kluang
0,2022-01-01,special_medical_institution,Johor,Kluang
158,2015-01-01,all,Johor,Kota Tinggi
158,2016-01-01,all,Johor,Kota Tinggi
158,2017-01-01,all,Johor,Kota Tinggi
158,2018-01-01,all,Johor,Kota Tinggi
158,2019-01-01,all,Johor,Kota Tinggi
158,2020-01-01,all,Johor,Kota Tinggi
158,2021-01-01,all,Johor,Kota Tinggi
158,2022-01-01,all,Johor,Kota Tinggi
158,2015-01-01,hospital_moh,Johor,Kota Tinggi
158,2016-01-01,hospital_moh,Johor,Kota Tinggi
158,2017-01-01,hospital_moh,Johor,Kota Tinggi
158,2018-01-01,hospital_moh,Johor,Kota Tinggi
158,2019-01-01,hospital_moh,Johor,Kota Tinggi
158,2020-01-01,hospital_moh,Johor,Kota Tinggi
158,2021-01-01,hospital_moh,Johor,Kota Tinggi
158,2022-01-01,hospital_moh,Johor,Kota Tinggi
0,2015-01-01,hospital_non_moh,Johor,Kota Tinggi
0,2016-01-01,hospital_non_moh,Johor,Kota Tinggi
0,2017-01-01,hospital_non_moh,Johor,Kota Tinggi
0,2018-01-01,hospital_non_moh,Johor,Kota Tinggi
0,2019-01-01,hospital_non_moh,Johor,Kota Tinggi
0,2020-01-01,hospital_non_moh,Johor,Kota Tinggi
0,2021-01-01,hospital_non_moh,Johor,Kota Tinggi
0,2022-01-01,hospital_non_moh,Johor,Kota Tinggi
0,2015-01-01,special_medical_institution,Johor,Kota Tinggi
0,2016-01-01,special_medical_institution,Johor,Kota Tinggi
0,2017-01-01,special_medical_institution,Johor,Kota Tinggi
0,2018-01-01,special_medical_institution,Johor,Kota Tinggi
0,2019-01-01,special_medical_institution,Johor,Kota Tinggi
0,2020-01-01,special_medical_institution,Johor,Kota Tinggi
0,2021-01-01,special_medical_institution,Johor,Kota Tinggi
0,2022-01-01,special_medical_institution,Johor,Kota Tinggi
93,2015-01-01,all,Johor,Kulaijaya
93,2016-01-01,all,Johor,Kulaijaya
93,2017-01-01,all,Johor,Kulaijaya
93,2018-01-01,all,Johor,Kulaijaya
93,2019-01-01,all,Johor,Kulaijaya
93,2020-01-01,all,Johor,Kulaijaya
93,2021-01-01,all,Johor,Kulaijaya
93,2022-01-01,all,Johor,Kulaijaya
93,2015-01-01,hospital_moh,Johor,Kulaijaya
93,2016-01-01,hospital_moh,Johor,Kulaijaya
93,2017-01-01,hospital_moh,Johor,Kulaijaya
93,2018-01-01,hospital_moh,Johor,Kulaijaya
93,2019-01-01,hospital_moh,Johor,Kulaijaya
93,2020-01-01,hospital_moh,Johor,Kulaijaya
93,2021-01-01,hospital_moh,Johor,Kulaijaya
93,2022-01-01,hospital_moh,Johor,Kulaijaya
0,2015-01-01,hospital_non_moh,Johor,Kulaijaya
0,2016-01-01,hospital_non_moh,Johor,Kulaijaya
0,2017-01-01,hospital_non_moh,Johor,Kulaijaya
0,2018-01-01,hospital_non_moh,Johor,Kulaijaya
0,2019-01-01,hospital_non_moh,Johor,Kulaijaya
0,2020-01-01,hospital_non_moh,Johor,Kulaijaya
0,2021-01-01,hospital_non_moh,Johor,Kulaijaya
0,2022-01-01,hospital_non_moh,Johor,Kulaijaya
0,2015-01-01,special_medical_institution,Johor,Kulaijaya
0,2016-01-01,special_medical_institution,Johor,Kulaijaya
0,2017-01-01,special_medical_institution,Johor,Kulaijaya
0,2018-01-01,special_medical_institution,Johor,Kulaijaya
0,2019-01-01,special_medical_institution,Johor,Kulaijaya
0,2020-01-01,special_medical_institution,Johor,Kulaijaya
0,2021-01-01,special_medical_institution,Johor,Kulaijaya
0,2022-01-01,special_medical_institution,Johor,Kulaijaya
69,2015-01-01,all,Johor,Ledang
69,2016-01-01,all,Johor,Ledang
69,2017-01-01,all,Johor,Ledang
69,2018-01-01,all,Johor,Ledang
69,2019-01-01,all,Johor,Ledang
69,2020-01-01,all,Johor,Ledang
69,2021-01-01,all,Johor,Ledang
69,2022-01-01,all,Johor,Ledang
69,2015-01-01,hospital_moh,Johor,Ledang
69,2016-01-01,hospital_moh,Johor,Ledang
69,2017-01-01,hospital_moh,Johor,Ledang
69,2018-01-01,hospital_moh,Johor,Ledang
69,2019-01-01,hospital_moh,Johor,Ledang
69,2020-01-01,hospital_moh,Johor,Ledang
69,2021-01-01,hospital_moh,Johor,Ledang
69,2022-01-01,hospital_moh,Johor,Ledang
0,2015-01-01,hospital_non_moh,Johor,Ledang
0,2016-01-01,hospital_non_moh,Johor,Ledang
0,2017-01-01,hospital_non_moh,Johor,Ledang
0,2018-01-01,hospital_non_moh,Johor,Ledang
0,2019-01-01,hospital_non_moh,Johor,Ledang
0,2020-01-01,hospital_non_moh,Johor,Ledang
0,2021-01-01,hospital_non_moh,Johor,Ledang
0,2022-01-01,hospital_non_moh,Johor,Ledang
0,2015-01-01,special_medical_institution,Johor,Ledang
0,2016-01-01,special_medical_institution,Johor,Ledang
0,2017-01-01,special_medical_institution,Johor,Ledang
0,2018-01-01,special_medical_institution,Johor,Ledang
0,2019-01-01,special_medical_institution,Johor,Ledang
0,2020-01-01,special_medical_institution,Johor,Ledang
0,2021-01-01,special_medical_institution,Johor,Ledang
0,2022-01-01,special_medical_institution,Johor,Ledang
55,2015-01-01,all,Johor,Mersing
55,2016-01-01,all,Johor,Mersing
55,2017-01-01,all,Johor,Mersing
70,2018-01-01,all,Johor,Mersing
70,2019-01-01,all,Johor,Mersing
70,2020-01-01,all,Johor,Mersing
70,2021-01-01,all,Johor,Mersing
70,2022-01-01,all,Johor,Mersing
55,2015-01-01,hospital_moh,Johor,Mersing
55,2016-01-01,hospital_moh,Johor,Mersing
55,2017-01-01,hospital_moh,Johor,Mersing
70,2018-01-01,hospital_moh,Johor,Mersing
70,2019-01-01,hospital_moh,Johor,Mersing
70,2020-01-01,hospital_moh,Johor,Mersing
70,2021-01-01,hospital_moh,Johor,Mersing
70,2022-01-01,hospital_moh,Johor,Mersing
0,2015-01-01,hospital_non_moh,Johor,Mersing
0,2016-01-01,hospital_non_moh,Johor,Mersing
0,2017-01-01,hospital_non_moh,Johor,Mersing
0,2018-01-01,hospital_non_moh,Johor,Mersing
0,2019-01-01,hospital_non_moh,Johor,Mersing
0,2020-01-01,hospital_non_moh,Johor,Mersing
0,2021-01-01,hospital_non_moh,Johor,Mersing
0,2022-01-01,hospital_non_moh,Johor,Mersing
0,2015-01-01,special_medical_institution,Johor,Mersing
0,2016-01-01,special_medical_institution,Johor,Mersing
0,2017-01-01,special_medical_institution,Johor,Mersing
0,2018-01-01,special_medical_institution,Johor,Mersing
0,2019-01-01,special_medical_institution,Johor,Mersing
0,2020-01-01,special_medical_institution,Johor,Mersing
0,2021-01-01,special_medical_institution,Johor,Mersing
0,2022-01-01,special_medical_institution,Johor,Mersing
550,2015-01-01,all,Johor,Muar
550,2016-01-01,all,Johor,Muar
550,2017-01-01,all,Johor,Muar
550,2018-01-01,all,Johor,Muar
550,2019-01-01,all,Johor,Muar
550,2020-01-01,all,Johor,Muar
550,2021-01-01,all,Johor,Muar
575,2022-01-01,all,Johor,Muar
550,2015-01-01,hospital_moh,Johor,Muar
550,2016-01-01,hospital_moh,Johor,Muar
550,2017-01-01,hospital_moh,Johor,Muar
550,2018-01-01,hospital_moh,Johor,Muar
550,2019-01-01,hospital_moh,Johor,Muar
550,2020-01-01,hospital_moh,Johor,Muar
550,2021-01-01,hospital_moh,Johor,Muar
575,2022-01-01,hospital_moh,Johor,Muar
0,2015-01-01,hospital_non_moh,Johor,Muar
0,2016-01-01,hospital_non_moh,Johor,Muar
0,2017-01-01,hospital_non_moh,Johor,Muar
0,2018-01-01,hospital_non_moh,Johor,Muar
0,2019-01-01,hospital_non_moh,Johor,Muar
0,2020-01-01,hospital_non_moh,Johor,Muar
0,2021-01-01,hospital_non_moh,Johor,Muar
0,2022-01-01,hospital_non_moh,Johor,Muar
0,2015-01-01,special_medical_institution,Johor,Muar
0,2016-01-01,special_medical_institution,Johor,Muar
0,2017-01-01,special_medical_institution,Johor,Muar
0,2018-01-01,special_medical_institution,Johor,Muar
0,2019-01-01,special_medical_institution,Johor,Muar
0,2020-01-01,special_medical_institution,Johor,Muar
0,2021-01-01,special_medical_institution,Johor,Muar
0,2022-01-01,special_medical_institution,Johor,Muar
120,2015-01-01,all,Johor,Pontian
120,2016-01-01,all,Johor,Pontian
120,2017-01-01,all,Johor,Pontian
120,2018-01-01,all,Johor,Pontian
120,2019-01-01,all,Johor,Pontian
120,2020-01-01,all,Johor,Pontian
120,2021-01-01,all,Johor,Pontian
120,2022-01-01,all,Johor,Pontian
120,2015-01-01,hospital_moh,Johor,Pontian
120,2016-01-01,hospital_moh,Johor,Pontian
120,2017-01-01,hospital_moh,Johor,Pontian
120,2018-01-01,hospital_moh,Johor,Pontian
120,2019-01-01,hospital_moh,Johor,Pontian
120,2020-01-01,hospital_moh,Johor,Pontian
120,2021-01-01,hospital_moh,Johor,Pontian
120,2022-01-01,hospital_moh,Johor,Pontian
0,2015-01-01,hospital_non_moh,Johor,Pontian
0,2016-01-01,hospital_non_moh,Johor,Pontian
0,2017-01-01,hospital_non_moh,Johor,Pontian
0,2018-01-01,hospital_non_moh,Johor,Pontian
0,2019-01-01,hospital_non_moh,Johor,Pontian
0,2020-01-01,hospital_non_moh,Johor,Pontian
0,2021-01-01,hospital_non_moh,Johor,Pontian
0,2022-01-01,hospital_non_moh,Johor,Pontian
0,2015-01-01,special_medical_institution,Johor,Pontian
0,2016-01-01,special_medical_institution,Johor,Pontian
0,2017-01-01,special_medical_institution,Johor,Pontian
0,2018-01-01,special_medical_institution,Johor,Pontian
0,2019-01-01,special_medical_institution,Johor,Pontian
0,2020-01-01,special_medical_institution,Johor,Pontian
0,2021-01-01,special_medical_institution,Johor,Pontian
0,2022-01-01,special_medical_institution,Johor,Pontian
314,2015-01-01,all,Johor,Segamat
314,2016-01-01,all,Johor,Segamat
314,2017-01-01,all,Johor,Segamat
314,2018-01-01,all,Johor,Segamat
314,2019-01-01,all,Johor,Segamat
314,2020-01-01,all,Johor,Segamat
314,2021-01-01,all,Johor,Segamat
314,2022-01-01,all,Johor,Segamat
314,2015-01-01,hospital_moh,Johor,Segamat
314,2016-01-01,hospital_moh,Johor,Segamat
314,2017-01-01,hospital_moh,Johor,Segamat
314,2018-01-01,hospital_moh,Johor,Segamat
314,2019-01-01,hospital_moh,Johor,Segamat
314,2020-01-01,hospital_moh,Johor,Segamat
314,2021-01-01,hospital_moh,Johor,Segamat
314,2022-01-01,hospital_moh,Johor,Segamat
0,2015-01-01,hospital_non_moh,Johor,Segamat
0,2016-01-01,hospital_non_moh,Johor,Segamat
0,2017-01-01,hospital_non_moh,Johor,Segamat
0,2018-01-01,hospital_non_moh,Johor,Segamat
0,2019-01-01,hospital_non_moh,Johor,Segamat
0,2020-01-01,hospital_non_moh,Johor,Segamat
0,2021-01-01,hospital_non_moh,Johor,Segamat
0,2022-01-01,hospital_non_moh,Johor,Segamat
0,2015-01-01,special_medical_institution,Johor,Segamat
0,2016-01-01,special_medical_institution,Johor,Segamat
0,2017-01-01,special_medical_institution,Johor,Segamat
0,2018-01-01,special_medical_institution,Johor,Segamat
0,2019-01-01,special_medical_institution,Johor,Segamat
0,2020-01-01,special_medical_institution,Johor,Segamat
0,2021-01-01,special_medical_institution,Johor,Segamat
0,2022-01-01,special_medical_institution,Johor,Segamat
2653,2015-01-01,all,Kedah,All Districts
2689,2016-01-01,all,Kedah,All Districts
2703,2017-01-01,all,Kedah,All Districts
2673,2018-01-01,all,Kedah,All Districts
2711,2019-01-01,all,Kedah,All Districts
2702,2020-01-01,all,Kedah,All Districts
2755,2021-01-01,all,Kedah,All Districts
2762,2022-01-01,all,Kedah,All Districts
2653,2015-01-01,hospital_moh,Kedah,All Districts
2689,2016-01-01,hospital_moh,Kedah,All Districts
2703,2017-01-01,hospital_moh,Kedah,All Districts
2673,2018-01-01,hospital_moh,Kedah,All Districts
2711,2019-01-01,hospital_moh,Kedah,All Districts
2702,2020-01-01,hospital_moh,Kedah,All Districts
2755,2021-01-01,hospital_moh,Kedah,All Districts
2762,2022-01-01,hospital_moh,Kedah,All Districts
0,2015-01-01,hospital_non_moh,Kedah,All Districts
0,2016-01-01,hospital_non_moh,Kedah,All Districts
0,2017-01-01,hospital_non_moh,Kedah,All Districts
0,2018-01-01,hospital_non_moh,Kedah,All Districts
0,2019-01-01,hospital_non_moh,Kedah,All Districts
0,2020-01-01,hospital_non_moh,Kedah,All Districts
0,2021-01-01,hospital_non_moh,Kedah,All Districts
0,2022-01-01,hospital_non_moh,Kedah,All Districts
0,2015-01-01,special_medical_institution,Kedah,All Districts
0,2016-01-01,special_medical_institution,Kedah,All Districts
0,2017-01-01,special_medical_institution,Kedah,All Districts
0,2018-01-01,special_medical_institution,Kedah,All Districts
0,2019-01-01,special_medical_institution,Kedah,All Districts
0,2020-01-01,special_medical_institution,Kedah,All Districts
0,2021-01-01,special_medical_institution,Kedah,All Districts
0,2022-01-01,special_medical_institution,Kedah,All Districts
160,2015-01-01,all,Kedah,Baling
160,2016-01-01,all,Kedah,Baling
160,2017-01-01,all,Kedah,Baling
115,2018-01-01,all,Kedah,Baling
115,2019-01-01,all,Kedah,Baling
115,2020-01-01,all,Kedah,Baling
115,2021-01-01,all,Kedah,Baling
115,2022-01-01,all,Kedah,Baling
160,2015-01-01,hospital_moh,Kedah,Baling
160,2016-01-01,hospital_moh,Kedah,Baling
160,2017-01-01,hospital_moh,Kedah,Baling
115,2018-01-01,hospital_moh,Kedah,Baling
115,2019-01-01,hospital_moh,Kedah,Baling
115,2020-01-01,hospital_moh,Kedah,Baling
115,2021-01-01,hospital_moh,Kedah,Baling
115,2022-01-01,hospital_moh,Kedah,Baling
0,2015-01-01,hospital_non_moh,Kedah,Baling
0,2016-01-01,hospital_non_moh,Kedah,Baling
0,2017-01-01,hospital_non_moh,Kedah,Baling
0,2018-01-01,hospital_non_moh,Kedah,Baling
0,2019-01-01,hospital_non_moh,Kedah,Baling
0,2020-01-01,hospital_non_moh,Kedah,Baling
0,2021-01-01,hospital_non_moh,Kedah,Baling
0,2022-01-01,hospital_non_moh,Kedah,Baling
0,2015-01-01,special_medical_institution,Kedah,Baling
0,2016-01-01,special_medical_institution,Kedah,Baling
0,2017-01-01,special_medical_institution,Kedah,Baling
0,2018-01-01,special_medical_institution,Kedah,Baling
0,2019-01-01,special_medical_institution,Kedah,Baling
0,2020-01-01,special_medical_institution,Kedah,Baling
0,2021-01-01,special_medical_institution,Kedah,Baling
0,2022-01-01,special_medical_institution,Kedah,Baling
0,2015-01-01,all,Kedah,Bandar Baharu
0,2016-01-01,all,Kedah,Bandar Baharu
0,2017-01-01,all,Kedah,Bandar Baharu
0,2018-01-01,all,Kedah,Bandar Baharu
0,2019-01-01,all,Kedah,Bandar Baharu
0,2020-01-01,all,Kedah,Bandar Baharu
0,2021-01-01,all,Kedah,Bandar Baharu
0,2022-01-01,all,Kedah,Bandar Baharu
0,2015-01-01,hospital_moh,Kedah,Bandar Baharu
0,2016-01-01,hospital_moh,Kedah,Bandar Baharu
0,2017-01-01,hospital_moh,Kedah,Bandar Baharu
0,2018-01-01,hospital_moh,Kedah,Bandar Baharu
0,2019-01-01,hospital_moh,Kedah,Bandar Baharu
0,2020-01-01,hospital_moh,Kedah,Bandar Baharu
0,2021-01-01,hospital_moh,Kedah,Bandar Baharu
0,2022-01-01,hospital_moh,Kedah,Bandar Baharu
0,2015-01-01,hospital_non_moh,Kedah,Bandar Baharu
0,2016-01-01,hospital_non_moh,Kedah,Bandar Baharu
0,2017-01-01,hospital_non_moh,Kedah,Bandar Baharu
0,2018-01-01,hospital_non_moh,Kedah,Bandar Baharu
0,2019-01-01,hospital_non_moh,Kedah,Bandar Baharu
0,2020-01-01,hospital_non_moh,Kedah,Bandar Baharu
0,2021-01-01,hospital_non_moh,Kedah,Bandar Baharu
0,2022-01-01,hospital_non_moh,Kedah,Bandar Baharu
0,2015-01-01,special_medical_institution,Kedah,Bandar Baharu
0,2016-01-01,special_medical_institution,Kedah,Bandar Baharu
0,2017-01-01,special_medical_institution,Kedah,Bandar Baharu
0,2018-01-01,special_medical_institution,Kedah,Bandar Baharu
0,2019-01-01,special_medical_institution,Kedah,Bandar Baharu
0,2020-01-01,special_medical_institution,Kedah,Bandar Baharu
0,2021-01-01,special_medical_institution,Kedah,Bandar Baharu
0,2022-01-01,special_medical_institution,Kedah,Bandar Baharu
1084,2015-01-01,all,Kedah,Kota Setar
1084,2016-01-01,all,Kedah,Kota Setar
1081,2017-01-01,all,Kedah,Kota Setar
1108,2018-01-01,all,Kedah,Kota Setar
1108,2019-01-01,all,Kedah,Kota Setar
1108,2020-01-01,all,Kedah,Kota Setar
1108,2021-01-01,all,Kedah,Kota Setar
1108,2022-01-01,all,Kedah,Kota Setar
1084,2015-01-01,hospital_moh,Kedah,Kota Setar
1084,2016-01-01,hospital_moh,Kedah,Kota Setar
1081,2017-01-01,hospital_moh,Kedah,Kota Setar
1108,2018-01-01,hospital_moh,Kedah,Kota Setar
1108,2019-01-01,hospital_moh,Kedah,Kota Setar
1108,2020-01-01,hospital_moh,Kedah,Kota Setar
1108,2021-01-01,hospital_moh,Kedah,Kota Setar
1108,2022-01-01,hospital_moh,Kedah,Kota Setar
0,2015-01-01,hospital_non_moh,Kedah,Kota Setar
0,2016-01-01,hospital_non_moh,Kedah,Kota Setar
0,2017-01-01,hospital_non_moh,Kedah,Kota Setar
0,2018-01-01,hospital_non_moh,Kedah,Kota Setar
0,2019-01-01,hospital_non_moh,Kedah,Kota Setar
0,2020-01-01,hospital_non_moh,Kedah,Kota Setar
0,2021-01-01,hospital_non_moh,Kedah,Kota Setar
0,2022-01-01,hospital_non_moh,Kedah,Kota Setar
0,2015-01-01,special_medical_institution,Kedah,Kota Setar
0,2016-01-01,special_medical_institution,Kedah,Kota Setar
0,2017-01-01,special_medical_institution,Kedah,Kota Setar
0,2018-01-01,special_medical_institution,Kedah,Kota Setar
0,2019-01-01,special_medical_institution,Kedah,Kota Setar
0,2020-01-01,special_medical_institution,Kedah,Kota Setar
0,2021-01-01,special_medical_institution,Kedah,Kota Setar
0,2022-01-01,special_medical_institution,Kedah,Kota Setar
628,2015-01-01,all,Kedah,Kuala Muda
628,2016-01-01,all,Kedah,Kuala Muda
628,2017-01-01,all,Kedah,Kuala Muda
628,2018-01-01,all,Kedah,Kuala Muda
696,2019-01-01,all,Kedah,Kuala Muda
696,2020-01-01,all,Kedah,Kuala Muda
696,2021-01-01,all,Kedah,Kuala Muda
703,2022-01-01,all,Kedah,Kuala Muda
628,2015-01-01,hospital_moh,Kedah,Kuala Muda
628,2016-01-01,hospital_moh,Kedah,Kuala Muda
628,2017-01-01,hospital_moh,Kedah,Kuala Muda
628,2018-01-01,hospital_moh,Kedah,Kuala Muda
696,2019-01-01,hospital_moh,Kedah,Kuala Muda
696,2020-01-01,hospital_moh,Kedah,Kuala Muda
696,2021-01-01,hospital_moh,Kedah,Kuala Muda
703,2022-01-01,hospital_moh,Kedah,Kuala Muda
0,2015-01-01,hospital_non_moh,Kedah,Kuala Muda
0,2016-01-01,hospital_non_moh,Kedah,Kuala Muda
0,2017-01-01,hospital_non_moh,Kedah,Kuala Muda
0,2018-01-01,hospital_non_moh,Kedah,Kuala Muda
0,2019-01-01,hospital_non_moh,Kedah,Kuala Muda
0,2020-01-01,hospital_non_moh,Kedah,Kuala Muda
0,2021-01-01,hospital_non_moh,Kedah,Kuala Muda
0,2022-01-01,hospital_non_moh,Kedah,Kuala Muda
0,2015-01-01,special_medical_institution,Kedah,Kuala Muda
0,2016-01-01,special_medical_institution,Kedah,Kuala Muda
0,2017-01-01,special_medical_institution,Kedah,Kuala Muda
0,2018-01-01,special_medical_institution,Kedah,Kuala Muda
0,2019-01-01,special_medical_institution,Kedah,Kuala Muda
0,2020-01-01,special_medical_institution,Kedah,Kuala Muda
0,2021-01-01,special_medical_institution,Kedah,Kuala Muda
0,2022-01-01,special_medical_institution,Kedah,Kuala Muda
103,2015-01-01,all,Kedah,Kubang Pasu
103,2016-01-01,all,Kedah,Kubang Pasu
103,2017-01-01,all,Kedah,Kubang Pasu
91,2018-01-01,all,Kedah,Kubang Pasu
91,2019-01-01,all,Kedah,Kubang Pasu
91,2020-01-01,all,Kedah,Kubang Pasu
91,2021-01-01,all,Kedah,Kubang Pasu
91,2022-01-01,all,Kedah,Kubang Pasu
103,2015-01-01,hospital_moh,Kedah,Kubang Pasu
103,2016-01-01,hospital_moh,Kedah,Kubang Pasu
103,2017-01-01,hospital_moh,Kedah,Kubang Pasu
91,2018-01-01,hospital_moh,Kedah,Kubang Pasu
91,2019-01-01,hospital_moh,Kedah,Kubang Pasu
91,2020-01-01,hospital_moh,Kedah,Kubang Pasu
91,2021-01-01,hospital_moh,Kedah,Kubang Pasu
91,2022-01-01,hospital_moh,Kedah,Kubang Pasu
0,2015-01-01,hospital_non_moh,Kedah,Kubang Pasu
0,2016-01-01,hospital_non_moh,Kedah,Kubang Pasu
0,2017-01-01,hospital_non_moh,Kedah,Kubang Pasu
0,2018-01-01,hospital_non_moh,Kedah,Kubang Pasu
0,2019-01-01,hospital_non_moh,Kedah,Kubang Pasu
0,2020-01-01,hospital_non_moh,Kedah,Kubang Pasu
0,2021-01-01,hospital_non_moh,Kedah,Kubang Pasu
0,2022-01-01,hospital_non_moh,Kedah,Kubang Pasu
0,2015-01-01,special_medical_institution,Kedah,Kubang Pasu
0,2016-01-01,special_medical_institution,Kedah,Kubang Pasu
0,2017-01-01,special_medical_institution,Kedah,Kubang Pasu
0,2018-01-01,special_medical_institution,Kedah,Kubang Pasu
0,2019-01-01,special_medical_institution,Kedah,Kubang Pasu
0,2020-01-01,special_medical_institution,Kedah,Kubang Pasu
0,2021-01-01,special_medical_institution,Kedah,Kubang Pasu
0,2022-01-01,special_medical_institution,Kedah,Kubang Pasu
314,2015-01-01,all,Kedah,Kulim
350,2016-01-01,all,Kedah,Kulim
350,2017-01-01,all,Kedah,Kulim
350,2018-01-01,all,Kedah,Kulim
320,2019-01-01,all,Kedah,Kulim
320,2020-01-01,all,Kedah,Kulim
320,2021-01-01,all,Kedah,Kulim
320,2022-01-01,all,Kedah,Kulim
314,2015-01-01,hospital_moh,Kedah,Kulim
350,2016-01-01,hospital_moh,Kedah,Kulim
350,2017-01-01,hospital_moh,Kedah,Kulim
350,2018-01-01,hospital_moh,Kedah,Kulim
320,2019-01-01,hospital_moh,Kedah,Kulim
320,2020-01-01,hospital_moh,Kedah,Kulim
320,2021-01-01,hospital_moh,Kedah,Kulim
320,2022-01-01,hospital_moh,Kedah,Kulim
0,2015-01-01,hospital_non_moh,Kedah,Kulim
0,2016-01-01,hospital_non_moh,Kedah,Kulim
0,2017-01-01,hospital_non_moh,Kedah,Kulim
0,2018-01-01,hospital_non_moh,Kedah,Kulim
0,2019-01-01,hospital_non_moh,Kedah,Kulim
0,2020-01-01,hospital_non_moh,Kedah,Kulim
0,2021-01-01,hospital_non_moh,Kedah,Kulim
0,2022-01-01,hospital_non_moh,Kedah,Kulim
0,2015-01-01,special_medical_institution,Kedah,Kulim
0,2016-01-01,special_medical_institution,Kedah,Kulim
0,2017-01-01,special_medical_institution,Kedah,Kulim
0,2018-01-01,special_medical_institution,Kedah,Kulim
0,2019-01-01,special_medical_institution,Kedah,Kulim
0,2020-01-01,special_medical_institution,Kedah,Kulim
0,2021-01-01,special_medical_institution,Kedah,Kulim
0,2022-01-01,special_medical_institution,Kedah,Kulim
110,2015-01-01,all,Kedah,Langkawi
110,2016-01-01,all,Kedah,Langkawi
110,2017-01-01,all,Kedah,Langkawi
110,2018-01-01,all,Kedah,Langkawi
110,2019-01-01,all,Kedah,Langkawi
110,2020-01-01,all,Kedah,Langkawi
163,2021-01-01,all,Kedah,Langkawi
163,2022-01-01,all,Kedah,Langkawi
110,2015-01-01,hospital_moh,Kedah,Langkawi
110,2016-01-01,hospital_moh,Kedah,Langkawi
110,2017-01-01,hospital_moh,Kedah,Langkawi
110,2018-01-01,hospital_moh,Kedah,Langkawi
110,2019-01-01,hospital_moh,Kedah,Langkawi
110,2020-01-01,hospital_moh,Kedah,Langkawi
163,2021-01-01,hospital_moh,Kedah,Langkawi
163,2022-01-01,hospital_moh,Kedah,Langkawi
0,2015-01-01,hospital_non_moh,Kedah,Langkawi
0,2016-01-01,hospital_non_moh,Kedah,Langkawi
0,2017-01-01,hospital_non_moh,Kedah,Langkawi
0,2018-01-01,hospital_non_moh,Kedah,Langkawi
0,2019-01-01,hospital_non_moh,Kedah,Langkawi
0,2020-01-01,hospital_non_moh,Kedah,Langkawi
0,2021-01-01,hospital_non_moh,Kedah,Langkawi
0,2022-01-01,hospital_non_moh,Kedah,Langkawi
0,2015-01-01,special_medical_institution,Kedah,Langkawi
0,2016-01-01,special_medical_institution,Kedah,Langkawi
0,2017-01-01,special_medical_institution,Kedah,Langkawi
0,2018-01-01,special_medical_institution,Kedah,Langkawi
0,2019-01-01,special_medical_institution,Kedah,Langkawi
0,2020-01-01,special_medical_institution,Kedah,Langkawi
0,2021-01-01,special_medical_institution,Kedah,Langkawi
0,2022-01-01,special_medical_institution,Kedah,Langkawi
72,2015-01-01,all,Kedah,Padang Terap
72,2016-01-01,all,Kedah,Padang Terap
89,2017-01-01,all,Kedah,Padang Terap
89,2018-01-01,all,Kedah,Padang Terap
89,2019-01-01,all,Kedah,Padang Terap
80,2020-01-01,all,Kedah,Padang Terap
80,2021-01-01,all,Kedah,Padang Terap
80,2022-01-01,all,Kedah,Padang Terap
72,2015-01-01,hospital_moh,Kedah,Padang Terap
72,2016-01-01,hospital_moh,Kedah,Padang Terap
89,2017-01-01,hospital_moh,Kedah,Padang Terap
89,2018-01-01,hospital_moh,Kedah,Padang Terap
89,2019-01-01,hospital_moh,Kedah,Padang Terap
80,2020-01-01,hospital_moh,Kedah,Padang Terap
80,2021-01-01,hospital_moh,Kedah,Padang Terap
80,2022-01-01,hospital_moh,Kedah,Padang Terap
0,2015-01-01,hospital_non_moh,Kedah,Padang Terap
0,2016-01-01,hospital_non_moh,Kedah,Padang Terap
0,2017-01-01,hospital_non_moh,Kedah,Padang Terap
0,2018-01-01,hospital_non_moh,Kedah,Padang Terap
0,2019-01-01,hospital_non_moh,Kedah,Padang Terap
0,2020-01-01,hospital_non_moh,Kedah,Padang Terap
0,2021-01-01,hospital_non_moh,Kedah,Padang Terap
0,2022-01-01,hospital_non_moh,Kedah,Padang Terap
0,2015-01-01,special_medical_institution,Kedah,Padang Terap
0,2016-01-01,special_medical_institution,Kedah,Padang Terap
0,2017-01-01,special_medical_institution,Kedah,Padang Terap
0,2018-01-01,special_medical_institution,Kedah,Padang Terap
0,2019-01-01,special_medical_institution,Kedah,Padang Terap
0,2020-01-01,special_medical_institution,Kedah,Padang Terap
0,2021-01-01,special_medical_institution,Kedah,Padang Terap
0,2022-01-01,special_medical_institution,Kedah,Padang Terap
0,2015-01-01,all,Kedah,Pendang
0,2016-01-01,all,Kedah,Pendang
0,2017-01-01,all,Kedah,Pendang
0,2018-01-01,all,Kedah,Pendang
0,2019-01-01,all,Kedah,Pendang
0,2020-01-01,all,Kedah,Pendang
0,2021-01-01,all,Kedah,Pendang
0,2022-01-01,all,Kedah,Pendang
0,2015-01-01,hospital_moh,Kedah,Pendang
0,2016-01-01,hospital_moh,Kedah,Pendang
0,2017-01-01,hospital_moh,Kedah,Pendang
0,2018-01-01,hospital_moh,Kedah,Pendang
0,2019-01-01,hospital_moh,Kedah,Pendang
0,2020-01-01,hospital_moh,Kedah,Pendang
0,2021-01-01,hospital_moh,Kedah,Pendang
0,2022-01-01,hospital_moh,Kedah,Pendang
0,2015-01-01,hospital_non_moh,Kedah,Pendang
0,2016-01-01,hospital_non_moh,Kedah,Pendang
0,2017-01-01,hospital_non_moh,Kedah,Pendang
0,2018-01-01,hospital_non_moh,Kedah,Pendang
0,2019-01-01,hospital_non_moh,Kedah,Pendang
0,2020-01-01,hospital_non_moh,Kedah,Pendang
0,2021-01-01,hospital_non_moh,Kedah,Pendang
0,2022-01-01,hospital_non_moh,Kedah,Pendang
0,2015-01-01,special_medical_institution,Kedah,Pendang
0,2016-01-01,special_medical_institution,Kedah,Pendang
0,2017-01-01,special_medical_institution,Kedah,Pendang
0,2018-01-01,special_medical_institution,Kedah,Pendang
0,2019-01-01,special_medical_institution,Kedah,Pendang
0,2020-01-01,special_medical_institution,Kedah,Pendang
0,2021-01-01,special_medical_institution,Kedah,Pendang
0,2022-01-01,special_medical_institution,Kedah,Pendang
0,2015-01-01,all,Kedah,Pokok Sena
0,2016-01-01,all,Kedah,Pokok Sena
0,2017-01-01,all,Kedah,Pokok Sena
0,2018-01-01,all,Kedah,Pokok Sena
0,2019-01-01,all,Kedah,Pokok Sena
0,2020-01-01,all,Kedah,Pokok Sena
0,2021-01-01,all,Kedah,Pokok Sena
0,2022-01-01,all,Kedah,Pokok Sena
0,2015-01-01,hospital_moh,Kedah,Pokok Sena
0,2016-01-01,hospital_moh,Kedah,Pokok Sena
0,2017-01-01,hospital_moh,Kedah,Pokok Sena
0,2018-01-01,hospital_moh,Kedah,Pokok Sena
0,2019-01-01,hospital_moh,Kedah,Pokok Sena
0,2020-01-01,hospital_moh,Kedah,Pokok Sena
0,2021-01-01,hospital_moh,Kedah,Pokok Sena
0,2022-01-01,hospital_moh,Kedah,Pokok Sena
0,2015-01-01,hospital_non_moh,Kedah,Pokok Sena
0,2016-01-01,hospital_non_moh,Kedah,Pokok Sena
0,2017-01-01,hospital_non_moh,Kedah,Pokok Sena
0,2018-01-01,hospital_non_moh,Kedah,Pokok Sena
0,2019-01-01,hospital_non_moh,Kedah,Pokok Sena
0,2020-01-01,hospital_non_moh,Kedah,Pokok Sena
0,2021-01-01,hospital_non_moh,Kedah,Pokok Sena
0,2022-01-01,hospital_non_moh,Kedah,Pokok Sena
0,2015-01-01,special_medical_institution,Kedah,Pokok Sena
0,2016-01-01,special_medical_institution,Kedah,Pokok Sena
0,2017-01-01,special_medical_institution,Kedah,Pokok Sena
0,2018-01-01,special_medical_institution,Kedah,Pokok Sena
0,2019-01-01,special_medical_institution,Kedah,Pokok Sena
0,2020-01-01,special_medical_institution,Kedah,Pokok Sena
0,2021-01-01,special_medical_institution,Kedah,Pokok Sena
0,2022-01-01,special_medical_institution,Kedah,Pokok Sena
93,2015-01-01,all,Kedah,Sik
93,2016-01-01,all,Kedah,Sik
93,2017-01-01,all,Kedah,Sik
93,2018-01-01,all,Kedah,Sik
93,2019-01-01,all,Kedah,Sik
93,2020-01-01,all,Kedah,Sik
93,2021-01-01,all,Kedah,Sik
93,2022-01-01,all,Kedah,Sik
93,2015-01-01,hospital_moh,Kedah,Sik
93,2016-01-01,hospital_moh,Kedah,Sik
93,2017-01-01,hospital_moh,Kedah,Sik
93,2018-01-01,hospital_moh,Kedah,Sik
93,2019-01-01,hospital_moh,Kedah,Sik
93,2020-01-01,hospital_moh,Kedah,Sik
93,2021-01-01,hospital_moh,Kedah,Sik
93,2022-01-01,hospital_moh,Kedah,Sik
0,2015-01-01,hospital_non_moh,Kedah,Sik
0,2016-01-01,hospital_non_moh,Kedah,Sik
0,2017-01-01,hospital_non_moh,Kedah,Sik
0,2018-01-01,hospital_non_moh,Kedah,Sik
0,2019-01-01,hospital_non_moh,Kedah,Sik
0,2020-01-01,hospital_non_moh,Kedah,Sik
0,2021-01-01,hospital_non_moh,Kedah,Sik
0,2022-01-01,hospital_non_moh,Kedah,Sik
0,2015-01-01,special_medical_institution,Kedah,Sik
0,2016-01-01,special_medical_institution,Kedah,Sik
0,2017-01-01,special_medical_institution,Kedah,Sik
0,2018-01-01,special_medical_institution,Kedah,Sik
0,2019-01-01,special_medical_institution,Kedah,Sik
0,2020-01-01,special_medical_institution,Kedah,Sik
0,2021-01-01,special_medical_institution,Kedah,Sik
0,2022-01-01,special_medical_institution,Kedah,Sik
89,2015-01-01,all,Kedah,Yan
89,2016-01-01,all,Kedah,Yan
89,2017-01-01,all,Kedah,Yan
89,2018-01-01,all,Kedah,Yan
89,2019-01-01,all,Kedah,Yan
89,2020-01-01,all,Kedah,Yan
89,2021-01-01,all,Kedah,Yan
89,2022-01-01,all,Kedah,Yan
89,2015-01-01,hospital_moh,Kedah,Yan
89,2016-01-01,hospital_moh,Kedah,Yan
89,2017-01-01,hospital_moh,Kedah,Yan
89,2018-01-01,hospital_moh,Kedah,Yan
89,2019-01-01,hospital_moh,Kedah,Yan
89,2020-01-01,hospital_moh,Kedah,Yan
89,2021-01-01,hospital_moh,Kedah,Yan
89,2022-01-01,hospital_moh,Kedah,Yan
0,2015-01-01,hospital_non_moh,Kedah,Yan
0,2016-01-01,hospital_non_moh,Kedah,Yan
0,2017-01-01,hospital_non_moh,Kedah,Yan
0,2018-01-01,hospital_non_moh,Kedah,Yan
0,2019-01-01,hospital_non_moh,Kedah,Yan
0,2020-01-01,hospital_non_moh,Kedah,Yan
0,2021-01-01,hospital_non_moh,Kedah,Yan
0,2022-01-01,hospital_non_moh,Kedah,Yan
0,2015-01-01,special_medical_institution,Kedah,Yan
0,2016-01-01,special_medical_institution,Kedah,Yan
0,2017-01-01,special_medical_institution,Kedah,Yan
0,2018-01-01,special_medical_institution,Kedah,Yan
0,2019-01-01,special_medical_institution,Kedah,Yan
0,2020-01-01,special_medical_institution,Kedah,Yan
0,2021-01-01,special_medical_institution,Kedah,Yan
0,2022-01-01,special_medical_institution,Kedah,Yan
2509,2015-01-01,all,Kelantan,All Districts
2589,2016-01-01,all,Kelantan,All Districts
2590,2017-01-01,all,Kelantan,All Districts
2659,2018-01-01,all,Kelantan,All Districts
2787,2019-01-01,all,Kelantan,All Districts
2786,2020-01-01,all,Kelantan,All Districts
2812,2021-01-01,all,Kelantan,All Districts
2970,2022-01-01,all,Kelantan,All Districts
1740,2015-01-01,hospital_moh,Kelantan,All Districts
1816,2016-01-01,hospital_moh,Kelantan,All Districts
1816,2017-01-01,hospital_moh,Kelantan,All Districts
1843,2018-01-01,hospital_moh,Kelantan,All Districts
1958,2019-01-01,hospital_moh,Kelantan,All Districts
1957,2020-01-01,hospital_moh,Kelantan,All Districts
1983,2021-01-01,hospital_moh,Kelantan,All Districts
2141,2022-01-01,hospital_moh,Kelantan,All Districts
769,2015-01-01,hospital_non_moh,Kelantan,All Districts
773,2016-01-01,hospital_non_moh,Kelantan,All Districts
774,2017-01-01,hospital_non_moh,Kelantan,All Districts
816,2018-01-01,hospital_non_moh,Kelantan,All Districts
829,2019-01-01,hospital_non_moh,Kelantan,All Districts
829,2020-01-01,hospital_non_moh,Kelantan,All Districts
829,2021-01-01,hospital_non_moh,Kelantan,All Districts
829,2022-01-01,hospital_non_moh,Kelantan,All Districts
0,2015-01-01,special_medical_institution,Kelantan,All Districts
0,2016-01-01,special_medical_institution,Kelantan,All Districts
0,2017-01-01,special_medical_institution,Kelantan,All Districts
0,2018-01-01,special_medical_institution,Kelantan,All Districts
0,2019-01-01,special_medical_institution,Kelantan,All Districts
0,2020-01-01,special_medical_institution,Kelantan,All Districts
0,2021-01-01,special_medical_institution,Kelantan,All Districts
0,2022-01-01,special_medical_institution,Kelantan,All Districts
0,2015-01-01,all,Kelantan,Bachok
0,2016-01-01,all,Kelantan,Bachok
0,2017-01-01,all,Kelantan,Bachok
0,2018-01-01,all,Kelantan,Bachok
0,2019-01-01,all,Kelantan,Bachok
0,2020-01-01,all,Kelantan,Bachok
0,2021-01-01,all,Kelantan,Bachok
0,2022-01-01,all,Kelantan,Bachok
0,2015-01-01,hospital_moh,Kelantan,Bachok
0,2016-01-01,hospital_moh,Kelantan,Bachok
0,2017-01-01,hospital_moh,Kelantan,Bachok
0,2018-01-01,hospital_moh,Kelantan,Bachok
0,2019-01-01,hospital_moh,Kelantan,Bachok
0,2020-01-01,hospital_moh,Kelantan,Bachok
0,2021-01-01,hospital_moh,Kelantan,Bachok
0,2022-01-01,hospital_moh,Kelantan,Bachok
0,2015-01-01,hospital_non_moh,Kelantan,Bachok
0,2016-01-01,hospital_non_moh,Kelantan,Bachok
0,2017-01-01,hospital_non_moh,Kelantan,Bachok
0,2018-01-01,hospital_non_moh,Kelantan,Bachok
0,2019-01-01,hospital_non_moh,Kelantan,Bachok
0,2020-01-01,hospital_non_moh,Kelantan,Bachok
0,2021-01-01,hospital_non_moh,Kelantan,Bachok
0,2022-01-01,hospital_non_moh,Kelantan,Bachok
0,2015-01-01,special_medical_institution,Kelantan,Bachok
0,2016-01-01,special_medical_institution,Kelantan,Bachok
0,2017-01-01,special_medical_institution,Kelantan,Bachok
0,2018-01-01,special_medical_institution,Kelantan,Bachok
0,2019-01-01,special_medical_institution,Kelantan,Bachok
0,2020-01-01,special_medical_institution,Kelantan,Bachok
0,2021-01-01,special_medical_institution,Kelantan,Bachok
0,2022-01-01,special_medical_institution,Kelantan,Bachok
90,2015-01-01,all,Kelantan,Gua Musang
90,2016-01-01,all,Kelantan,Gua Musang
90,2017-01-01,all,Kelantan,Gua Musang
90,2018-01-01,all,Kelantan,Gua Musang
90,2019-01-01,all,Kelantan,Gua Musang
90,2020-01-01,all,Kelantan,Gua Musang
90,2021-01-01,all,Kelantan,Gua Musang
90,2022-01-01,all,Kelantan,Gua Musang
90,2015-01-01,hospital_moh,Kelantan,Gua Musang
90,2016-01-01,hospital_moh,Kelantan,Gua Musang
90,2017-01-01,hospital_moh,Kelantan,Gua Musang
90,2018-01-01,hospital_moh,Kelantan,Gua Musang
90,2019-01-01,hospital_moh,Kelantan,Gua Musang
90,2020-01-01,hospital_moh,Kelantan,Gua Musang
90,2021-01-01,hospital_moh,Kelantan,Gua Musang
90,2022-01-01,hospital_moh,Kelantan,Gua Musang
0,2015-01-01,hospital_non_moh,Kelantan,Gua Musang
0,2016-01-01,hospital_non_moh,Kelantan,Gua Musang
0,2017-01-01,hospital_non_moh,Kelantan,Gua Musang
0,2018-01-01,hospital_non_moh,Kelantan,Gua Musang
0,2019-01-01,hospital_non_moh,Kelantan,Gua Musang
0,2020-01-01,hospital_non_moh,Kelantan,Gua Musang
0,2021-01-01,hospital_non_moh,Kelantan,Gua Musang
0,2022-01-01,hospital_non_moh,Kelantan,Gua Musang
0,2015-01-01,special_medical_institution,Kelantan,Gua Musang
0,2016-01-01,special_medical_institution,Kelantan,Gua Musang
0,2017-01-01,special_medical_institution,Kelantan,Gua Musang
0,2018-01-01,special_medical_institution,Kelantan,Gua Musang
0,2019-01-01,special_medical_institution,Kelantan,Gua Musang
0,2020-01-01,special_medical_institution,Kelantan,Gua Musang
0,2021-01-01,special_medical_institution,Kelantan,Gua Musang
0,2022-01-01,special_medical_institution,Kelantan,Gua Musang
24,2015-01-01,all,Kelantan,Jeli
80,2016-01-01,all,Kelantan,Jeli
80,2017-01-01,all,Kelantan,Jeli
80,2018-01-01,all,Kelantan,Jeli
80,2019-01-01,all,Kelantan,Jeli
80,2020-01-01,all,Kelantan,Jeli
80,2021-01-01,all,Kelantan,Jeli
80,2022-01-01,all,Kelantan,Jeli
24,2015-01-01,hospital_moh,Kelantan,Jeli
80,2016-01-01,hospital_moh,Kelantan,Jeli
80,2017-01-01,hospital_moh,Kelantan,Jeli
80,2018-01-01,hospital_moh,Kelantan,Jeli
80,2019-01-01,hospital_moh,Kelantan,Jeli
80,2020-01-01,hospital_moh,Kelantan,Jeli
80,2021-01-01,hospital_moh,Kelantan,Jeli
80,2022-01-01,hospital_moh,Kelantan,Jeli
0,2015-01-01,hospital_non_moh,Kelantan,Jeli
0,2016-01-01,hospital_non_moh,Kelantan,Jeli
0,2017-01-01,hospital_non_moh,Kelantan,Jeli
0,2018-01-01,hospital_non_moh,Kelantan,Jeli
0,2019-01-01,hospital_non_moh,Kelantan,Jeli
0,2020-01-01,hospital_non_moh,Kelantan,Jeli
0,2021-01-01,hospital_non_moh,Kelantan,Jeli
0,2022-01-01,hospital_non_moh,Kelantan,Jeli
0,2015-01-01,special_medical_institution,Kelantan,Jeli
0,2016-01-01,special_medical_institution,Kelantan,Jeli
0,2017-01-01,special_medical_institution,Kelantan,Jeli
0,2018-01-01,special_medical_institution,Kelantan,Jeli
0,2019-01-01,special_medical_institution,Kelantan,Jeli
0,2020-01-01,special_medical_institution,Kelantan,Jeli
0,2021-01-01,special_medical_institution,Kelantan,Jeli
0,2022-01-01,special_medical_institution,Kelantan,Jeli
1689,2015-01-01,all,Kelantan,Kota Bharu
1710,2016-01-01,all,Kelantan,Kota Bharu
1711,2017-01-01,all,Kelantan,Kota Bharu
1780,2018-01-01,all,Kelantan,Kota Bharu
1811,2019-01-01,all,Kelantan,Kota Bharu
1811,2020-01-01,all,Kelantan,Kota Bharu
1811,2021-01-01,all,Kelantan,Kota Bharu
1811,2022-01-01,all,Kelantan,Kota Bharu
920,2015-01-01,hospital_moh,Kelantan,Kota Bharu
937,2016-01-01,hospital_moh,Kelantan,Kota Bharu
937,2017-01-01,hospital_moh,Kelantan,Kota Bharu
964,2018-01-01,hospital_moh,Kelantan,Kota Bharu
982,2019-01-01,hospital_moh,Kelantan,Kota Bharu
982,2020-01-01,hospital_moh,Kelantan,Kota Bharu
982,2021-01-01,hospital_moh,Kelantan,Kota Bharu
982,2022-01-01,hospital_moh,Kelantan,Kota Bharu
769,2015-01-01,hospital_non_moh,Kelantan,Kota Bharu
773,2016-01-01,hospital_non_moh,Kelantan,Kota Bharu
774,2017-01-01,hospital_non_moh,Kelantan,Kota Bharu
816,2018-01-01,hospital_non_moh,Kelantan,Kota Bharu
829,2019-01-01,hospital_non_moh,Kelantan,Kota Bharu
829,2020-01-01,hospital_non_moh,Kelantan,Kota Bharu
829,2021-01-01,hospital_non_moh,Kelantan,Kota Bharu
829,2022-01-01,hospital_non_moh,Kelantan,Kota Bharu
0,2015-01-01,special_medical_institution,Kelantan,Kota Bharu
0,2016-01-01,special_medical_institution,Kelantan,Kota Bharu
0,2017-01-01,special_medical_institution,Kelantan,Kota Bharu
0,2018-01-01,special_medical_institution,Kelantan,Kota Bharu
0,2019-01-01,special_medical_institution,Kelantan,Kota Bharu
0,2020-01-01,special_medical_institution,Kelantan,Kota Bharu
0,2021-01-01,special_medical_institution,Kelantan,Kota Bharu
0,2022-01-01,special_medical_institution,Kelantan,Kota Bharu
172,2015-01-01,all,Kelantan,Kuala Krai
172,2016-01-01,all,Kelantan,Kuala Krai
172,2017-01-01,all,Kelantan,Kuala Krai
172,2018-01-01,all,Kelantan,Kuala Krai
268,2019-01-01,all,Kelantan,Kuala Krai
268,2020-01-01,all,Kelantan,Kuala Krai
268,2021-01-01,all,Kelantan,Kuala Krai
424,2022-01-01,all,Kelantan,Kuala Krai
172,2015-01-01,hospital_moh,Kelantan,Kuala Krai
172,2016-01-01,hospital_moh,Kelantan,Kuala Krai
172,2017-01-01,hospital_moh,Kelantan,Kuala Krai
172,2018-01-01,hospital_moh,Kelantan,Kuala Krai
268,2019-01-01,hospital_moh,Kelantan,Kuala Krai
268,2020-01-01,hospital_moh,Kelantan,Kuala Krai
268,2021-01-01,hospital_moh,Kelantan,Kuala Krai
424,2022-01-01,hospital_moh,Kelantan,Kuala Krai
0,2015-01-01,hospital_non_moh,Kelantan,Kuala Krai
0,2016-01-01,hospital_non_moh,Kelantan,Kuala Krai
0,2017-01-01,hospital_non_moh,Kelantan,Kuala Krai
0,2018-01-01,hospital_non_moh,Kelantan,Kuala Krai
0,2019-01-01,hospital_non_moh,Kelantan,Kuala Krai
0,2020-01-01,hospital_non_moh,Kelantan,Kuala Krai
0,2021-01-01,hospital_non_moh,Kelantan,Kuala Krai
0,2022-01-01,hospital_non_moh,Kelantan,Kuala Krai
0,2015-01-01,special_medical_institution,Kelantan,Kuala Krai
0,2016-01-01,special_medical_institution,Kelantan,Kuala Krai
0,2017-01-01,special_medical_institution,Kelantan,Kuala Krai
0,2018-01-01,special_medical_institution,Kelantan,Kuala Krai
0,2019-01-01,special_medical_institution,Kelantan,Kuala Krai
0,2020-01-01,special_medical_institution,Kelantan,Kuala Krai
0,2021-01-01,special_medical_institution,Kelantan,Kuala Krai
0,2022-01-01,special_medical_institution,Kelantan,Kuala Krai
90,2015-01-01,all,Kelantan,Machang
90,2016-01-01,all,Kelantan,Machang
90,2017-01-01,all,Kelantan,Machang
90,2018-01-01,all,Kelantan,Machang
90,2019-01-01,all,Kelantan,Machang
90,2020-01-01,all,Kelantan,Machang
90,2021-01-01,all,Kelantan,Machang
90,2022-01-01,all,Kelantan,Machang
90,2015-01-01,hospital_moh,Kelantan,Machang
90,2016-01-01,hospital_moh,Kelantan,Machang
90,2017-01-01,hospital_moh,Kelantan,Machang
90,2018-01-01,hospital_moh,Kelantan,Machang
90,2019-01-01,hospital_moh,Kelantan,Machang
90,2020-01-01,hospital_moh,Kelantan,Machang
90,2021-01-01,hospital_moh,Kelantan,Machang
90,2022-01-01,hospital_moh,Kelantan,Machang
0,2015-01-01,hospital_non_moh,Kelantan,Machang
0,2016-01-01,hospital_non_moh,Kelantan,Machang
0,2017-01-01,hospital_non_moh,Kelantan,Machang
0,2018-01-01,hospital_non_moh,Kelantan,Machang
0,2019-01-01,hospital_non_moh,Kelantan,Machang
0,2020-01-01,hospital_non_moh,Kelantan,Machang
0,2021-01-01,hospital_non_moh,Kelantan,Machang
0,2022-01-01,hospital_non_moh,Kelantan,Machang
0,2015-01-01,special_medical_institution,Kelantan,Machang
0,2016-01-01,special_medical_institution,Kelantan,Machang
0,2017-01-01,special_medical_institution,Kelantan,Machang
0,2018-01-01,special_medical_institution,Kelantan,Machang
0,2019-01-01,special_medical_institution,Kelantan,Machang
0,2020-01-01,special_medical_institution,Kelantan,Machang
0,2021-01-01,special_medical_institution,Kelantan,Machang
0,2022-01-01,special_medical_institution,Kelantan,Machang
120,2015-01-01,all,Kelantan,Pasir Mas
120,2016-01-01,all,Kelantan,Pasir Mas
120,2017-01-01,all,Kelantan,Pasir Mas
120,2018-01-01,all,Kelantan,Pasir Mas
120,2019-01-01,all,Kelantan,Pasir Mas
120,2020-01-01,all,Kelantan,Pasir Mas
120,2021-01-01,all,Kelantan,Pasir Mas
120,2022-01-01,all,Kelantan,Pasir Mas
120,2015-01-01,hospital_moh,Kelantan,Pasir Mas
120,2016-01-01,hospital_moh,Kelantan,Pasir Mas
120,2017-01-01,hospital_moh,Kelantan,Pasir Mas
120,2018-01-01,hospital_moh,Kelantan,Pasir Mas
120,2019-01-01,hospital_moh,Kelantan,Pasir Mas
120,2020-01-01,hospital_moh,Kelantan,Pasir Mas
120,2021-01-01,hospital_moh,Kelantan,Pasir Mas
120,2022-01-01,hospital_moh,Kelantan,Pasir Mas
0,2015-01-01,hospital_non_moh,Kelantan,Pasir Mas
0,2016-01-01,hospital_non_moh,Kelantan,Pasir Mas
0,2017-01-01,hospital_non_moh,Kelantan,Pasir Mas
0,2018-01-01,hospital_non_moh,Kelantan,Pasir Mas
0,2019-01-01,hospital_non_moh,Kelantan,Pasir Mas
0,2020-01-01,hospital_non_moh,Kelantan,Pasir Mas
0,2021-01-01,hospital_non_moh,Kelantan,Pasir Mas
0,2022-01-01,hospital_non_moh,Kelantan,Pasir Mas
0,2015-01-01,special_medical_institution,Kelantan,Pasir Mas
0,2016-01-01,special_medical_institution,Kelantan,Pasir Mas
0,2017-01-01,special_medical_institution,Kelantan,Pasir Mas
0,2018-01-01,special_medical_institution,Kelantan,Pasir Mas
0,2019-01-01,special_medical_institution,Kelantan,Pasir Mas
0,2020-01-01,special_medical_institution,Kelantan,Pasir Mas
0,2021-01-01,special_medical_institution,Kelantan,Pasir Mas
0,2022-01-01,special_medical_institution,Kelantan,Pasir Mas
75,2015-01-01,all,Kelantan,Pasir Puteh
75,2016-01-01,all,Kelantan,Pasir Puteh
75,2017-01-01,all,Kelantan,Pasir Puteh
75,2018-01-01,all,Kelantan,Pasir Puteh
75,2019-01-01,all,Kelantan,Pasir Puteh
75,2020-01-01,all,Kelantan,Pasir Puteh
90,2021-01-01,all,Kelantan,Pasir Puteh
90,2022-01-01,all,Kelantan,Pasir Puteh
75,2015-01-01,hospital_moh,Kelantan,Pasir Puteh
75,2016-01-01,hospital_moh,Kelantan,Pasir Puteh
75,2017-01-01,hospital_moh,Kelantan,Pasir Puteh
75,2018-01-01,hospital_moh,Kelantan,Pasir Puteh
75,2019-01-01,hospital_moh,Kelantan,Pasir Puteh
75,2020-01-01,hospital_moh,Kelantan,Pasir Puteh
90,2021-01-01,hospital_moh,Kelantan,Pasir Puteh
90,2022-01-01,hospital_moh,Kelantan,Pasir Puteh
0,2015-01-01,hospital_non_moh,Kelantan,Pasir Puteh
0,2016-01-01,hospital_non_moh,Kelantan,Pasir Puteh
0,2017-01-01,hospital_non_moh,Kelantan,Pasir Puteh
0,2018-01-01,hospital_non_moh,Kelantan,Pasir Puteh
0,2019-01-01,hospital_non_moh,Kelantan,Pasir Puteh
0,2020-01-01,hospital_non_moh,Kelantan,Pasir Puteh
0,2021-01-01,hospital_non_moh,Kelantan,Pasir Puteh
0,2022-01-01,hospital_non_moh,Kelantan,Pasir Puteh
0,2015-01-01,special_medical_institution,Kelantan,Pasir Puteh
0,2016-01-01,special_medical_institution,Kelantan,Pasir Puteh
0,2017-01-01,special_medical_institution,Kelantan,Pasir Puteh
0,2018-01-01,special_medical_institution,Kelantan,Pasir Puteh
0,2019-01-01,special_medical_institution,Kelantan,Pasir Puteh
0,2020-01-01,special_medical_institution,Kelantan,Pasir Puteh
0,2021-01-01,special_medical_institution,Kelantan,Pasir Puteh
0,2022-01-01,special_medical_institution,Kelantan,Pasir Puteh
130,2015-01-01,all,Kelantan,Tanah Merah
133,2016-01-01,all,Kelantan,Tanah Merah
133,2017-01-01,all,Kelantan,Tanah Merah
133,2018-01-01,all,Kelantan,Tanah Merah
133,2019-01-01,all,Kelantan,Tanah Merah
133,2020-01-01,all,Kelantan,Tanah Merah
144,2021-01-01,all,Kelantan,Tanah Merah
146,2022-01-01,all,Kelantan,Tanah Merah
130,2015-01-01,hospital_moh,Kelantan,Tanah Merah
133,2016-01-01,hospital_moh,Kelantan,Tanah Merah
133,2017-01-01,hospital_moh,Kelantan,Tanah Merah
133,2018-01-01,hospital_moh,Kelantan,Tanah Merah
133,2019-01-01,hospital_moh,Kelantan,Tanah Merah
133,2020-01-01,hospital_moh,Kelantan,Tanah Merah
144,2021-01-01,hospital_moh,Kelantan,Tanah Merah
146,2022-01-01,hospital_moh,Kelantan,Tanah Merah
0,2015-01-01,hospital_non_moh,Kelantan,Tanah Merah
0,2016-01-01,hospital_non_moh,Kelantan,Tanah Merah
0,2017-01-01,hospital_non_moh,Kelantan,Tanah Merah
0,2018-01-01,hospital_non_moh,Kelantan,Tanah Merah
0,2019-01-01,hospital_non_moh,Kelantan,Tanah Merah
0,2020-01-01,hospital_non_moh,Kelantan,Tanah Merah
0,2021-01-01,hospital_non_moh,Kelantan,Tanah Merah
0,2022-01-01,hospital_non_moh,Kelantan,Tanah Merah
0,2015-01-01,special_medical_institution,Kelantan,Tanah Merah
0,2016-01-01,special_medical_institution,Kelantan,Tanah Merah
0,2017-01-01,special_medical_institution,Kelantan,Tanah Merah
0,2018-01-01,special_medical_institution,Kelantan,Tanah Merah
0,2019-01-01,special_medical_institution,Kelantan,Tanah Merah
0,2020-01-01,special_medical_institution,Kelantan,Tanah Merah
0,2021-01-01,special_medical_institution,Kelantan,Tanah Merah
0,2022-01-01,special_medical_institution,Kelantan,Tanah Merah
119,2015-01-01,all,Kelantan,Tumpat
119,2016-01-01,all,Kelantan,Tumpat
119,2017-01-01,all,Kelantan,Tumpat
119,2018-01-01,all,Kelantan,Tumpat
120,2019-01-01,all,Kelantan,Tumpat
119,2020-01-01,all,Kelantan,Tumpat
119,2021-01-01,all,Kelantan,Tumpat
119,2022-01-01,all,Kelantan,Tumpat
119,2015-01-01,hospital_moh,Kelantan,Tumpat
119,2016-01-01,hospital_moh,Kelantan,Tumpat
119,2017-01-01,hospital_moh,Kelantan,Tumpat
119,2018-01-01,hospital_moh,Kelantan,Tumpat
120,2019-01-01,hospital_moh,Kelantan,Tumpat
119,2020-01-01,hospital_moh,Kelantan,Tumpat
119,2021-01-01,hospital_moh,Kelantan,Tumpat
119,2022-01-01,hospital_moh,Kelantan,Tumpat
0,2015-01-01,hospital_non_moh,Kelantan,Tumpat
0,2016-01-01,hospital_non_moh,Kelantan,Tumpat
0,2017-01-01,hospital_non_moh,Kelantan,Tumpat
0,2018-01-01,hospital_non_moh,Kelantan,Tumpat
0,2019-01-01,hospital_non_moh,Kelantan,Tumpat
0,2020-01-01,hospital_non_moh,Kelantan,Tumpat
0,2021-01-01,hospital_non_moh,Kelantan,Tumpat
0,2022-01-01,hospital_non_moh,Kelantan,Tumpat
0,2015-01-01,special_medical_institution,Kelantan,Tumpat
0,2016-01-01,special_medical_institution,Kelantan,Tumpat
0,2017-01-01,special_medical_institution,Kelantan,Tumpat
0,2018-01-01,special_medical_institution,Kelantan,Tumpat
0,2019-01-01,special_medical_institution,Kelantan,Tumpat
0,2020-01-01,special_medical_institution,Kelantan,Tumpat
0,2021-01-01,special_medical_institution,Kelantan,Tumpat
0,2022-01-01,special_medical_institution,Kelantan,Tumpat
1389,2015-01-01,all,Melaka,All Districts
1420,2016-01-01,all,Melaka,All Districts
1420,2017-01-01,all,Melaka,All Districts
1420,2018-01-01,all,Melaka,All Districts
1429,2019-01-01,all,Melaka,All Districts
1429,2020-01-01,all,Melaka,All Districts
1439,2021-01-01,all,Melaka,All Districts
1454,2022-01-01,all,Melaka,All Districts
1245,2015-01-01,hospital_moh,Melaka,All Districts
1276,2016-01-01,hospital_moh,Melaka,All Districts
1276,2017-01-01,hospital_moh,Melaka,All Districts
1276,2018-01-01,hospital_moh,Melaka,All Districts
1285,2019-01-01,hospital_moh,Melaka,All Districts
1285,2020-01-01,hospital_moh,Melaka,All Districts
1295,2021-01-01,hospital_moh,Melaka,All Districts
1310,2022-01-01,hospital_moh,Melaka,All Districts
144,2015-01-01,hospital_non_moh,Melaka,All Districts
144,2016-01-01,hospital_non_moh,Melaka,All Districts
144,2017-01-01,hospital_non_moh,Melaka,All Districts
144,2018-01-01,hospital_non_moh,Melaka,All Districts
144,2019-01-01,hospital_non_moh,Melaka,All Districts
144,2020-01-01,hospital_non_moh,Melaka,All Districts
144,2021-01-01,hospital_non_moh,Melaka,All Districts
144,2022-01-01,hospital_non_moh,Melaka,All Districts
0,2015-01-01,special_medical_institution,Melaka,All Districts
0,2016-01-01,special_medical_institution,Melaka,All Districts
0,2017-01-01,special_medical_institution,Melaka,All Districts
0,2018-01-01,special_medical_institution,Melaka,All Districts
0,2019-01-01,special_medical_institution,Melaka,All Districts
0,2020-01-01,special_medical_institution,Melaka,All Districts
0,2021-01-01,special_medical_institution,Melaka,All Districts
0,2022-01-01,special_medical_institution,Melaka,All Districts
78,2015-01-01,all,Melaka,Alor Gajah
95,2016-01-01,all,Melaka,Alor Gajah
95,2017-01-01,all,Melaka,Alor Gajah
95,2018-01-01,all,Melaka,Alor Gajah
104,2019-01-01,all,Melaka,Alor Gajah
104,2020-01-01,all,Melaka,Alor Gajah
104,2021-01-01,all,Melaka,Alor Gajah
106,2022-01-01,all,Melaka,Alor Gajah
78,2015-01-01,hospital_moh,Melaka,Alor Gajah
95,2016-01-01,hospital_moh,Melaka,Alor Gajah
95,2017-01-01,hospital_moh,Melaka,Alor Gajah
95,2018-01-01,hospital_moh,Melaka,Alor Gajah
104,2019-01-01,hospital_moh,Melaka,Alor Gajah
104,2020-01-01,hospital_moh,Melaka,Alor Gajah
104,2021-01-01,hospital_moh,Melaka,Alor Gajah
106,2022-01-01,hospital_moh,Melaka,Alor Gajah
0,2015-01-01,hospital_non_moh,Melaka,Alor Gajah
0,2016-01-01,hospital_non_moh,Melaka,Alor Gajah
0,2017-01-01,hospital_non_moh,Melaka,Alor Gajah
0,2018-01-01,hospital_non_moh,Melaka,Alor Gajah
0,2019-01-01,hospital_non_moh,Melaka,Alor Gajah
0,2020-01-01,hospital_non_moh,Melaka,Alor Gajah
0,2021-01-01,hospital_non_moh,Melaka,Alor Gajah
0,2022-01-01,hospital_non_moh,Melaka,Alor Gajah
0,2015-01-01,special_medical_institution,Melaka,Alor Gajah
0,2016-01-01,special_medical_institution,Melaka,Alor Gajah
0,2017-01-01,special_medical_institution,Melaka,Alor Gajah
0,2018-01-01,special_medical_institution,Melaka,Alor Gajah
0,2019-01-01,special_medical_institution,Melaka,Alor Gajah
0,2020-01-01,special_medical_institution,Melaka,Alor Gajah
0,2021-01-01,special_medical_institution,Melaka,Alor Gajah
0,2022-01-01,special_medical_institution,Melaka,Alor Gajah
76,2015-01-01,all,Melaka,Jasin
90,2016-01-01,all,Melaka,Jasin
90,2017-01-01,all,Melaka,Jasin
90,2018-01-01,all,Melaka,Jasin
90,2019-01-01,all,Melaka,Jasin
90,2020-01-01,all,Melaka,Jasin
90,2021-01-01,all,Melaka,Jasin
103,2022-01-01,all,Melaka,Jasin
76,2015-01-01,hospital_moh,Melaka,Jasin
90,2016-01-01,hospital_moh,Melaka,Jasin
90,2017-01-01,hospital_moh,Melaka,Jasin
90,2018-01-01,hospital_moh,Melaka,Jasin
90,2019-01-01,hospital_moh,Melaka,Jasin
90,2020-01-01,hospital_moh,Melaka,Jasin
90,2021-01-01,hospital_moh,Melaka,Jasin
103,2022-01-01,hospital_moh,Melaka,Jasin
0,2015-01-01,hospital_non_moh,Melaka,Jasin
0,2016-01-01,hospital_non_moh,Melaka,Jasin
0,2017-01-01,hospital_non_moh,Melaka,Jasin
0,2018-01-01,hospital_non_moh,Melaka,Jasin
0,2019-01-01,hospital_non_moh,Melaka,Jasin
0,2020-01-01,hospital_non_moh,Melaka,Jasin
0,2021-01-01,hospital_non_moh,Melaka,Jasin
0,2022-01-01,hospital_non_moh,Melaka,Jasin
0,2015-01-01,special_medical_institution,Melaka,Jasin
0,2016-01-01,special_medical_institution,Melaka,Jasin
0,2017-01-01,special_medical_institution,Melaka,Jasin
0,2018-01-01,special_medical_institution,Melaka,Jasin
0,2019-01-01,special_medical_institution,Melaka,Jasin
0,2020-01-01,special_medical_institution,Melaka,Jasin
0,2021-01-01,special_medical_institution,Melaka,Jasin
0,2022-01-01,special_medical_institution,Melaka,Jasin
1235,2015-01-01,all,Melaka,Melaka Tengah
1235,2016-01-01,all,Melaka,Melaka Tengah
1235,2017-01-01,all,Melaka,Melaka Tengah
1235,2018-01-01,all,Melaka,Melaka Tengah
1235,2019-01-01,all,Melaka,Melaka Tengah
1235,2020-01-01,all,Melaka,Melaka Tengah
1245,2021-01-01,all,Melaka,Melaka Tengah
1245,2022-01-01,all,Melaka,Melaka Tengah
1091,2015-01-01,hospital_moh,Melaka,Melaka Tengah
1091,2016-01-01,hospital_moh,Melaka,Melaka Tengah
1091,2017-01-01,hospital_moh,Melaka,Melaka Tengah
1091,2018-01-01,hospital_moh,Melaka,Melaka Tengah
1091,2019-01-01,hospital_moh,Melaka,Melaka Tengah
1091,2020-01-01,hospital_moh,Melaka,Melaka Tengah
1101,2021-01-01,hospital_moh,Melaka,Melaka Tengah
1101,2022-01-01,hospital_moh,Melaka,Melaka Tengah
144,2015-01-01,hospital_non_moh,Melaka,Melaka Tengah
144,2016-01-01,hospital_non_moh,Melaka,Melaka Tengah
144,2017-01-01,hospital_non_moh,Melaka,Melaka Tengah
144,2018-01-01,hospital_non_moh,Melaka,Melaka Tengah
144,2019-01-01,hospital_non_moh,Melaka,Melaka Tengah
144,2020-01-01,hospital_non_moh,Melaka,Melaka Tengah
144,2021-01-01,hospital_non_moh,Melaka,Melaka Tengah
144,2022-01-01,hospital_non_moh,Melaka,Melaka Tengah
0,2015-01-01,special_medical_institution,Melaka,Melaka Tengah
0,2016-01-01,special_medical_institution,Melaka,Melaka Tengah
0,2017-01-01,special_medical_institution,Melaka,Melaka Tengah
0,2018-01-01,special_medical_institution,Melaka,Melaka Tengah
0,2019-01-01,special_medical_institution,Melaka,Melaka Tengah
0,2020-01-01,special_medical_institution,Melaka,Melaka Tengah
0,2021-01-01,special_medical_institution,Melaka,Melaka Tengah
0,2022-01-01,special_medical_institution,Melaka,Melaka Tengah
1825,2015-01-01,all,Negeri Sembilan,All Districts
1825,2016-01-01,all,Negeri Sembilan,All Districts
1832,2017-01-01,all,Negeri Sembilan,All Districts
1825,2018-01-01,all,Negeri Sembilan,All Districts
1898,2019-01-01,all,Negeri Sembilan,All Districts
1977,2020-01-01,all,Negeri Sembilan,All Districts
1977,2021-01-01,all,Negeri Sembilan,All Districts
1977,2022-01-01,all,Negeri Sembilan,All Districts
1789,2015-01-01,hospital_moh,Negeri Sembilan,All Districts
1789,2016-01-01,hospital_moh,Negeri Sembilan,All Districts
1796,2017-01-01,hospital_moh,Negeri Sembilan,All Districts
1789,2018-01-01,hospital_moh,Negeri Sembilan,All Districts
1862,2019-01-01,hospital_moh,Negeri Sembilan,All Districts
1941,2020-01-01,hospital_moh,Negeri Sembilan,All Districts
1941,2021-01-01,hospital_moh,Negeri Sembilan,All Districts
1941,2022-01-01,hospital_moh,Negeri Sembilan,All Districts
36,2015-01-01,hospital_non_moh,Negeri Sembilan,All Districts
36,2016-01-01,hospital_non_moh,Negeri Sembilan,All Districts
36,2017-01-01,hospital_non_moh,Negeri Sembilan,All Districts
36,2018-01-01,hospital_non_moh,Negeri Sembilan,All Districts
36,2019-01-01,hospital_non_moh,Negeri Sembilan,All Districts
36,2020-01-01,hospital_non_moh,Negeri Sembilan,All Districts
36,2021-01-01,hospital_non_moh,Negeri Sembilan,All Districts
36,2022-01-01,hospital_non_moh,Negeri Sembilan,All Districts
0,2015-01-01,special_medical_institution,Negeri Sembilan,All Districts
0,2016-01-01,special_medical_institution,Negeri Sembilan,All Districts
0,2017-01-01,special_medical_institution,Negeri Sembilan,All Districts
0,2018-01-01,special_medical_institution,Negeri Sembilan,All Districts
0,2019-01-01,special_medical_institution,Negeri Sembilan,All Districts
0,2020-01-01,special_medical_institution,Negeri Sembilan,All Districts
0,2021-01-01,special_medical_institution,Negeri Sembilan,All Districts
0,2022-01-01,special_medical_institution,Negeri Sembilan,All Districts
76,2015-01-01,all,Negeri Sembilan,Jelebu
76,2016-01-01,all,Negeri Sembilan,Jelebu
76,2017-01-01,all,Negeri Sembilan,Jelebu
76,2018-01-01,all,Negeri Sembilan,Jelebu
76,2019-01-01,all,Negeri Sembilan,Jelebu
76,2020-01-01,all,Negeri Sembilan,Jelebu
76,2021-01-01,all,Negeri Sembilan,Jelebu
76,2022-01-01,all,Negeri Sembilan,Jelebu
76,2015-01-01,hospital_moh,Negeri Sembilan,Jelebu
76,2016-01-01,hospital_moh,Negeri Sembilan,Jelebu
76,2017-01-01,hospital_moh,Negeri Sembilan,Jelebu
76,2018-01-01,hospital_moh,Negeri Sembilan,Jelebu
76,2019-01-01,hospital_moh,Negeri Sembilan,Jelebu
76,2020-01-01,hospital_moh,Negeri Sembilan,Jelebu
76,2021-01-01,hospital_moh,Negeri Sembilan,Jelebu
76,2022-01-01,hospital_moh,Negeri Sembilan,Jelebu
0,2015-01-01,hospital_non_moh,Negeri Sembilan,Jelebu
0,2016-01-01,hospital_non_moh,Negeri Sembilan,Jelebu
0,2017-01-01,hospital_non_moh,Negeri Sembilan,Jelebu
0,2018-01-01,hospital_non_moh,Negeri Sembilan,Jelebu
0,2019-01-01,hospital_non_moh,Negeri Sembilan,Jelebu
0,2020-01-01,hospital_non_moh,Negeri Sembilan,Jelebu
0,2021-01-01,hospital_non_moh,Negeri Sembilan,Jelebu
0,2022-01-01,hospital_non_moh,Negeri Sembilan,Jelebu
0,2015-01-01,special_medical_institution,Negeri Sembilan,Jelebu
0,2016-01-01,special_medical_institution,Negeri Sembilan,Jelebu
0,2017-01-01,special_medical_institution,Negeri Sembilan,Jelebu
0,2018-01-01,special_medical_institution,Negeri Sembilan,Jelebu
0,2019-01-01,special_medical_institution,Negeri Sembilan,Jelebu
0,2020-01-01,special_medical_institution,Negeri Sembilan,Jelebu
0,2021-01-01,special_medical_institution,Negeri Sembilan,Jelebu
0,2022-01-01,special_medical_institution,Negeri Sembilan,Jelebu
108,2015-01-01,all,Negeri Sembilan,Jempol
108,2016-01-01,all,Negeri Sembilan,Jempol
108,2017-01-01,all,Negeri Sembilan,Jempol
108,2018-01-01,all,Negeri Sembilan,Jempol
108,2019-01-01,all,Negeri Sembilan,Jempol
108,2020-01-01,all,Negeri Sembilan,Jempol
108,2021-01-01,all,Negeri Sembilan,Jempol
108,2022-01-01,all,Negeri Sembilan,Jempol
108,2015-01-01,hospital_moh,Negeri Sembilan,Jempol
108,2016-01-01,hospital_moh,Negeri Sembilan,Jempol
108,2017-01-01,hospital_moh,Negeri Sembilan,Jempol
108,2018-01-01,hospital_moh,Negeri Sembilan,Jempol
108,2019-01-01,hospital_moh,Negeri Sembilan,Jempol
108,2020-01-01,hospital_moh,Negeri Sembilan,Jempol
108,2021-01-01,hospital_moh,Negeri Sembilan,Jempol
108,2022-01-01,hospital_moh,Negeri Sembilan,Jempol
0,2015-01-01,hospital_non_moh,Negeri Sembilan,Jempol
0,2016-01-01,hospital_non_moh,Negeri Sembilan,Jempol
0,2017-01-01,hospital_non_moh,Negeri Sembilan,Jempol
0,2018-01-01,hospital_non_moh,Negeri Sembilan,Jempol
0,2019-01-01,hospital_non_moh,Negeri Sembilan,Jempol
0,2020-01-01,hospital_non_moh,Negeri Sembilan,Jempol
0,2021-01-01,hospital_non_moh,Negeri Sembilan,Jempol
0,2022-01-01,hospital_non_moh,Negeri Sembilan,Jempol
0,2015-01-01,special_medical_institution,Negeri Sembilan,Jempol
0,2016-01-01,special_medical_institution,Negeri Sembilan,Jempol
0,2017-01-01,special_medical_institution,Negeri Sembilan,Jempol
0,2018-01-01,special_medical_institution,Negeri Sembilan,Jempol
0,2019-01-01,special_medical_institution,Negeri Sembilan,Jempol
0,2020-01-01,special_medical_institution,Negeri Sembilan,Jempol
0,2021-01-01,special_medical_institution,Negeri Sembilan,Jempol
0,2022-01-01,special_medical_institution,Negeri Sembilan,Jempol
314,2015-01-01,all,Negeri Sembilan,Kuala Pilah
314,2016-01-01,all,Negeri Sembilan,Kuala Pilah
314,2017-01-01,all,Negeri Sembilan,Kuala Pilah
314,2018-01-01,all,Negeri Sembilan,Kuala Pilah
314,2019-01-01,all,Negeri Sembilan,Kuala Pilah
314,2020-01-01,all,Negeri Sembilan,Kuala Pilah
314,2021-01-01,all,Negeri Sembilan,Kuala Pilah
314,2022-01-01,all,Negeri Sembilan,Kuala Pilah
314,2015-01-01,hospital_moh,Negeri Sembilan,Kuala Pilah
314,2016-01-01,hospital_moh,Negeri Sembilan,Kuala Pilah
314,2017-01-01,hospital_moh,Negeri Sembilan,Kuala Pilah
314,2018-01-01,hospital_moh,Negeri Sembilan,Kuala Pilah
314,2019-01-01,hospital_moh,Negeri Sembilan,Kuala Pilah
314,2020-01-01,hospital_moh,Negeri Sembilan,Kuala Pilah
314,2021-01-01,hospital_moh,Negeri Sembilan,Kuala Pilah
314,2022-01-01,hospital_moh,Negeri Sembilan,Kuala Pilah
0,2015-01-01,hospital_non_moh,Negeri Sembilan,Kuala Pilah
0,2016-01-01,hospital_non_moh,Negeri Sembilan,Kuala Pilah
0,2017-01-01,hospital_non_moh,Negeri Sembilan,Kuala Pilah
0,2018-01-01,hospital_non_moh,Negeri Sembilan,Kuala Pilah
0,2019-01-01,hospital_non_moh,Negeri Sembilan,Kuala Pilah
0,2020-01-01,hospital_non_moh,Negeri Sembilan,Kuala Pilah
0,2021-01-01,hospital_non_moh,Negeri Sembilan,Kuala Pilah
0,2022-01-01,hospital_non_moh,Negeri Sembilan,Kuala Pilah
0,2015-01-01,special_medical_institution,Negeri Sembilan,Kuala Pilah
0,2016-01-01,special_medical_institution,Negeri Sembilan,Kuala Pilah
0,2017-01-01,special_medical_institution,Negeri Sembilan,Kuala Pilah
0,2018-01-01,special_medical_institution,Negeri Sembilan,Kuala Pilah
0,2019-01-01,special_medical_institution,Negeri Sembilan,Kuala Pilah
0,2020-01-01,special_medical_institution,Negeri Sembilan,Kuala Pilah
0,2021-01-01,special_medical_institution,Negeri Sembilan,Kuala Pilah
0,2022-01-01,special_medical_institution,Negeri Sembilan,Kuala Pilah
113,2015-01-01,all,Negeri Sembilan,Port Dickson
113,2016-01-01,all,Negeri Sembilan,Port Dickson
113,2017-01-01,all,Negeri Sembilan,Port Dickson
113,2018-01-01,all,Negeri Sembilan,Port Dickson
116,2019-01-01,all,Negeri Sembilan,Port Dickson
116,2020-01-01,all,Negeri Sembilan,Port Dickson
116,2021-01-01,all,Negeri Sembilan,Port Dickson
116,2022-01-01,all,Negeri Sembilan,Port Dickson
113,2015-01-01,hospital_moh,Negeri Sembilan,Port Dickson
113,2016-01-01,hospital_moh,Negeri Sembilan,Port Dickson
113,2017-01-01,hospital_moh,Negeri Sembilan,Port Dickson
113,2018-01-01,hospital_moh,Negeri Sembilan,Port Dickson
116,2019-01-01,hospital_moh,Negeri Sembilan,Port Dickson
116,2020-01-01,hospital_moh,Negeri Sembilan,Port Dickson
116,2021-01-01,hospital_moh,Negeri Sembilan,Port Dickson
116,2022-01-01,hospital_moh,Negeri Sembilan,Port Dickson
0,2015-01-01,hospital_non_moh,Negeri Sembilan,Port Dickson
0,2016-01-01,hospital_non_moh,Negeri Sembilan,Port Dickson
0,2017-01-01,hospital_non_moh,Negeri Sembilan,Port Dickson
0,2018-01-01,hospital_non_moh,Negeri Sembilan,Port Dickson
0,2019-01-01,hospital_non_moh,Negeri Sembilan,Port Dickson
0,2020-01-01,hospital_non_moh,Negeri Sembilan,Port Dickson
0,2021-01-01,hospital_non_moh,Negeri Sembilan,Port Dickson
0,2022-01-01,hospital_non_moh,Negeri Sembilan,Port Dickson
0,2015-01-01,special_medical_institution,Negeri Sembilan,Port Dickson
0,2016-01-01,special_medical_institution,Negeri Sembilan,Port Dickson
0,2017-01-01,special_medical_institution,Negeri Sembilan,Port Dickson
0,2018-01-01,special_medical_institution,Negeri Sembilan,Port Dickson
0,2019-01-01,special_medical_institution,Negeri Sembilan,Port Dickson
0,2020-01-01,special_medical_institution,Negeri Sembilan,Port Dickson
0,2021-01-01,special_medical_institution,Negeri Sembilan,Port Dickson
0,2022-01-01,special_medical_institution,Negeri Sembilan,Port Dickson
0,2015-01-01,all,Negeri Sembilan,Rembau
0,2016-01-01,all,Negeri Sembilan,Rembau
0,2017-01-01,all,Negeri Sembilan,Rembau
0,2018-01-01,all,Negeri Sembilan,Rembau
0,2019-01-01,all,Negeri Sembilan,Rembau
76,2020-01-01,all,Negeri Sembilan,Rembau
76,2021-01-01,all,Negeri Sembilan,Rembau
76,2022-01-01,all,Negeri Sembilan,Rembau
0,2015-01-01,hospital_moh,Negeri Sembilan,Rembau
0,2016-01-01,hospital_moh,Negeri Sembilan,Rembau
0,2017-01-01,hospital_moh,Negeri Sembilan,Rembau
0,2018-01-01,hospital_moh,Negeri Sembilan,Rembau
0,2019-01-01,hospital_moh,Negeri Sembilan,Rembau
76,2020-01-01,hospital_moh,Negeri Sembilan,Rembau
76,2021-01-01,hospital_moh,Negeri Sembilan,Rembau
76,2022-01-01,hospital_moh,Negeri Sembilan,Rembau
0,2015-01-01,hospital_non_moh,Negeri Sembilan,Rembau
0,2016-01-01,hospital_non_moh,Negeri Sembilan,Rembau
0,2017-01-01,hospital_non_moh,Negeri Sembilan,Rembau
0,2018-01-01,hospital_non_moh,Negeri Sembilan,Rembau
0,2019-01-01,hospital_non_moh,Negeri Sembilan,Rembau
0,2020-01-01,hospital_non_moh,Negeri Sembilan,Rembau
0,2021-01-01,hospital_non_moh,Negeri Sembilan,Rembau
0,2022-01-01,hospital_non_moh,Negeri Sembilan,Rembau
0,2015-01-01,special_medical_institution,Negeri Sembilan,Rembau
0,2016-01-01,special_medical_institution,Negeri Sembilan,Rembau
0,2017-01-01,special_medical_institution,Negeri Sembilan,Rembau
0,2018-01-01,special_medical_institution,Negeri Sembilan,Rembau
0,2019-01-01,special_medical_institution,Negeri Sembilan,Rembau
0,2020-01-01,special_medical_institution,Negeri Sembilan,Rembau
0,2021-01-01,special_medical_institution,Negeri Sembilan,Rembau
0,2022-01-01,special_medical_institution,Negeri Sembilan,Rembau
1070,2015-01-01,all,Negeri Sembilan,Seremban
1070,2016-01-01,all,Negeri Sembilan,Seremban
1075,2017-01-01,all,Negeri Sembilan,Seremban
1070,2018-01-01,all,Negeri Sembilan,Seremban
1143,2019-01-01,all,Negeri Sembilan,Seremban
1143,2020-01-01,all,Negeri Sembilan,Seremban
1143,2021-01-01,all,Negeri Sembilan,Seremban
1143,2022-01-01,all,Negeri Sembilan,Seremban
1070,2015-01-01,hospital_moh,Negeri Sembilan,Seremban
1070,2016-01-01,hospital_moh,Negeri Sembilan,Seremban
1075,2017-01-01,hospital_moh,Negeri Sembilan,Seremban
1070,2018-01-01,hospital_moh,Negeri Sembilan,Seremban
1143,2019-01-01,hospital_moh,Negeri Sembilan,Seremban
1143,2020-01-01,hospital_moh,Negeri Sembilan,Seremban
1143,2021-01-01,hospital_moh,Negeri Sembilan,Seremban
1143,2022-01-01,hospital_moh,Negeri Sembilan,Seremban
0,2015-01-01,hospital_non_moh,Negeri Sembilan,Seremban
0,2016-01-01,hospital_non_moh,Negeri Sembilan,Seremban
0,2017-01-01,hospital_non_moh,Negeri Sembilan,Seremban
0,2018-01-01,hospital_non_moh,Negeri Sembilan,Seremban
0,2019-01-01,hospital_non_moh,Negeri Sembilan,Seremban
0,2020-01-01,hospital_non_moh,Negeri Sembilan,Seremban
0,2021-01-01,hospital_non_moh,Negeri Sembilan,Seremban
0,2022-01-01,hospital_non_moh,Negeri Sembilan,Seremban
0,2015-01-01,special_medical_institution,Negeri Sembilan,Seremban
0,2016-01-01,special_medical_institution,Negeri Sembilan,Seremban
0,2017-01-01,special_medical_institution,Negeri Sembilan,Seremban
0,2018-01-01,special_medical_institution,Negeri Sembilan,Seremban
0,2019-01-01,special_medical_institution,Negeri Sembilan,Seremban
0,2020-01-01,special_medical_institution,Negeri Sembilan,Seremban
0,2021-01-01,special_medical_institution,Negeri Sembilan,Seremban
0,2022-01-01,special_medical_institution,Negeri Sembilan,Seremban
144,2015-01-01,all,Negeri Sembilan,Tampin
144,2016-01-01,all,Negeri Sembilan,Tampin
146,2017-01-01,all,Negeri Sembilan,Tampin
144,2018-01-01,all,Negeri Sembilan,Tampin
141,2019-01-01,all,Negeri Sembilan,Tampin
144,2020-01-01,all,Negeri Sembilan,Tampin
144,2021-01-01,all,Negeri Sembilan,Tampin
144,2022-01-01,all,Negeri Sembilan,Tampin
108,2015-01-01,hospital_moh,Negeri Sembilan,Tampin
108,2016-01-01,hospital_moh,Negeri Sembilan,Tampin
110,2017-01-01,hospital_moh,Negeri Sembilan,Tampin
108,2018-01-01,hospital_moh,Negeri Sembilan,Tampin
105,2019-01-01,hospital_moh,Negeri Sembilan,Tampin
108,2020-01-01,hospital_moh,Negeri Sembilan,Tampin
108,2021-01-01,hospital_moh,Negeri Sembilan,Tampin
108,2022-01-01,hospital_moh,Negeri Sembilan,Tampin
36,2015-01-01,hospital_non_moh,Negeri Sembilan,Tampin
36,2016-01-01,hospital_non_moh,Negeri Sembilan,Tampin
36,2017-01-01,hospital_non_moh,Negeri Sembilan,Tampin
36,2018-01-01,hospital_non_moh,Negeri Sembilan,Tampin
36,2019-01-01,hospital_non_moh,Negeri Sembilan,Tampin
36,2020-01-01,hospital_non_moh,Negeri Sembilan,Tampin
36,2021-01-01,hospital_non_moh,Negeri Sembilan,Tampin
36,2022-01-01,hospital_non_moh,Negeri Sembilan,Tampin
0,2015-01-01,special_medical_institution,Negeri Sembilan,Tampin
0,2016-01-01,special_medical_institution,Negeri Sembilan,Tampin
0,2017-01-01,special_medical_institution,Negeri Sembilan,Tampin
0,2018-01-01,special_medical_institution,Negeri Sembilan,Tampin
0,2019-01-01,special_medical_institution,Negeri Sembilan,Tampin
0,2020-01-01,special_medical_institution,Negeri Sembilan,Tampin
0,2021-01-01,special_medical_institution,Negeri Sembilan,Tampin
0,2022-01-01,special_medical_institution,Negeri Sembilan,Tampin
2158,2015-01-01,all,Pahang,All Districts
2316,2016-01-01,all,Pahang,All Districts
2391,2017-01-01,all,Pahang,All Districts
2646,2018-01-01,all,Pahang,All Districts
2581,2019-01-01,all,Pahang,All Districts
2646,2020-01-01,all,Pahang,All Districts
2611,2021-01-01,all,Pahang,All Districts
2681,2022-01-01,all,Pahang,All Districts
2158,2015-01-01,hospital_moh,Pahang,All Districts
2316,2016-01-01,hospital_moh,Pahang,All Districts
2312,2017-01-01,hospital_moh,Pahang,All Districts
2316,2018-01-01,hospital_moh,Pahang,All Districts
2316,2019-01-01,hospital_moh,Pahang,All Districts
2316,2020-01-01,hospital_moh,Pahang,All Districts
2316,2021-01-01,hospital_moh,Pahang,All Districts
2356,2022-01-01,hospital_moh,Pahang,All Districts
0,2015-01-01,hospital_non_moh,Pahang,All Districts
0,2016-01-01,hospital_non_moh,Pahang,All Districts
79,2017-01-01,hospital_non_moh,Pahang,All Districts
330,2018-01-01,hospital_non_moh,Pahang,All Districts
265,2019-01-01,hospital_non_moh,Pahang,All Districts
330,2020-01-01,hospital_non_moh,Pahang,All Districts
295,2021-01-01,hospital_non_moh,Pahang,All Districts
325,2022-01-01,hospital_non_moh,Pahang,All Districts
0,2015-01-01,special_medical_institution,Pahang,All Districts
0,2016-01-01,special_medical_institution,Pahang,All Districts
0,2017-01-01,special_medical_institution,Pahang,All Districts
0,2018-01-01,special_medical_institution,Pahang,All Districts
0,2019-01-01,special_medical_institution,Pahang,All Districts
0,2020-01-01,special_medical_institution,Pahang,All Districts
0,2021-01-01,special_medical_institution,Pahang,All Districts
0,2022-01-01,special_medical_institution,Pahang,All Districts
152,2015-01-01,all,Pahang,Bentong
152,2016-01-01,all,Pahang,Bentong
152,2017-01-01,all,Pahang,Bentong
152,2018-01-01,all,Pahang,Bentong
152,2019-01-01,all,Pahang,Bentong
152,2020-01-01,all,Pahang,Bentong
152,2021-01-01,all,Pahang,Bentong
152,2022-01-01,all,Pahang,Bentong
152,2015-01-01,hospital_moh,Pahang,Bentong
152,2016-01-01,hospital_moh,Pahang,Bentong
152,2017-01-01,hospital_moh,Pahang,Bentong
152,2018-01-01,hospital_moh,Pahang,Bentong
152,2019-01-01,hospital_moh,Pahang,Bentong
152,2020-01-01,hospital_moh,Pahang,Bentong
152,2021-01-01,hospital_moh,Pahang,Bentong
152,2022-01-01,hospital_moh,Pahang,Bentong
0,2015-01-01,hospital_non_moh,Pahang,Bentong
0,2016-01-01,hospital_non_moh,Pahang,Bentong
0,2017-01-01,hospital_non_moh,Pahang,Bentong
0,2018-01-01,hospital_non_moh,Pahang,Bentong
0,2019-01-01,hospital_non_moh,Pahang,Bentong
0,2020-01-01,hospital_non_moh,Pahang,Bentong
0,2021-01-01,hospital_non_moh,Pahang,Bentong
0,2022-01-01,hospital_non_moh,Pahang,Bentong
0,2015-01-01,special_medical_institution,Pahang,Bentong
0,2016-01-01,special_medical_institution,Pahang,Bentong
0,2017-01-01,special_medical_institution,Pahang,Bentong
0,2018-01-01,special_medical_institution,Pahang,Bentong
0,2019-01-01,special_medical_institution,Pahang,Bentong
0,2020-01-01,special_medical_institution,Pahang,Bentong
0,2021-01-01,special_medical_institution,Pahang,Bentong
0,2022-01-01,special_medical_institution,Pahang,Bentong
0,2015-01-01,all,Pahang,Bera
0,2016-01-01,all,Pahang,Bera
0,2017-01-01,all,Pahang,Bera
0,2018-01-01,all,Pahang,Bera
0,2019-01-01,all,Pahang,Bera
0,2020-01-01,all,Pahang,Bera
0,2021-01-01,all,Pahang,Bera
40,2022-01-01,all,Pahang,Bera
0,2015-01-01,hospital_moh,Pahang,Bera
0,2016-01-01,hospital_moh,Pahang,Bera
0,2017-01-01,hospital_moh,Pahang,Bera
0,2018-01-01,hospital_moh,Pahang,Bera
0,2019-01-01,hospital_moh,Pahang,Bera
0,2020-01-01,hospital_moh,Pahang,Bera
0,2021-01-01,hospital_moh,Pahang,Bera
40,2022-01-01,hospital_moh,Pahang,Bera
0,2015-01-01,hospital_non_moh,Pahang,Bera
0,2016-01-01,hospital_non_moh,Pahang,Bera
0,2017-01-01,hospital_non_moh,Pahang,Bera
0,2018-01-01,hospital_non_moh,Pahang,Bera
0,2019-01-01,hospital_non_moh,Pahang,Bera
0,2020-01-01,hospital_non_moh,Pahang,Bera
0,2021-01-01,hospital_non_moh,Pahang,Bera
0,2022-01-01,hospital_non_moh,Pahang,Bera
0,2015-01-01,special_medical_institution,Pahang,Bera
0,2016-01-01,special_medical_institution,Pahang,Bera
0,2017-01-01,special_medical_institution,Pahang,Bera
0,2018-01-01,special_medical_institution,Pahang,Bera
0,2019-01-01,special_medical_institution,Pahang,Bera
0,2020-01-01,special_medical_institution,Pahang,Bera
0,2021-01-01,special_medical_institution,Pahang,Bera
0,2022-01-01,special_medical_institution,Pahang,Bera
40,2015-01-01,all,Pahang,Cameron Highlands
40,2016-01-01,all,Pahang,Cameron Highlands
40,2017-01-01,all,Pahang,Cameron Highlands
40,2018-01-01,all,Pahang,Cameron Highlands
40,2019-01-01,all,Pahang,Cameron Highlands
40,2020-01-01,all,Pahang,Cameron Highlands
40,2021-01-01,all,Pahang,Cameron Highlands
40,2022-01-01,all,Pahang,Cameron Highlands
40,2015-01-01,hospital_moh,Pahang,Cameron Highlands
40,2016-01-01,hospital_moh,Pahang,Cameron Highlands
40,2017-01-01,hospital_moh,Pahang,Cameron Highlands
40,2018-01-01,hospital_moh,Pahang,Cameron Highlands
40,2019-01-01,hospital_moh,Pahang,Cameron Highlands
40,2020-01-01,hospital_moh,Pahang,Cameron Highlands
40,2021-01-01,hospital_moh,Pahang,Cameron Highlands
40,2022-01-01,hospital_moh,Pahang,Cameron Highlands
0,2015-01-01,hospital_non_moh,Pahang,Cameron Highlands
0,2016-01-01,hospital_non_moh,Pahang,Cameron Highlands
0,2017-01-01,hospital_non_moh,Pahang,Cameron Highlands
0,2018-01-01,hospital_non_moh,Pahang,Cameron Highlands
0,2019-01-01,hospital_non_moh,Pahang,Cameron Highlands
0,2020-01-01,hospital_non_moh,Pahang,Cameron Highlands
0,2021-01-01,hospital_non_moh,Pahang,Cameron Highlands
0,2022-01-01,hospital_non_moh,Pahang,Cameron Highlands
0,2015-01-01,special_medical_institution,Pahang,Cameron Highlands
0,2016-01-01,special_medical_institution,Pahang,Cameron Highlands
0,2017-01-01,special_medical_institution,Pahang,Cameron Highlands
0,2018-01-01,special_medical_institution,Pahang,Cameron Highlands
0,2019-01-01,special_medical_institution,Pahang,Cameron Highlands
0,2020-01-01,special_medical_institution,Pahang,Cameron Highlands
0,2021-01-01,special_medical_institution,Pahang,Cameron Highlands
0,2022-01-01,special_medical_institution,Pahang,Cameron Highlands
77,2015-01-01,all,Pahang,Jerantut
77,2016-01-01,all,Pahang,Jerantut
77,2017-01-01,all,Pahang,Jerantut
77,2018-01-01,all,Pahang,Jerantut
77,2019-01-01,all,Pahang,Jerantut
77,2020-01-01,all,Pahang,Jerantut
77,2021-01-01,all,Pahang,Jerantut
77,2022-01-01,all,Pahang,Jerantut
77,2015-01-01,hospital_moh,Pahang,Jerantut
77,2016-01-01,hospital_moh,Pahang,Jerantut
77,2017-01-01,hospital_moh,Pahang,Jerantut
77,2018-01-01,hospital_moh,Pahang,Jerantut
77,2019-01-01,hospital_moh,Pahang,Jerantut
77,2020-01-01,hospital_moh,Pahang,Jerantut
77,2021-01-01,hospital_moh,Pahang,Jerantut
77,2022-01-01,hospital_moh,Pahang,Jerantut
0,2015-01-01,hospital_non_moh,Pahang,Jerantut
0,2016-01-01,hospital_non_moh,Pahang,Jerantut
0,2017-01-01,hospital_non_moh,Pahang,Jerantut
0,2018-01-01,hospital_non_moh,Pahang,Jerantut
0,2019-01-01,hospital_non_moh,Pahang,Jerantut
0,2020-01-01,hospital_non_moh,Pahang,Jerantut
0,2021-01-01,hospital_non_moh,Pahang,Jerantut
0,2022-01-01,hospital_non_moh,Pahang,Jerantut
0,2015-01-01,special_medical_institution,Pahang,Jerantut
0,2016-01-01,special_medical_institution,Pahang,Jerantut
0,2017-01-01,special_medical_institution,Pahang,Jerantut
0,2018-01-01,special_medical_institution,Pahang,Jerantut
0,2019-01-01,special_medical_institution,Pahang,Jerantut
0,2020-01-01,special_medical_institution,Pahang,Jerantut
0,2021-01-01,special_medical_institution,Pahang,Jerantut
0,2022-01-01,special_medical_institution,Pahang,Jerantut
793,2015-01-01,all,Pahang,Kuantan
851,2016-01-01,all,Pahang,Kuantan
930,2017-01-01,all,Pahang,Kuantan
1181,2018-01-01,all,Pahang,Kuantan
1116,2019-01-01,all,Pahang,Kuantan
1181,2020-01-01,all,Pahang,Kuantan
1146,2021-01-01,all,Pahang,Kuantan
1176,2022-01-01,all,Pahang,Kuantan
793,2015-01-01,hospital_moh,Pahang,Kuantan
851,2016-01-01,hospital_moh,Pahang,Kuantan
851,2017-01-01,hospital_moh,Pahang,Kuantan
851,2018-01-01,hospital_moh,Pahang,Kuantan
851,2019-01-01,hospital_moh,Pahang,Kuantan
851,2020-01-01,hospital_moh,Pahang,Kuantan
851,2021-01-01,hospital_moh,Pahang,Kuantan
851,2022-01-01,hospital_moh,Pahang,Kuantan
0,2015-01-01,hospital_non_moh,Pahang,Kuantan
0,2016-01-01,hospital_non_moh,Pahang,Kuantan
79,2017-01-01,hospital_non_moh,Pahang,Kuantan
330,2018-01-01,hospital_non_moh,Pahang,Kuantan
265,2019-01-01,hospital_non_moh,Pahang,Kuantan
330,2020-01-01,hospital_non_moh,Pahang,Kuantan
295,2021-01-01,hospital_non_moh,Pahang,Kuantan
325,2022-01-01,hospital_non_moh,Pahang,Kuantan
0,2015-01-01,special_medical_institution,Pahang,Kuantan
0,2016-01-01,special_medical_institution,Pahang,Kuantan
0,2017-01-01,special_medical_institution,Pahang,Kuantan
0,2018-01-01,special_medical_institution,Pahang,Kuantan
0,2019-01-01,special_medical_institution,Pahang,Kuantan
0,2020-01-01,special_medical_institution,Pahang,Kuantan
0,2021-01-01,special_medical_institution,Pahang,Kuantan
0,2022-01-01,special_medical_institution,Pahang,Kuantan
168,2015-01-01,all,Pahang,Lipis
168,2016-01-01,all,Pahang,Lipis
168,2017-01-01,all,Pahang,Lipis
168,2018-01-01,all,Pahang,Lipis
168,2019-01-01,all,Pahang,Lipis
168,2020-01-01,all,Pahang,Lipis
168,2021-01-01,all,Pahang,Lipis
168,2022-01-01,all,Pahang,Lipis
168,2015-01-01,hospital_moh,Pahang,Lipis
168,2016-01-01,hospital_moh,Pahang,Lipis
168,2017-01-01,hospital_moh,Pahang,Lipis
168,2018-01-01,hospital_moh,Pahang,Lipis
168,2019-01-01,hospital_moh,Pahang,Lipis
168,2020-01-01,hospital_moh,Pahang,Lipis
168,2021-01-01,hospital_moh,Pahang,Lipis
168,2022-01-01,hospital_moh,Pahang,Lipis
0,2015-01-01,hospital_non_moh,Pahang,Lipis
0,2016-01-01,hospital_non_moh,Pahang,Lipis
0,2017-01-01,hospital_non_moh,Pahang,Lipis
0,2018-01-01,hospital_non_moh,Pahang,Lipis
0,2019-01-01,hospital_non_moh,Pahang,Lipis
0,2020-01-01,hospital_non_moh,Pahang,Lipis
0,2021-01-01,hospital_non_moh,Pahang,Lipis
0,2022-01-01,hospital_non_moh,Pahang,Lipis
0,2015-01-01,special_medical_institution,Pahang,Lipis
0,2016-01-01,special_medical_institution,Pahang,Lipis
0,2017-01-01,special_medical_institution,Pahang,Lipis
0,2018-01-01,special_medical_institution,Pahang,Lipis
0,2019-01-01,special_medical_institution,Pahang,Lipis
0,2020-01-01,special_medical_institution,Pahang,Lipis
0,2021-01-01,special_medical_institution,Pahang,Lipis
0,2022-01-01,special_medical_institution,Pahang,Lipis
70,2015-01-01,all,Pahang,Maran
70,2016-01-01,all,Pahang,Maran
70,2017-01-01,all,Pahang,Maran
70,2018-01-01,all,Pahang,Maran
70,2019-01-01,all,Pahang,Maran
70,2020-01-01,all,Pahang,Maran
70,2021-01-01,all,Pahang,Maran
70,2022-01-01,all,Pahang,Maran
70,2015-01-01,hospital_moh,Pahang,Maran
70,2016-01-01,hospital_moh,Pahang,Maran
70,2017-01-01,hospital_moh,Pahang,Maran
70,2018-01-01,hospital_moh,Pahang,Maran
70,2019-01-01,hospital_moh,Pahang,Maran
70,2020-01-01,hospital_moh,Pahang,Maran
70,2021-01-01,hospital_moh,Pahang,Maran
70,2022-01-01,hospital_moh,Pahang,Maran
0,2015-01-01,hospital_non_moh,Pahang,Maran
0,2016-01-01,hospital_non_moh,Pahang,Maran
0,2017-01-01,hospital_non_moh,Pahang,Maran
0,2018-01-01,hospital_non_moh,Pahang,Maran
0,2019-01-01,hospital_non_moh,Pahang,Maran
0,2020-01-01,hospital_non_moh,Pahang,Maran
0,2021-01-01,hospital_non_moh,Pahang,Maran
0,2022-01-01,hospital_non_moh,Pahang,Maran
0,2015-01-01,special_medical_institution,Pahang,Maran
0,2016-01-01,special_medical_institution,Pahang,Maran
0,2017-01-01,special_medical_institution,Pahang,Maran
0,2018-01-01,special_medical_institution,Pahang,Maran
0,2019-01-01,special_medical_institution,Pahang,Maran
0,2020-01-01,special_medical_institution,Pahang,Maran
0,2021-01-01,special_medical_institution,Pahang,Maran
0,2022-01-01,special_medical_institution,Pahang,Maran
110,2015-01-01,all,Pahang,Pekan
110,2016-01-01,all,Pahang,Pekan
106,2017-01-01,all,Pahang,Pekan
110,2018-01-01,all,Pahang,Pekan
110,2019-01-01,all,Pahang,Pekan
110,2020-01-01,all,Pahang,Pekan
110,2021-01-01,all,Pahang,Pekan
110,2022-01-01,all,Pahang,Pekan
110,2015-01-01,hospital_moh,Pahang,Pekan
110,2016-01-01,hospital_moh,Pahang,Pekan
106,2017-01-01,hospital_moh,Pahang,Pekan
110,2018-01-01,hospital_moh,Pahang,Pekan
110,2019-01-01,hospital_moh,Pahang,Pekan
110,2020-01-01,hospital_moh,Pahang,Pekan
110,2021-01-01,hospital_moh,Pahang,Pekan
110,2022-01-01,hospital_moh,Pahang,Pekan
0,2015-01-01,hospital_non_moh,Pahang,Pekan
0,2016-01-01,hospital_non_moh,Pahang,Pekan
0,2017-01-01,hospital_non_moh,Pahang,Pekan
0,2018-01-01,hospital_non_moh,Pahang,Pekan
0,2019-01-01,hospital_non_moh,Pahang,Pekan
0,2020-01-01,hospital_non_moh,Pahang,Pekan
0,2021-01-01,hospital_non_moh,Pahang,Pekan
0,2022-01-01,hospital_non_moh,Pahang,Pekan
0,2015-01-01,special_medical_institution,Pahang,Pekan
0,2016-01-01,special_medical_institution,Pahang,Pekan
0,2017-01-01,special_medical_institution,Pahang,Pekan
0,2018-01-01,special_medical_institution,Pahang,Pekan
0,2019-01-01,special_medical_institution,Pahang,Pekan
0,2020-01-01,special_medical_institution,Pahang,Pekan
0,2021-01-01,special_medical_institution,Pahang,Pekan
0,2022-01-01,special_medical_institution,Pahang,Pekan
89,2015-01-01,all,Pahang,Raub
89,2016-01-01,all,Pahang,Raub
89,2017-01-01,all,Pahang,Raub
89,2018-01-01,all,Pahang,Raub
89,2019-01-01,all,Pahang,Raub
89,2020-01-01,all,Pahang,Raub
89,2021-01-01,all,Pahang,Raub
89,2022-01-01,all,Pahang,Raub
89,2015-01-01,hospital_moh,Pahang,Raub
89,2016-01-01,hospital_moh,Pahang,Raub
89,2017-01-01,hospital_moh,Pahang,Raub
89,2018-01-01,hospital_moh,Pahang,Raub
89,2019-01-01,hospital_moh,Pahang,Raub
89,2020-01-01,hospital_moh,Pahang,Raub
89,2021-01-01,hospital_moh,Pahang,Raub
89,2022-01-01,hospital_moh,Pahang,Raub
0,2015-01-01,hospital_non_moh,Pahang,Raub
0,2016-01-01,hospital_non_moh,Pahang,Raub
0,2017-01-01,hospital_non_moh,Pahang,Raub
0,2018-01-01,hospital_non_moh,Pahang,Raub
0,2019-01-01,hospital_non_moh,Pahang,Raub
0,2020-01-01,hospital_non_moh,Pahang,Raub
0,2021-01-01,hospital_non_moh,Pahang,Raub
0,2022-01-01,hospital_non_moh,Pahang,Raub
0,2015-01-01,special_medical_institution,Pahang,Raub
0,2016-01-01,special_medical_institution,Pahang,Raub
0,2017-01-01,special_medical_institution,Pahang,Raub
0,2018-01-01,special_medical_institution,Pahang,Raub
0,2019-01-01,special_medical_institution,Pahang,Raub
0,2020-01-01,special_medical_institution,Pahang,Raub
0,2021-01-01,special_medical_institution,Pahang,Raub
0,2022-01-01,special_medical_institution,Pahang,Raub
109,2015-01-01,all,Pahang,Rompin
109,2016-01-01,all,Pahang,Rompin
109,2017-01-01,all,Pahang,Rompin
109,2018-01-01,all,Pahang,Rompin
109,2019-01-01,all,Pahang,Rompin
109,2020-01-01,all,Pahang,Rompin
109,2021-01-01,all,Pahang,Rompin
109,2022-01-01,all,Pahang,Rompin
109,2015-01-01,hospital_moh,Pahang,Rompin
109,2016-01-01,hospital_moh,Pahang,Rompin
109,2017-01-01,hospital_moh,Pahang,Rompin
109,2018-01-01,hospital_moh,Pahang,Rompin
109,2019-01-01,hospital_moh,Pahang,Rompin
109,2020-01-01,hospital_moh,Pahang,Rompin
109,2021-01-01,hospital_moh,Pahang,Rompin
109,2022-01-01,hospital_moh,Pahang,Rompin
0,2015-01-01,hospital_non_moh,Pahang,Rompin
0,2016-01-01,hospital_non_moh,Pahang,Rompin
0,2017-01-01,hospital_non_moh,Pahang,Rompin
0,2018-01-01,hospital_non_moh,Pahang,Rompin
0,2019-01-01,hospital_non_moh,Pahang,Rompin
0,2020-01-01,hospital_non_moh,Pahang,Rompin
0,2021-01-01,hospital_non_moh,Pahang,Rompin
0,2022-01-01,hospital_non_moh,Pahang,Rompin
0,2015-01-01,special_medical_institution,Pahang,Rompin
0,2016-01-01,special_medical_institution,Pahang,Rompin
0,2017-01-01,special_medical_institution,Pahang,Rompin
0,2018-01-01,special_medical_institution,Pahang,Rompin
0,2019-01-01,special_medical_institution,Pahang,Rompin
0,2020-01-01,special_medical_institution,Pahang,Rompin
0,2021-01-01,special_medical_institution,Pahang,Rompin
0,2022-01-01,special_medical_institution,Pahang,Rompin
550,2015-01-01,all,Pahang,Temerloh
650,2016-01-01,all,Pahang,Temerloh
650,2017-01-01,all,Pahang,Temerloh
650,2018-01-01,all,Pahang,Temerloh
650,2019-01-01,all,Pahang,Temerloh
650,2020-01-01,all,Pahang,Temerloh
650,2021-01-01,all,Pahang,Temerloh
650,2022-01-01,all,Pahang,Temerloh
550,2015-01-01,hospital_moh,Pahang,Temerloh
650,2016-01-01,hospital_moh,Pahang,Temerloh
650,2017-01-01,hospital_moh,Pahang,Temerloh
650,2018-01-01,hospital_moh,Pahang,Temerloh
650,2019-01-01,hospital_moh,Pahang,Temerloh
650,2020-01-01,hospital_moh,Pahang,Temerloh
650,2021-01-01,hospital_moh,Pahang,Temerloh
650,2022-01-01,hospital_moh,Pahang,Temerloh
0,2015-01-01,hospital_non_moh,Pahang,Temerloh
0,2016-01-01,hospital_non_moh,Pahang,Temerloh
0,2017-01-01,hospital_non_moh,Pahang,Temerloh
0,2018-01-01,hospital_non_moh,Pahang,Temerloh
0,2019-01-01,hospital_non_moh,Pahang,Temerloh
0,2020-01-01,hospital_non_moh,Pahang,Temerloh
0,2021-01-01,hospital_non_moh,Pahang,Temerloh
0,2022-01-01,hospital_non_moh,Pahang,Temerloh
0,2015-01-01,special_medical_institution,Pahang,Temerloh
0,2016-01-01,special_medical_institution,Pahang,Temerloh
0,2017-01-01,special_medical_institution,Pahang,Temerloh
0,2018-01-01,special_medical_institution,Pahang,Temerloh
0,2019-01-01,special_medical_institution,Pahang,Temerloh
0,2020-01-01,special_medical_institution,Pahang,Temerloh
0,2021-01-01,special_medical_institution,Pahang,Temerloh
0,2022-01-01,special_medical_institution,Pahang,Temerloh
5762,2015-01-01,all,Perak,All Districts
5542,2016-01-01,all,Perak,All Districts
5542,2017-01-01,all,Perak,All Districts
5542,2018-01-01,all,Perak,All Districts
5542,2019-01-01,all,Perak,All Districts
5542,2020-01-01,all,Perak,All Districts
5924,2021-01-01,all,Perak,All Districts
5887,2022-01-01,all,Perak,All Districts
3615,2015-01-01,hospital_moh,Perak,All Districts
3595,2016-01-01,hospital_moh,Perak,All Districts
3595,2017-01-01,hospital_moh,Perak,All Districts
3595,2018-01-01,hospital_moh,Perak,All Districts
3595,2019-01-01,hospital_moh,Perak,All Districts
3595,2020-01-01,hospital_moh,Perak,All Districts
3977,2021-01-01,hospital_moh,Perak,All Districts
3977,2022-01-01,hospital_moh,Perak,All Districts
147,2015-01-01,hospital_non_moh,Perak,All Districts
147,2016-01-01,hospital_non_moh,Perak,All Districts
147,2017-01-01,hospital_non_moh,Perak,All Districts
147,2018-01-01,hospital_non_moh,Perak,All Districts
147,2019-01-01,hospital_non_moh,Perak,All Districts
147,2020-01-01,hospital_non_moh,Perak,All Districts
147,2021-01-01,hospital_non_moh,Perak,All Districts
110,2022-01-01,hospital_non_moh,Perak,All Districts
2000,2015-01-01,special_medical_institution,Perak,All Districts
1800,2016-01-01,special_medical_institution,Perak,All Districts
1800,2017-01-01,special_medical_institution,Perak,All Districts
1800,2018-01-01,special_medical_institution,Perak,All Districts
1800,2019-01-01,special_medical_institution,Perak,All Districts
1800,2020-01-01,special_medical_institution,Perak,All Districts
1800,2021-01-01,special_medical_institution,Perak,All Districts
1800,2022-01-01,special_medical_institution,Perak,All Districts
350,2015-01-01,all,Perak,Batang Padang (Tapah)
350,2016-01-01,all,Perak,Batang Padang (Tapah)
350,2017-01-01,all,Perak,Batang Padang (Tapah)
350,2018-01-01,all,Perak,Batang Padang (Tapah)
350,2019-01-01,all,Perak,Batang Padang (Tapah)
350,2020-01-01,all,Perak,Batang Padang (Tapah)
350,2021-01-01,all,Perak,Batang Padang (Tapah)
350,2022-01-01,all,Perak,Batang Padang (Tapah)
350,2015-01-01,hospital_moh,Perak,Batang Padang (Tapah)
350,2016-01-01,hospital_moh,Perak,Batang Padang (Tapah)
350,2017-01-01,hospital_moh,Perak,Batang Padang (Tapah)
350,2018-01-01,hospital_moh,Perak,Batang Padang (Tapah)
350,2019-01-01,hospital_moh,Perak,Batang Padang (Tapah)
350,2020-01-01,hospital_moh,Perak,Batang Padang (Tapah)
350,2021-01-01,hospital_moh,Perak,Batang Padang (Tapah)
350,2022-01-01,hospital_moh,Perak,Batang Padang (Tapah)
0,2015-01-01,hospital_non_moh,Perak,Batang Padang (Tapah)
0,2016-01-01,hospital_non_moh,Perak,Batang Padang (Tapah)
0,2017-01-01,hospital_non_moh,Perak,Batang Padang (Tapah)
0,2018-01-01,hospital_non_moh,Perak,Batang Padang (Tapah)
0,2019-01-01,hospital_non_moh,Perak,Batang Padang (Tapah)
0,2020-01-01,hospital_non_moh,Perak,Batang Padang (Tapah)
0,2021-01-01,hospital_non_moh,Perak,Batang Padang (Tapah)
0,2022-01-01,hospital_non_moh,Perak,Batang Padang (Tapah)
0,2015-01-01,special_medical_institution,Perak,Batang Padang (Tapah)
0,2016-01-01,special_medical_institution,Perak,Batang Padang (Tapah)
0,2017-01-01,special_medical_institution,Perak,Batang Padang (Tapah)
0,2018-01-01,special_medical_institution,Perak,Batang Padang (Tapah)
0,2019-01-01,special_medical_institution,Perak,Batang Padang (Tapah)
0,2020-01-01,special_medical_institution,Perak,Batang Padang (Tapah)
0,2021-01-01,special_medical_institution,Perak,Batang Padang (Tapah)
0,2022-01-01,special_medical_institution,Perak,Batang Padang (Tapah)
548,2015-01-01,all,Perak,Hilir Perak
548,2016-01-01,all,Perak,Hilir Perak
548,2017-01-01,all,Perak,Hilir Perak
548,2018-01-01,all,Perak,Hilir Perak
548,2019-01-01,all,Perak,Hilir Perak
548,2020-01-01,all,Perak,Hilir Perak
548,2021-01-01,all,Perak,Hilir Perak
548,2022-01-01,all,Perak,Hilir Perak
548,2015-01-01,hospital_moh,Perak,Hilir Perak
548,2016-01-01,hospital_moh,Perak,Hilir Perak
548,2017-01-01,hospital_moh,Perak,Hilir Perak
548,2018-01-01,hospital_moh,Perak,Hilir Perak
548,2019-01-01,hospital_moh,Perak,Hilir Perak
548,2020-01-01,hospital_moh,Perak,Hilir Perak
548,2021-01-01,hospital_moh,Perak,Hilir Perak
548,2022-01-01,hospital_moh,Perak,Hilir Perak
0,2015-01-01,hospital_non_moh,Perak,Hilir Perak
0,2016-01-01,hospital_non_moh,Perak,Hilir Perak
0,2017-01-01,hospital_non_moh,Perak,Hilir Perak
0,2018-01-01,hospital_non_moh,Perak,Hilir Perak
0,2019-01-01,hospital_non_moh,Perak,Hilir Perak
0,2020-01-01,hospital_non_moh,Perak,Hilir Perak
0,2021-01-01,hospital_non_moh,Perak,Hilir Perak
0,2022-01-01,hospital_non_moh,Perak,Hilir Perak
0,2015-01-01,special_medical_institution,Perak,Hilir Perak
0,2016-01-01,special_medical_institution,Perak,Hilir Perak
0,2017-01-01,special_medical_institution,Perak,Hilir Perak
0,2018-01-01,special_medical_institution,Perak,Hilir Perak
0,2019-01-01,special_medical_institution,Perak,Hilir Perak
0,2020-01-01,special_medical_institution,Perak,Hilir Perak
0,2021-01-01,special_medical_institution,Perak,Hilir Perak
0,2022-01-01,special_medical_institution,Perak,Hilir Perak
75,2015-01-01,all,Perak,Hulu Perak
75,2016-01-01,all,Perak,Hulu Perak
75,2017-01-01,all,Perak,Hulu Perak
75,2018-01-01,all,Perak,Hulu Perak
75,2019-01-01,all,Perak,Hulu Perak
75,2020-01-01,all,Perak,Hulu Perak
75,2021-01-01,all,Perak,Hulu Perak
75,2022-01-01,all,Perak,Hulu Perak
75,2015-01-01,hospital_moh,Perak,Hulu Perak
75,2016-01-01,hospital_moh,Perak,Hulu Perak
75,2017-01-01,hospital_moh,Perak,Hulu Perak
75,2018-01-01,hospital_moh,Perak,Hulu Perak
75,2019-01-01,hospital_moh,Perak,Hulu Perak
75,2020-01-01,hospital_moh,Perak,Hulu Perak
75,2021-01-01,hospital_moh,Perak,Hulu Perak
75,2022-01-01,hospital_moh,Perak,Hulu Perak
0,2015-01-01,hospital_non_moh,Perak,Hulu Perak
0,2016-01-01,hospital_non_moh,Perak,Hulu Perak
0,2017-01-01,hospital_non_moh,Perak,Hulu Perak
0,2018-01-01,hospital_non_moh,Perak,Hulu Perak
0,2019-01-01,hospital_non_moh,Perak,Hulu Perak
0,2020-01-01,hospital_non_moh,Perak,Hulu Perak
0,2021-01-01,hospital_non_moh,Perak,Hulu Perak
0,2022-01-01,hospital_non_moh,Perak,Hulu Perak
0,2015-01-01,special_medical_institution,Perak,Hulu Perak
0,2016-01-01,special_medical_institution,Perak,Hulu Perak
0,2017-01-01,special_medical_institution,Perak,Hulu Perak
0,2018-01-01,special_medical_institution,Perak,Hulu Perak
0,2019-01-01,special_medical_institution,Perak,Hulu Perak
0,2020-01-01,special_medical_institution,Perak,Hulu Perak
0,2021-01-01,special_medical_institution,Perak,Hulu Perak
0,2022-01-01,special_medical_institution,Perak,Hulu Perak
90,2015-01-01,all,Perak,Kampar
90,2016-01-01,all,Perak,Kampar
90,2017-01-01,all,Perak,Kampar
90,2018-01-01,all,Perak,Kampar
90,2019-01-01,all,Perak,Kampar
90,2020-01-01,all,Perak,Kampar
68,2021-01-01,all,Perak,Kampar
68,2022-01-01,all,Perak,Kampar
90,2015-01-01,hospital_moh,Perak,Kampar
90,2016-01-01,hospital_moh,Perak,Kampar
90,2017-01-01,hospital_moh,Perak,Kampar
90,2018-01-01,hospital_moh,Perak,Kampar
90,2019-01-01,hospital_moh,Perak,Kampar
90,2020-01-01,hospital_moh,Perak,Kampar
68,2021-01-01,hospital_moh,Perak,Kampar
68,2022-01-01,hospital_moh,Perak,Kampar
0,2015-01-01,hospital_non_moh,Perak,Kampar
0,2016-01-01,hospital_non_moh,Perak,Kampar
0,2017-01-01,hospital_non_moh,Perak,Kampar
0,2018-01-01,hospital_non_moh,Perak,Kampar
0,2019-01-01,hospital_non_moh,Perak,Kampar
0,2020-01-01,hospital_non_moh,Perak,Kampar
0,2021-01-01,hospital_non_moh,Perak,Kampar
0,2022-01-01,hospital_non_moh,Perak,Kampar
0,2015-01-01,special_medical_institution,Perak,Kampar
0,2016-01-01,special_medical_institution,Perak,Kampar
0,2017-01-01,special_medical_institution,Perak,Kampar
0,2018-01-01,special_medical_institution,Perak,Kampar
0,2019-01-01,special_medical_institution,Perak,Kampar
0,2020-01-01,special_medical_institution,Perak,Kampar
0,2021-01-01,special_medical_institution,Perak,Kampar
0,2022-01-01,special_medical_institution,Perak,Kampar
120,2015-01-01,all,Perak,Kerian
100,2016-01-01,all,Perak,Kerian
100,2017-01-01,all,Perak,Kerian
100,2018-01-01,all,Perak,Kerian
100,2019-01-01,all,Perak,Kerian
100,2020-01-01,all,Perak,Kerian
100,2021-01-01,all,Perak,Kerian
100,2022-01-01,all,Perak,Kerian
120,2015-01-01,hospital_moh,Perak,Kerian
100,2016-01-01,hospital_moh,Perak,Kerian
100,2017-01-01,hospital_moh,Perak,Kerian
100,2018-01-01,hospital_moh,Perak,Kerian
100,2019-01-01,hospital_moh,Perak,Kerian
100,2020-01-01,hospital_moh,Perak,Kerian
100,2021-01-01,hospital_moh,Perak,Kerian
100,2022-01-01,hospital_moh,Perak,Kerian
0,2015-01-01,hospital_non_moh,Perak,Kerian
0,2016-01-01,hospital_non_moh,Perak,Kerian
0,2017-01-01,hospital_non_moh,Perak,Kerian
0,2018-01-01,hospital_non_moh,Perak,Kerian
0,2019-01-01,hospital_non_moh,Perak,Kerian
0,2020-01-01,hospital_non_moh,Perak,Kerian
0,2021-01-01,hospital_non_moh,Perak,Kerian
0,2022-01-01,hospital_non_moh,Perak,Kerian
0,2015-01-01,special_medical_institution,Perak,Kerian
0,2016-01-01,special_medical_institution,Perak,Kerian
0,2017-01-01,special_medical_institution,Perak,Kerian
0,2018-01-01,special_medical_institution,Perak,Kerian
0,2019-01-01,special_medical_institution,Perak,Kerian
0,2020-01-01,special_medical_institution,Perak,Kerian
0,2021-01-01,special_medical_institution,Perak,Kerian
0,2022-01-01,special_medical_institution,Perak,Kerian
3150,2015-01-01,all,Perak,Kinta (Ipoh)
2950,2016-01-01,all,Perak,Kinta (Ipoh)
2950,2017-01-01,all,Perak,Kinta (Ipoh)
2950,2018-01-01,all,Perak,Kinta (Ipoh)
2950,2019-01-01,all,Perak,Kinta (Ipoh)
2950,2020-01-01,all,Perak,Kinta (Ipoh)
3354,2021-01-01,all,Perak,Kinta (Ipoh)
3354,2022-01-01,all,Perak,Kinta (Ipoh)
1150,2015-01-01,hospital_moh,Perak,Kinta (Ipoh)
1150,2016-01-01,hospital_moh,Perak,Kinta (Ipoh)
1150,2017-01-01,hospital_moh,Perak,Kinta (Ipoh)
1150,2018-01-01,hospital_moh,Perak,Kinta (Ipoh)
1150,2019-01-01,hospital_moh,Perak,Kinta (Ipoh)
1150,2020-01-01,hospital_moh,Perak,Kinta (Ipoh)
1554,2021-01-01,hospital_moh,Perak,Kinta (Ipoh)
1554,2022-01-01,hospital_moh,Perak,Kinta (Ipoh)
0,2015-01-01,hospital_non_moh,Perak,Kinta (Ipoh)
0,2016-01-01,hospital_non_moh,Perak,Kinta (Ipoh)
0,2017-01-01,hospital_non_moh,Perak,Kinta (Ipoh)
0,2018-01-01,hospital_non_moh,Perak,Kinta (Ipoh)
0,2019-01-01,hospital_non_moh,Perak,Kinta (Ipoh)
0,2020-01-01,hospital_non_moh,Perak,Kinta (Ipoh)
0,2021-01-01,hospital_non_moh,Perak,Kinta (Ipoh)
0,2022-01-01,hospital_non_moh,Perak,Kinta (Ipoh)
2000,2015-01-01,special_medical_institution,Perak,Kinta (Ipoh)
1800,2016-01-01,special_medical_institution,Perak,Kinta (Ipoh)
1800,2017-01-01,special_medical_institution,Perak,Kinta (Ipoh)
1800,2018-01-01,special_medical_institution,Perak,Kinta (Ipoh)
1800,2019-01-01,special_medical_institution,Perak,Kinta (Ipoh)
1800,2020-01-01,special_medical_institution,Perak,Kinta (Ipoh)
1800,2021-01-01,special_medical_institution,Perak,Kinta (Ipoh)
1800,2022-01-01,special_medical_institution,Perak,Kinta (Ipoh)
229,2015-01-01,all,Perak,Kuala Kangsar
229,2016-01-01,all,Perak,Kuala Kangsar
229,2017-01-01,all,Perak,Kuala Kangsar
229,2018-01-01,all,Perak,Kuala Kangsar
229,2019-01-01,all,Perak,Kuala Kangsar
229,2020-01-01,all,Perak,Kuala Kangsar
229,2021-01-01,all,Perak,Kuala Kangsar
229,2022-01-01,all,Perak,Kuala Kangsar
229,2015-01-01,hospital_moh,Perak,Kuala Kangsar
229,2016-01-01,hospital_moh,Perak,Kuala Kangsar
229,2017-01-01,hospital_moh,Perak,Kuala Kangsar
229,2018-01-01,hospital_moh,Perak,Kuala Kangsar
229,2019-01-01,hospital_moh,Perak,Kuala Kangsar
229,2020-01-01,hospital_moh,Perak,Kuala Kangsar
229,2021-01-01,hospital_moh,Perak,Kuala Kangsar
229,2022-01-01,hospital_moh,Perak,Kuala Kangsar
0,2015-01-01,hospital_non_moh,Perak,Kuala Kangsar
0,2016-01-01,hospital_non_moh,Perak,Kuala Kangsar
0,2017-01-01,hospital_non_moh,Perak,Kuala Kangsar
0,2018-01-01,hospital_non_moh,Perak,Kuala Kangsar
0,2019-01-01,hospital_non_moh,Perak,Kuala Kangsar
0,2020-01-01,hospital_non_moh,Perak,Kuala Kangsar
0,2021-01-01,hospital_non_moh,Perak,Kuala Kangsar
0,2022-01-01,hospital_non_moh,Perak,Kuala Kangsar
0,2015-01-01,special_medical_institution,Perak,Kuala Kangsar
0,2016-01-01,special_medical_institution,Perak,Kuala Kangsar
0,2017-01-01,special_medical_institution,Perak,Kuala Kangsar
0,2018-01-01,special_medical_institution,Perak,Kuala Kangsar
0,2019-01-01,special_medical_institution,Perak,Kuala Kangsar
0,2020-01-01,special_medical_institution,Perak,Kuala Kangsar
0,2021-01-01,special_medical_institution,Perak,Kuala Kangsar
0,2022-01-01,special_medical_institution,Perak,Kuala Kangsar
698,2015-01-01,all,Perak,Larut & Matang (Taiping)
698,2016-01-01,all,Perak,Larut & Matang (Taiping)
698,2017-01-01,all,Perak,Larut & Matang (Taiping)
698,2018-01-01,all,Perak,Larut & Matang (Taiping)
698,2019-01-01,all,Perak,Larut & Matang (Taiping)
698,2020-01-01,all,Perak,Larut & Matang (Taiping)
698,2021-01-01,all,Perak,Larut & Matang (Taiping)
698,2022-01-01,all,Perak,Larut & Matang (Taiping)
698,2015-01-01,hospital_moh,Perak,Larut & Matang (Taiping)
698,2016-01-01,hospital_moh,Perak,Larut & Matang (Taiping)
698,2017-01-01,hospital_moh,Perak,Larut & Matang (Taiping)
698,2018-01-01,hospital_moh,Perak,Larut & Matang (Taiping)
698,2019-01-01,hospital_moh,Perak,Larut & Matang (Taiping)
698,2020-01-01,hospital_moh,Perak,Larut & Matang (Taiping)
698,2021-01-01,hospital_moh,Perak,Larut & Matang (Taiping)
698,2022-01-01,hospital_moh,Perak,Larut & Matang (Taiping)
0,2015-01-01,hospital_non_moh,Perak,Larut & Matang (Taiping)
0,2016-01-01,hospital_non_moh,Perak,Larut & Matang (Taiping)
0,2017-01-01,hospital_non_moh,Perak,Larut & Matang (Taiping)
0,2018-01-01,hospital_non_moh,Perak,Larut & Matang (Taiping)
0,2019-01-01,hospital_non_moh,Perak,Larut & Matang (Taiping)
0,2020-01-01,hospital_non_moh,Perak,Larut & Matang (Taiping)
0,2021-01-01,hospital_non_moh,Perak,Larut & Matang (Taiping)
0,2022-01-01,hospital_non_moh,Perak,Larut & Matang (Taiping)
0,2015-01-01,special_medical_institution,Perak,Larut & Matang (Taiping)
0,2016-01-01,special_medical_institution,Perak,Larut & Matang (Taiping)
0,2017-01-01,special_medical_institution,Perak,Larut & Matang (Taiping)
0,2018-01-01,special_medical_institution,Perak,Larut & Matang (Taiping)
0,2019-01-01,special_medical_institution,Perak,Larut & Matang (Taiping)
0,2020-01-01,special_medical_institution,Perak,Larut & Matang (Taiping)
0,2021-01-01,special_medical_institution,Perak,Larut & Matang (Taiping)
0,2022-01-01,special_medical_institution,Perak,Larut & Matang (Taiping)
452,2015-01-01,all,Perak,Manjung (Sitiawan)
452,2016-01-01,all,Perak,Manjung (Sitiawan)
452,2017-01-01,all,Perak,Manjung (Sitiawan)
452,2018-01-01,all,Perak,Manjung (Sitiawan)
452,2019-01-01,all,Perak,Manjung (Sitiawan)
452,2020-01-01,all,Perak,Manjung (Sitiawan)
452,2021-01-01,all,Perak,Manjung (Sitiawan)
415,2022-01-01,all,Perak,Manjung (Sitiawan)
305,2015-01-01,hospital_moh,Perak,Manjung (Sitiawan)
305,2016-01-01,hospital_moh,Perak,Manjung (Sitiawan)
305,2017-01-01,hospital_moh,Perak,Manjung (Sitiawan)
305,2018-01-01,hospital_moh,Perak,Manjung (Sitiawan)
305,2019-01-01,hospital_moh,Perak,Manjung (Sitiawan)
305,2020-01-01,hospital_moh,Perak,Manjung (Sitiawan)
305,2021-01-01,hospital_moh,Perak,Manjung (Sitiawan)
305,2022-01-01,hospital_moh,Perak,Manjung (Sitiawan)
147,2015-01-01,hospital_non_moh,Perak,Manjung (Sitiawan)
147,2016-01-01,hospital_non_moh,Perak,Manjung (Sitiawan)
147,2017-01-01,hospital_non_moh,Perak,Manjung (Sitiawan)
147,2018-01-01,hospital_non_moh,Perak,Manjung (Sitiawan)
147,2019-01-01,hospital_non_moh,Perak,Manjung (Sitiawan)
147,2020-01-01,hospital_non_moh,Perak,Manjung (Sitiawan)
147,2021-01-01,hospital_non_moh,Perak,Manjung (Sitiawan)
110,2022-01-01,hospital_non_moh,Perak,Manjung (Sitiawan)
0,2015-01-01,special_medical_institution,Perak,Manjung (Sitiawan)
0,2016-01-01,special_medical_institution,Perak,Manjung (Sitiawan)
0,2017-01-01,special_medical_institution,Perak,Manjung (Sitiawan)
0,2018-01-01,special_medical_institution,Perak,Manjung (Sitiawan)
0,2019-01-01,special_medical_institution,Perak,Manjung (Sitiawan)
0,2020-01-01,special_medical_institution,Perak,Manjung (Sitiawan)
0,2021-01-01,special_medical_institution,Perak,Manjung (Sitiawan)
0,2022-01-01,special_medical_institution,Perak,Manjung (Sitiawan)
50,2015-01-01,all,Perak,Perak Tengah
50,2016-01-01,all,Perak,Perak Tengah
50,2017-01-01,all,Perak,Perak Tengah
50,2018-01-01,all,Perak,Perak Tengah
50,2019-01-01,all,Perak,Perak Tengah
50,2020-01-01,all,Perak,Perak Tengah
50,2021-01-01,all,Perak,Perak Tengah
50,2022-01-01,all,Perak,Perak Tengah
50,2015-01-01,hospital_moh,Perak,Perak Tengah
50,2016-01-01,hospital_moh,Perak,Perak Tengah
50,2017-01-01,hospital_moh,Perak,Perak Tengah
50,2018-01-01,hospital_moh,Perak,Perak Tengah
50,2019-01-01,hospital_moh,Perak,Perak Tengah
50,2020-01-01,hospital_moh,Perak,Perak Tengah
50,2021-01-01,hospital_moh,Perak,Perak Tengah
50,2022-01-01,hospital_moh,Perak,Perak Tengah
0,2015-01-01,hospital_non_moh,Perak,Perak Tengah
0,2016-01-01,hospital_non_moh,Perak,Perak Tengah
0,2017-01-01,hospital_non_moh,Perak,Perak Tengah
0,2018-01-01,hospital_non_moh,Perak,Perak Tengah
0,2019-01-01,hospital_non_moh,Perak,Perak Tengah
0,2020-01-01,hospital_non_moh,Perak,Perak Tengah
0,2021-01-01,hospital_non_moh,Perak,Perak Tengah
0,2022-01-01,hospital_non_moh,Perak,Perak Tengah
0,2015-01-01,special_medical_institution,Perak,Perak Tengah
0,2016-01-01,special_medical_institution,Perak,Perak Tengah
0,2017-01-01,special_medical_institution,Perak,Perak Tengah
0,2018-01-01,special_medical_institution,Perak,Perak Tengah
0,2019-01-01,special_medical_institution,Perak,Perak Tengah
0,2020-01-01,special_medical_institution,Perak,Perak Tengah
0,2021-01-01,special_medical_institution,Perak,Perak Tengah
0,2022-01-01,special_medical_institution,Perak,Perak Tengah
408,2015-01-01,all,Perlis,All Districts
408,2016-01-01,all,Perlis,All Districts
508,2017-01-01,all,Perlis,All Districts
508,2018-01-01,all,Perlis,All Districts
508,2019-01-01,all,Perlis,All Districts
508,2020-01-01,all,Perlis,All Districts
508,2021-01-01,all,Perlis,All Districts
508,2022-01-01,all,Perlis,All Districts
408,2015-01-01,hospital_moh,Perlis,All Districts
408,2016-01-01,hospital_moh,Perlis,All Districts
508,2017-01-01,hospital_moh,Perlis,All Districts
508,2018-01-01,hospital_moh,Perlis,All Districts
508,2019-01-01,hospital_moh,Perlis,All Districts
508,2020-01-01,hospital_moh,Perlis,All Districts
508,2021-01-01,hospital_moh,Perlis,All Districts
508,2022-01-01,hospital_moh,Perlis,All Districts
0,2015-01-01,hospital_non_moh,Perlis,All Districts
0,2016-01-01,hospital_non_moh,Perlis,All Districts
0,2017-01-01,hospital_non_moh,Perlis,All Districts
0,2018-01-01,hospital_non_moh,Perlis,All Districts
0,2019-01-01,hospital_non_moh,Perlis,All Districts
0,2020-01-01,hospital_non_moh,Perlis,All Districts
0,2021-01-01,hospital_non_moh,Perlis,All Districts
0,2022-01-01,hospital_non_moh,Perlis,All Districts
0,2015-01-01,special_medical_institution,Perlis,All Districts
0,2016-01-01,special_medical_institution,Perlis,All Districts
0,2017-01-01,special_medical_institution,Perlis,All Districts
0,2018-01-01,special_medical_institution,Perlis,All Districts
0,2019-01-01,special_medical_institution,Perlis,All Districts
0,2020-01-01,special_medical_institution,Perlis,All Districts
0,2021-01-01,special_medical_institution,Perlis,All Districts
0,2022-01-01,special_medical_institution,Perlis,All Districts
408,2015-01-01,all,Perlis,Perlis
408,2016-01-01,all,Perlis,Perlis
508,2017-01-01,all,Perlis,Perlis
508,2018-01-01,all,Perlis,Perlis
508,2019-01-01,all,Perlis,Perlis
508,2020-01-01,all,Perlis,Perlis
508,2021-01-01,all,Perlis,Perlis
508,2022-01-01,all,Perlis,Perlis
408,2015-01-01,hospital_moh,Perlis,Perlis
408,2016-01-01,hospital_moh,Perlis,Perlis
508,2017-01-01,hospital_moh,Perlis,Perlis
508,2018-01-01,hospital_moh,Perlis,Perlis
508,2019-01-01,hospital_moh,Perlis,Perlis
508,2020-01-01,hospital_moh,Perlis,Perlis
508,2021-01-01,hospital_moh,Perlis,Perlis
508,2022-01-01,hospital_moh,Perlis,Perlis
0,2015-01-01,hospital_non_moh,Perlis,Perlis
0,2016-01-01,hospital_non_moh,Perlis,Perlis
0,2017-01-01,hospital_non_moh,Perlis,Perlis
0,2018-01-01,hospital_non_moh,Perlis,Perlis
0,2019-01-01,hospital_non_moh,Perlis,Perlis
0,2020-01-01,hospital_non_moh,Perlis,Perlis
0,2021-01-01,hospital_non_moh,Perlis,Perlis
0,2022-01-01,hospital_non_moh,Perlis,Perlis
0,2015-01-01,special_medical_institution,Perlis,Perlis
0,2016-01-01,special_medical_institution,Perlis,Perlis
0,2017-01-01,special_medical_institution,Perlis,Perlis
0,2018-01-01,special_medical_institution,Perlis,Perlis
0,2019-01-01,special_medical_institution,Perlis,Perlis
0,2020-01-01,special_medical_institution,Perlis,Perlis
0,2021-01-01,special_medical_institution,Perlis,Perlis
0,2022-01-01,special_medical_institution,Perlis,Perlis
2046,2015-01-01,all,Pulau Pinang,All Districts
2130,2016-01-01,all,Pulau Pinang,All Districts
2065,2017-01-01,all,Pulau Pinang,All Districts
2118,2018-01-01,all,Pulau Pinang,All Districts
2113,2019-01-01,all,Pulau Pinang,All Districts
2113,2020-01-01,all,Pulau Pinang,All Districts
2133,2021-01-01,all,Pulau Pinang,All Districts
2138,2022-01-01,all,Pulau Pinang,All Districts
2046,2015-01-01,hospital_moh,Pulau Pinang,All Districts
2130,2016-01-01,hospital_moh,Pulau Pinang,All Districts
2065,2017-01-01,hospital_moh,Pulau Pinang,All Districts
2118,2018-01-01,hospital_moh,Pulau Pinang,All Districts
2113,2019-01-01,hospital_moh,Pulau Pinang,All Districts
2113,2020-01-01,hospital_moh,Pulau Pinang,All Districts
2133,2021-01-01,hospital_moh,Pulau Pinang,All Districts
2138,2022-01-01,hospital_moh,Pulau Pinang,All Districts
0,2015-01-01,hospital_non_moh,Pulau Pinang,All Districts
0,2016-01-01,hospital_non_moh,Pulau Pinang,All Districts
0,2017-01-01,hospital_non_moh,Pulau Pinang,All Districts
0,2018-01-01,hospital_non_moh,Pulau Pinang,All Districts
0,2019-01-01,hospital_non_moh,Pulau Pinang,All Districts
0,2020-01-01,hospital_non_moh,Pulau Pinang,All Districts
0,2021-01-01,hospital_non_moh,Pulau Pinang,All Districts
0,2022-01-01,hospital_non_moh,Pulau Pinang,All Districts
0,2015-01-01,special_medical_institution,Pulau Pinang,All Districts
0,2016-01-01,special_medical_institution,Pulau Pinang,All Districts
0,2017-01-01,special_medical_institution,Pulau Pinang,All Districts
0,2018-01-01,special_medical_institution,Pulau Pinang,All Districts
0,2019-01-01,special_medical_institution,Pulau Pinang,All Districts
0,2020-01-01,special_medical_institution,Pulau Pinang,All Districts
0,2021-01-01,special_medical_institution,Pulau Pinang,All Districts
0,2022-01-01,special_medical_institution,Pulau Pinang,All Districts
71,2015-01-01,all,Pulau Pinang,Barat Daya
81,2016-01-01,all,Pulau Pinang,Barat Daya
81,2017-01-01,all,Pulau Pinang,Barat Daya
81,2018-01-01,all,Pulau Pinang,Barat Daya
81,2019-01-01,all,Pulau Pinang,Barat Daya
81,2020-01-01,all,Pulau Pinang,Barat Daya
81,2021-01-01,all,Pulau Pinang,Barat Daya
81,2022-01-01,all,Pulau Pinang,Barat Daya
71,2015-01-01,hospital_moh,Pulau Pinang,Barat Daya
81,2016-01-01,hospital_moh,Pulau Pinang,Barat Daya
81,2017-01-01,hospital_moh,Pulau Pinang,Barat Daya
81,2018-01-01,hospital_moh,Pulau Pinang,Barat Daya
81,2019-01-01,hospital_moh,Pulau Pinang,Barat Daya
81,2020-01-01,hospital_moh,Pulau Pinang,Barat Daya
81,2021-01-01,hospital_moh,Pulau Pinang,Barat Daya
81,2022-01-01,hospital_moh,Pulau Pinang,Barat Daya
0,2015-01-01,hospital_non_moh,Pulau Pinang,Barat Daya
0,2016-01-01,hospital_non_moh,Pulau Pinang,Barat Daya
0,2017-01-01,hospital_non_moh,Pulau Pinang,Barat Daya
0,2018-01-01,hospital_non_moh,Pulau Pinang,Barat Daya
0,2019-01-01,hospital_non_moh,Pulau Pinang,Barat Daya
0,2020-01-01,hospital_non_moh,Pulau Pinang,Barat Daya
0,2021-01-01,hospital_non_moh,Pulau Pinang,Barat Daya
0,2022-01-01,hospital_non_moh,Pulau Pinang,Barat Daya
0,2015-01-01,special_medical_institution,Pulau Pinang,Barat Daya
0,2016-01-01,special_medical_institution,Pulau Pinang,Barat Daya
0,2017-01-01,special_medical_institution,Pulau Pinang,Barat Daya
0,2018-01-01,special_medical_institution,Pulau Pinang,Barat Daya
0,2019-01-01,special_medical_institution,Pulau Pinang,Barat Daya
0,2020-01-01,special_medical_institution,Pulau Pinang,Barat Daya
0,2021-01-01,special_medical_institution,Pulau Pinang,Barat Daya
0,2022-01-01,special_medical_institution,Pulau Pinang,Barat Daya
105,2015-01-01,all,Pulau Pinang,Seberang Perai Selatan
105,2016-01-01,all,Pulau Pinang,Seberang Perai Selatan
105,2017-01-01,all,Pulau Pinang,Seberang Perai Selatan
105,2018-01-01,all,Pulau Pinang,Seberang Perai Selatan
105,2019-01-01,all,Pulau Pinang,Seberang Perai Selatan
105,2020-01-01,all,Pulau Pinang,Seberang Perai Selatan
105,2021-01-01,all,Pulau Pinang,Seberang Perai Selatan
105,2022-01-01,all,Pulau Pinang,Seberang Perai Selatan
105,2015-01-01,hospital_moh,Pulau Pinang,Seberang Perai Selatan
105,2016-01-01,hospital_moh,Pulau Pinang,Seberang Perai Selatan
105,2017-01-01,hospital_moh,Pulau Pinang,Seberang Perai Selatan
105,2018-01-01,hospital_moh,Pulau Pinang,Seberang Perai Selatan
105,2019-01-01,hospital_moh,Pulau Pinang,Seberang Perai Selatan
105,2020-01-01,hospital_moh,Pulau Pinang,Seberang Perai Selatan
105,2021-01-01,hospital_moh,Pulau Pinang,Seberang Perai Selatan
105,2022-01-01,hospital_moh,Pulau Pinang,Seberang Perai Selatan
0,2015-01-01,hospital_non_moh,Pulau Pinang,Seberang Perai Selatan
0,2016-01-01,hospital_non_moh,Pulau Pinang,Seberang Perai Selatan
0,2017-01-01,hospital_non_moh,Pulau Pinang,Seberang Perai Selatan
0,2018-01-01,hospital_non_moh,Pulau Pinang,Seberang Perai Selatan
0,2019-01-01,hospital_non_moh,Pulau Pinang,Seberang Perai Selatan
0,2020-01-01,hospital_non_moh,Pulau Pinang,Seberang Perai Selatan
0,2021-01-01,hospital_non_moh,Pulau Pinang,Seberang Perai Selatan
0,2022-01-01,hospital_non_moh,Pulau Pinang,Seberang Perai Selatan
0,2015-01-01,special_medical_institution,Pulau Pinang,Seberang Perai Selatan
0,2016-01-01,special_medical_institution,Pulau Pinang,Seberang Perai Selatan
0,2017-01-01,special_medical_institution,Pulau Pinang,Seberang Perai Selatan
0,2018-01-01,special_medical_institution,Pulau Pinang,Seberang Perai Selatan
0,2019-01-01,special_medical_institution,Pulau Pinang,Seberang Perai Selatan
0,2020-01-01,special_medical_institution,Pulau Pinang,Seberang Perai Selatan
0,2021-01-01,special_medical_institution,Pulau Pinang,Seberang Perai Selatan
0,2022-01-01,special_medical_institution,Pulau Pinang,Seberang Perai Selatan
564,2015-01-01,all,Pulau Pinang,Seberang Perai Tengah
635,2016-01-01,all,Pulau Pinang,Seberang Perai Tengah
635,2017-01-01,all,Pulau Pinang,Seberang Perai Tengah
635,2018-01-01,all,Pulau Pinang,Seberang Perai Tengah
635,2019-01-01,all,Pulau Pinang,Seberang Perai Tengah
635,2020-01-01,all,Pulau Pinang,Seberang Perai Tengah
655,2021-01-01,all,Pulau Pinang,Seberang Perai Tengah
655,2022-01-01,all,Pulau Pinang,Seberang Perai Tengah
564,2015-01-01,hospital_moh,Pulau Pinang,Seberang Perai Tengah
635,2016-01-01,hospital_moh,Pulau Pinang,Seberang Perai Tengah
635,2017-01-01,hospital_moh,Pulau Pinang,Seberang Perai Tengah
635,2018-01-01,hospital_moh,Pulau Pinang,Seberang Perai Tengah
635,2019-01-01,hospital_moh,Pulau Pinang,Seberang Perai Tengah
635,2020-01-01,hospital_moh,Pulau Pinang,Seberang Perai Tengah
655,2021-01-01,hospital_moh,Pulau Pinang,Seberang Perai Tengah
655,2022-01-01,hospital_moh,Pulau Pinang,Seberang Perai Tengah
0,2015-01-01,hospital_non_moh,Pulau Pinang,Seberang Perai Tengah
0,2016-01-01,hospital_non_moh,Pulau Pinang,Seberang Perai Tengah
0,2017-01-01,hospital_non_moh,Pulau Pinang,Seberang Perai Tengah
0,2018-01-01,hospital_non_moh,Pulau Pinang,Seberang Perai Tengah
0,2019-01-01,hospital_non_moh,Pulau Pinang,Seberang Perai Tengah
0,2020-01-01,hospital_non_moh,Pulau Pinang,Seberang Perai Tengah
0,2021-01-01,hospital_non_moh,Pulau Pinang,Seberang Perai Tengah
0,2022-01-01,hospital_non_moh,Pulau Pinang,Seberang Perai Tengah
0,2015-01-01,special_medical_institution,Pulau Pinang,Seberang Perai Tengah
0,2016-01-01,special_medical_institution,Pulau Pinang,Seberang Perai Tengah
0,2017-01-01,special_medical_institution,Pulau Pinang,Seberang Perai Tengah
0,2018-01-01,special_medical_institution,Pulau Pinang,Seberang Perai Tengah
0,2019-01-01,special_medical_institution,Pulau Pinang,Seberang Perai Tengah
0,2020-01-01,special_medical_institution,Pulau Pinang,Seberang Perai Tengah
0,2021-01-01,special_medical_institution,Pulau Pinang,Seberang Perai Tengah
0,2022-01-01,special_medical_institution,Pulau Pinang,Seberang Perai Tengah
108,2015-01-01,all,Pulau Pinang,Seberang Perai Utara (Butterworth)
108,2016-01-01,all,Pulau Pinang,Seberang Perai Utara (Butterworth)
108,2017-01-01,all,Pulau Pinang,Seberang Perai Utara (Butterworth)
134,2018-01-01,all,Pulau Pinang,Seberang Perai Utara (Butterworth)
134,2019-01-01,all,Pulau Pinang,Seberang Perai Utara (Butterworth)
134,2020-01-01,all,Pulau Pinang,Seberang Perai Utara (Butterworth)
134,2021-01-01,all,Pulau Pinang,Seberang Perai Utara (Butterworth)
134,2022-01-01,all,Pulau Pinang,Seberang Perai Utara (Butterworth)
108,2015-01-01,hospital_moh,Pulau Pinang,Seberang Perai Utara (Butterworth)
108,2016-01-01,hospital_moh,Pulau Pinang,Seberang Perai Utara (Butterworth)
108,2017-01-01,hospital_moh,Pulau Pinang,Seberang Perai Utara (Butterworth)
134,2018-01-01,hospital_moh,Pulau Pinang,Seberang Perai Utara (Butterworth)
134,2019-01-01,hospital_moh,Pulau Pinang,Seberang Perai Utara (Butterworth)
134,2020-01-01,hospital_moh,Pulau Pinang,Seberang Perai Utara (Butterworth)
134,2021-01-01,hospital_moh,Pulau Pinang,Seberang Perai Utara (Butterworth)
134,2022-01-01,hospital_moh,Pulau Pinang,Seberang Perai Utara (Butterworth)
0,2015-01-01,hospital_non_moh,Pulau Pinang,Seberang Perai Utara (Butterworth)
0,2016-01-01,hospital_non_moh,Pulau Pinang,Seberang Perai Utara (Butterworth)
0,2017-01-01,hospital_non_moh,Pulau Pinang,Seberang Perai Utara (Butterworth)
0,2018-01-01,hospital_non_moh,Pulau Pinang,Seberang Perai Utara (Butterworth)
0,2019-01-01,hospital_non_moh,Pulau Pinang,Seberang Perai Utara (Butterworth)
0,2020-01-01,hospital_non_moh,Pulau Pinang,Seberang Perai Utara (Butterworth)
0,2021-01-01,hospital_non_moh,Pulau Pinang,Seberang Perai Utara (Butterworth)
0,2022-01-01,hospital_non_moh,Pulau Pinang,Seberang Perai Utara (Butterworth)
0,2015-01-01,special_medical_institution,Pulau Pinang,Seberang Perai Utara (Butterworth)
0,2016-01-01,special_medical_institution,Pulau Pinang,Seberang Perai Utara (Butterworth)
0,2017-01-01,special_medical_institution,Pulau Pinang,Seberang Perai Utara (Butterworth)
0,2018-01-01,special_medical_institution,Pulau Pinang,Seberang Perai Utara (Butterworth)
0,2019-01-01,special_medical_institution,Pulau Pinang,Seberang Perai Utara (Butterworth)
0,2020-01-01,special_medical_institution,Pulau Pinang,Seberang Perai Utara (Butterworth)
0,2021-01-01,special_medical_institution,Pulau Pinang,Seberang Perai Utara (Butterworth)
0,2022-01-01,special_medical_institution,Pulau Pinang,Seberang Perai Utara (Butterworth)
1198,2015-01-01,all,Pulau Pinang,Timur Laut (Georgetown)
1201,2016-01-01,all,Pulau Pinang,Timur Laut (Georgetown)
1136,2017-01-01,all,Pulau Pinang,Timur Laut (Georgetown)
1163,2018-01-01,all,Pulau Pinang,Timur Laut (Georgetown)
1158,2019-01-01,all,Pulau Pinang,Timur Laut (Georgetown)
1158,2020-01-01,all,Pulau Pinang,Timur Laut (Georgetown)
1158,2021-01-01,all,Pulau Pinang,Timur Laut (Georgetown)
1163,2022-01-01,all,Pulau Pinang,Timur Laut (Georgetown)
1198,2015-01-01,hospital_moh,Pulau Pinang,Timur Laut (Georgetown)
1201,2016-01-01,hospital_moh,Pulau Pinang,Timur Laut (Georgetown)
1136,2017-01-01,hospital_moh,Pulau Pinang,Timur Laut (Georgetown)
1163,2018-01-01,hospital_moh,Pulau Pinang,Timur Laut (Georgetown)
1158,2019-01-01,hospital_moh,Pulau Pinang,Timur Laut (Georgetown)
1158,2020-01-01,hospital_moh,Pulau Pinang,Timur Laut (Georgetown)
1158,2021-01-01,hospital_moh,Pulau Pinang,Timur Laut (Georgetown)
1163,2022-01-01,hospital_moh,Pulau Pinang,Timur Laut (Georgetown)
0,2015-01-01,hospital_non_moh,Pulau Pinang,Timur Laut (Georgetown)
0,2016-01-01,hospital_non_moh,Pulau Pinang,Timur Laut (Georgetown)
0,2017-01-01,hospital_non_moh,Pulau Pinang,Timur Laut (Georgetown)
0,2018-01-01,hospital_non_moh,Pulau Pinang,Timur Laut (Georgetown)
0,2019-01-01,hospital_non_moh,Pulau Pinang,Timur Laut (Georgetown)
0,2020-01-01,hospital_non_moh,Pulau Pinang,Timur Laut (Georgetown)
0,2021-01-01,hospital_non_moh,Pulau Pinang,Timur Laut (Georgetown)
0,2022-01-01,hospital_non_moh,Pulau Pinang,Timur Laut (Georgetown)
0,2015-01-01,special_medical_institution,Pulau Pinang,Timur Laut (Georgetown)
0,2016-01-01,special_medical_institution,Pulau Pinang,Timur Laut (Georgetown)
0,2017-01-01,special_medical_institution,Pulau Pinang,Timur Laut (Georgetown)
0,2018-01-01,special_medical_institution,Pulau Pinang,Timur Laut (Georgetown)
0,2019-01-01,special_medical_institution,Pulau Pinang,Timur Laut (Georgetown)
0,2020-01-01,special_medical_institution,Pulau Pinang,Timur Laut (Georgetown)
0,2021-01-01,special_medical_institution,Pulau Pinang,Timur Laut (Georgetown)
0,2022-01-01,special_medical_institution,Pulau Pinang,Timur Laut (Georgetown)
4671,2015-01-01,all,Sabah,All Districts
4815,2016-01-01,all,Sabah,All Districts
4877,2017-01-01,all,Sabah,All Districts
4848,2018-01-01,all,Sabah,All Districts
4876,2019-01-01,all,Sabah,All Districts
5013,2020-01-01,all,Sabah,All Districts
5023,2021-01-01,all,Sabah,All Districts
5053,2022-01-01,all,Sabah,All Districts
3825,2015-01-01,hospital_moh,Sabah,All Districts
3989,2016-01-01,hospital_moh,Sabah,All Districts
3931,2017-01-01,hospital_moh,Sabah,All Districts
3894,2018-01-01,hospital_moh,Sabah,All Districts
3922,2019-01-01,hospital_moh,Sabah,All Districts
4013,2020-01-01,hospital_moh,Sabah,All Districts
4043,2021-01-01,hospital_moh,Sabah,All Districts
4053,2022-01-01,hospital_moh,Sabah,All Districts
40,2015-01-01,hospital_non_moh,Sabah,All Districts
20,2016-01-01,hospital_non_moh,Sabah,All Districts
20,2017-01-01,hospital_non_moh,Sabah,All Districts
40,2018-01-01,hospital_non_moh,Sabah,All Districts
40,2019-01-01,hospital_non_moh,Sabah,All Districts
40,2020-01-01,hospital_non_moh,Sabah,All Districts
20,2021-01-01,hospital_non_moh,Sabah,All Districts
40,2022-01-01,hospital_non_moh,Sabah,All Districts
806,2015-01-01,special_medical_institution,Sabah,All Districts
806,2016-01-01,special_medical_institution,Sabah,All Districts
926,2017-01-01,special_medical_institution,Sabah,All Districts
914,2018-01-01,special_medical_institution,Sabah,All Districts
914,2019-01-01,special_medical_institution,Sabah,All Districts
960,2020-01-01,special_medical_institution,Sabah,All Districts
960,2021-01-01,special_medical_institution,Sabah,All Districts
960,2022-01-01,special_medical_institution,Sabah,All Districts
275,2015-01-01,all,Sabah,Beaufort
275,2016-01-01,all,Sabah,Beaufort
184,2017-01-01,all,Sabah,Beaufort
184,2018-01-01,all,Sabah,Beaufort
184,2019-01-01,all,Sabah,Beaufort
275,2020-01-01,all,Sabah,Beaufort
275,2021-01-01,all,Sabah,Beaufort
275,2022-01-01,all,Sabah,Beaufort
275,2015-01-01,hospital_moh,Sabah,Beaufort
275,2016-01-01,hospital_moh,Sabah,Beaufort
184,2017-01-01,hospital_moh,Sabah,Beaufort
184,2018-01-01,hospital_moh,Sabah,Beaufort
184,2019-01-01,hospital_moh,Sabah,Beaufort
275,2020-01-01,hospital_moh,Sabah,Beaufort
275,2021-01-01,hospital_moh,Sabah,Beaufort
275,2022-01-01,hospital_moh,Sabah,Beaufort
0,2015-01-01,hospital_non_moh,Sabah,Beaufort
0,2016-01-01,hospital_non_moh,Sabah,Beaufort
0,2017-01-01,hospital_non_moh,Sabah,Beaufort
0,2018-01-01,hospital_non_moh,Sabah,Beaufort
0,2019-01-01,hospital_non_moh,Sabah,Beaufort
0,2020-01-01,hospital_non_moh,Sabah,Beaufort
0,2021-01-01,hospital_non_moh,Sabah,Beaufort
0,2022-01-01,hospital_non_moh,Sabah,Beaufort
0,2015-01-01,special_medical_institution,Sabah,Beaufort
0,2016-01-01,special_medical_institution,Sabah,Beaufort
0,2017-01-01,special_medical_institution,Sabah,Beaufort
0,2018-01-01,special_medical_institution,Sabah,Beaufort
0,2019-01-01,special_medical_institution,Sabah,Beaufort
0,2020-01-01,special_medical_institution,Sabah,Beaufort
0,2021-01-01,special_medical_institution,Sabah,Beaufort
0,2022-01-01,special_medical_institution,Sabah,Beaufort
52,2015-01-01,all,Sabah,Beluran
52,2016-01-01,all,Sabah,Beluran
46,2017-01-01,all,Sabah,Beluran
52,2018-01-01,all,Sabah,Beluran
52,2019-01-01,all,Sabah,Beluran
52,2020-01-01,all,Sabah,Beluran
52,2021-01-01,all,Sabah,Beluran
52,2022-01-01,all,Sabah,Beluran
52,2015-01-01,hospital_moh,Sabah,Beluran
52,2016-01-01,hospital_moh,Sabah,Beluran
46,2017-01-01,hospital_moh,Sabah,Beluran
52,2018-01-01,hospital_moh,Sabah,Beluran
52,2019-01-01,hospital_moh,Sabah,Beluran
52,2020-01-01,hospital_moh,Sabah,Beluran
52,2021-01-01,hospital_moh,Sabah,Beluran
52,2022-01-01,hospital_moh,Sabah,Beluran
0,2015-01-01,hospital_non_moh,Sabah,Beluran
0,2016-01-01,hospital_non_moh,Sabah,Beluran
0,2017-01-01,hospital_non_moh,Sabah,Beluran
0,2018-01-01,hospital_non_moh,Sabah,Beluran
0,2019-01-01,hospital_non_moh,Sabah,Beluran
0,2020-01-01,hospital_non_moh,Sabah,Beluran
0,2021-01-01,hospital_non_moh,Sabah,Beluran
0,2022-01-01,hospital_non_moh,Sabah,Beluran
0,2015-01-01,special_medical_institution,Sabah,Beluran
0,2016-01-01,special_medical_institution,Sabah,Beluran
0,2017-01-01,special_medical_institution,Sabah,Beluran
0,2018-01-01,special_medical_institution,Sabah,Beluran
0,2019-01-01,special_medical_institution,Sabah,Beluran
0,2020-01-01,special_medical_institution,Sabah,Beluran
0,2021-01-01,special_medical_institution,Sabah,Beluran
0,2022-01-01,special_medical_institution,Sabah,Beluran
212,2015-01-01,all,Sabah,Keningau
212,2016-01-01,all,Sabah,Keningau
212,2017-01-01,all,Sabah,Keningau
212,2018-01-01,all,Sabah,Keningau
212,2019-01-01,all,Sabah,Keningau
212,2020-01-01,all,Sabah,Keningau
216,2021-01-01,all,Sabah,Keningau
216,2022-01-01,all,Sabah,Keningau
212,2015-01-01,hospital_moh,Sabah,Keningau
212,2016-01-01,hospital_moh,Sabah,Keningau
212,2017-01-01,hospital_moh,Sabah,Keningau
212,2018-01-01,hospital_moh,Sabah,Keningau
212,2019-01-01,hospital_moh,Sabah,Keningau
212,2020-01-01,hospital_moh,Sabah,Keningau
216,2021-01-01,hospital_moh,Sabah,Keningau
216,2022-01-01,hospital_moh,Sabah,Keningau
0,2015-01-01,hospital_non_moh,Sabah,Keningau
0,2016-01-01,hospital_non_moh,Sabah,Keningau
0,2017-01-01,hospital_non_moh,Sabah,Keningau
0,2018-01-01,hospital_non_moh,Sabah,Keningau
0,2019-01-01,hospital_non_moh,Sabah,Keningau
0,2020-01-01,hospital_non_moh,Sabah,Keningau
0,2021-01-01,hospital_non_moh,Sabah,Keningau
0,2022-01-01,hospital_non_moh,Sabah,Keningau
0,2015-01-01,special_medical_institution,Sabah,Keningau
0,2016-01-01,special_medical_institution,Sabah,Keningau
0,2017-01-01,special_medical_institution,Sabah,Keningau
0,2018-01-01,special_medical_institution,Sabah,Keningau
0,2019-01-01,special_medical_institution,Sabah,Keningau
0,2020-01-01,special_medical_institution,Sabah,Keningau
0,2021-01-01,special_medical_institution,Sabah,Keningau
0,2022-01-01,special_medical_institution,Sabah,Keningau
68,2015-01-01,all,Sabah,Kinabatangan
68,2016-01-01,all,Sabah,Kinabatangan
68,2017-01-01,all,Sabah,Kinabatangan
68,2018-01-01,all,Sabah,Kinabatangan
68,2019-01-01,all,Sabah,Kinabatangan
68,2020-01-01,all,Sabah,Kinabatangan
68,2021-01-01,all,Sabah,Kinabatangan
68,2022-01-01,all,Sabah,Kinabatangan
68,2015-01-01,hospital_moh,Sabah,Kinabatangan
68,2016-01-01,hospital_moh,Sabah,Kinabatangan
68,2017-01-01,hospital_moh,Sabah,Kinabatangan
68,2018-01-01,hospital_moh,Sabah,Kinabatangan
68,2019-01-01,hospital_moh,Sabah,Kinabatangan
68,2020-01-01,hospital_moh,Sabah,Kinabatangan
68,2021-01-01,hospital_moh,Sabah,Kinabatangan
68,2022-01-01,hospital_moh,Sabah,Kinabatangan
0,2015-01-01,hospital_non_moh,Sabah,Kinabatangan
0,2016-01-01,hospital_non_moh,Sabah,Kinabatangan
0,2017-01-01,hospital_non_moh,Sabah,Kinabatangan
0,2018-01-01,hospital_non_moh,Sabah,Kinabatangan
0,2019-01-01,hospital_non_moh,Sabah,Kinabatangan
0,2020-01-01,hospital_non_moh,Sabah,Kinabatangan
0,2021-01-01,hospital_non_moh,Sabah,Kinabatangan
0,2022-01-01,hospital_non_moh,Sabah,Kinabatangan
0,2015-01-01,special_medical_institution,Sabah,Kinabatangan
0,2016-01-01,special_medical_institution,Sabah,Kinabatangan
0,2017-01-01,special_medical_institution,Sabah,Kinabatangan
0,2018-01-01,special_medical_institution,Sabah,Kinabatangan
0,2019-01-01,special_medical_institution,Sabah,Kinabatangan
0,2020-01-01,special_medical_institution,Sabah,Kinabatangan
0,2021-01-01,special_medical_institution,Sabah,Kinabatangan
0,2022-01-01,special_medical_institution,Sabah,Kinabatangan
172,2015-01-01,all,Sabah,Kota Belud
172,2016-01-01,all,Sabah,Kota Belud
172,2017-01-01,all,Sabah,Kota Belud
172,2018-01-01,all,Sabah,Kota Belud
172,2019-01-01,all,Sabah,Kota Belud
172,2020-01-01,all,Sabah,Kota Belud
172,2021-01-01,all,Sabah,Kota Belud
172,2022-01-01,all,Sabah,Kota Belud
172,2015-01-01,hospital_moh,Sabah,Kota Belud
172,2016-01-01,hospital_moh,Sabah,Kota Belud
172,2017-01-01,hospital_moh,Sabah,Kota Belud
172,2018-01-01,hospital_moh,Sabah,Kota Belud
172,2019-01-01,hospital_moh,Sabah,Kota Belud
172,2020-01-01,hospital_moh,Sabah,Kota Belud
172,2021-01-01,hospital_moh,Sabah,Kota Belud
172,2022-01-01,hospital_moh,Sabah,Kota Belud
0,2015-01-01,hospital_non_moh,Sabah,Kota Belud
0,2016-01-01,hospital_non_moh,Sabah,Kota Belud
0,2017-01-01,hospital_non_moh,Sabah,Kota Belud
0,2018-01-01,hospital_non_moh,Sabah,Kota Belud
0,2019-01-01,hospital_non_moh,Sabah,Kota Belud
0,2020-01-01,hospital_non_moh,Sabah,Kota Belud
0,2021-01-01,hospital_non_moh,Sabah,Kota Belud
0,2022-01-01,hospital_non_moh,Sabah,Kota Belud
0,2015-01-01,special_medical_institution,Sabah,Kota Belud
0,2016-01-01,special_medical_institution,Sabah,Kota Belud
0,2017-01-01,special_medical_institution,Sabah,Kota Belud
0,2018-01-01,special_medical_institution,Sabah,Kota Belud
0,2019-01-01,special_medical_institution,Sabah,Kota Belud
0,2020-01-01,special_medical_institution,Sabah,Kota Belud
0,2021-01-01,special_medical_institution,Sabah,Kota Belud
0,2022-01-01,special_medical_institution,Sabah,Kota Belud
1835,2015-01-01,all,Sabah,Kota Kinabalu
2001,2016-01-01,all,Sabah,Kota Kinabalu
2106,2017-01-01,all,Sabah,Kota Kinabalu
2129,2018-01-01,all,Sabah,Kota Kinabalu
2129,2019-01-01,all,Sabah,Kota Kinabalu
2175,2020-01-01,all,Sabah,Kota Kinabalu
2155,2021-01-01,all,Sabah,Kota Kinabalu
2175,2022-01-01,all,Sabah,Kota Kinabalu
989,2015-01-01,hospital_moh,Sabah,Kota Kinabalu
1175,2016-01-01,hospital_moh,Sabah,Kota Kinabalu
1160,2017-01-01,hospital_moh,Sabah,Kota Kinabalu
1175,2018-01-01,hospital_moh,Sabah,Kota Kinabalu
1175,2019-01-01,hospital_moh,Sabah,Kota Kinabalu
1175,2020-01-01,hospital_moh,Sabah,Kota Kinabalu
1175,2021-01-01,hospital_moh,Sabah,Kota Kinabalu
1175,2022-01-01,hospital_moh,Sabah,Kota Kinabalu
40,2015-01-01,hospital_non_moh,Sabah,Kota Kinabalu
20,2016-01-01,hospital_non_moh,Sabah,Kota Kinabalu
20,2017-01-01,hospital_non_moh,Sabah,Kota Kinabalu
40,2018-01-01,hospital_non_moh,Sabah,Kota Kinabalu
40,2019-01-01,hospital_non_moh,Sabah,Kota Kinabalu
40,2020-01-01,hospital_non_moh,Sabah,Kota Kinabalu
20,2021-01-01,hospital_non_moh,Sabah,Kota Kinabalu
40,2022-01-01,hospital_non_moh,Sabah,Kota Kinabalu
806,2015-01-01,special_medical_institution,Sabah,Kota Kinabalu
806,2016-01-01,special_medical_institution,Sabah,Kota Kinabalu
926,2017-01-01,special_medical_institution,Sabah,Kota Kinabalu
914,2018-01-01,special_medical_institution,Sabah,Kota Kinabalu
914,2019-01-01,special_medical_institution,Sabah,Kota Kinabalu
960,2020-01-01,special_medical_institution,Sabah,Kota Kinabalu
960,2021-01-01,special_medical_institution,Sabah,Kota Kinabalu
960,2022-01-01,special_medical_institution,Sabah,Kota Kinabalu
97,2015-01-01,all,Sabah,Kota Marudu
97,2016-01-01,all,Sabah,Kota Marudu
97,2017-01-01,all,Sabah,Kota Marudu
97,2018-01-01,all,Sabah,Kota Marudu
97,2019-01-01,all,Sabah,Kota Marudu
97,2020-01-01,all,Sabah,Kota Marudu
97,2021-01-01,all,Sabah,Kota Marudu
97,2022-01-01,all,Sabah,Kota Marudu
97,2015-01-01,hospital_moh,Sabah,Kota Marudu
97,2016-01-01,hospital_moh,Sabah,Kota Marudu
97,2017-01-01,hospital_moh,Sabah,Kota Marudu
97,2018-01-01,hospital_moh,Sabah,Kota Marudu
97,2019-01-01,hospital_moh,Sabah,Kota Marudu
97,2020-01-01,hospital_moh,Sabah,Kota Marudu
97,2021-01-01,hospital_moh,Sabah,Kota Marudu
97,2022-01-01,hospital_moh,Sabah,Kota Marudu
0,2015-01-01,hospital_non_moh,Sabah,Kota Marudu
0,2016-01-01,hospital_non_moh,Sabah,Kota Marudu
0,2017-01-01,hospital_non_moh,Sabah,Kota Marudu
0,2018-01-01,hospital_non_moh,Sabah,Kota Marudu
0,2019-01-01,hospital_non_moh,Sabah,Kota Marudu
0,2020-01-01,hospital_non_moh,Sabah,Kota Marudu
0,2021-01-01,hospital_non_moh,Sabah,Kota Marudu
0,2022-01-01,hospital_non_moh,Sabah,Kota Marudu
0,2015-01-01,special_medical_institution,Sabah,Kota Marudu
0,2016-01-01,special_medical_institution,Sabah,Kota Marudu
0,2017-01-01,special_medical_institution,Sabah,Kota Marudu
0,2018-01-01,special_medical_institution,Sabah,Kota Marudu
0,2019-01-01,special_medical_institution,Sabah,Kota Marudu
0,2020-01-01,special_medical_institution,Sabah,Kota Marudu
0,2021-01-01,special_medical_institution,Sabah,Kota Marudu
0,2022-01-01,special_medical_institution,Sabah,Kota Marudu
48,2015-01-01,all,Sabah,Kota Penyu
48,2016-01-01,all,Sabah,Kota Penyu
48,2017-01-01,all,Sabah,Kota Penyu
48,2018-01-01,all,Sabah,Kota Penyu
48,2019-01-01,all,Sabah,Kota Penyu
48,2020-01-01,all,Sabah,Kota Penyu
48,2021-01-01,all,Sabah,Kota Penyu
48,2022-01-01,all,Sabah,Kota Penyu
48,2015-01-01,hospital_moh,Sabah,Kota Penyu
48,2016-01-01,hospital_moh,Sabah,Kota Penyu
48,2017-01-01,hospital_moh,Sabah,Kota Penyu
48,2018-01-01,hospital_moh,Sabah,Kota Penyu
48,2019-01-01,hospital_moh,Sabah,Kota Penyu
48,2020-01-01,hospital_moh,Sabah,Kota Penyu
48,2021-01-01,hospital_moh,Sabah,Kota Penyu
48,2022-01-01,hospital_moh,Sabah,Kota Penyu
0,2015-01-01,hospital_non_moh,Sabah,Kota Penyu
0,2016-01-01,hospital_non_moh,Sabah,Kota Penyu
0,2017-01-01,hospital_non_moh,Sabah,Kota Penyu
0,2018-01-01,hospital_non_moh,Sabah,Kota Penyu
0,2019-01-01,hospital_non_moh,Sabah,Kota Penyu
0,2020-01-01,hospital_non_moh,Sabah,Kota Penyu
0,2021-01-01,hospital_non_moh,Sabah,Kota Penyu
0,2022-01-01,hospital_non_moh,Sabah,Kota Penyu
0,2015-01-01,special_medical_institution,Sabah,Kota Penyu
0,2016-01-01,special_medical_institution,Sabah,Kota Penyu
0,2017-01-01,special_medical_institution,Sabah,Kota Penyu
0,2018-01-01,special_medical_institution,Sabah,Kota Penyu
0,2019-01-01,special_medical_institution,Sabah,Kota Penyu
0,2020-01-01,special_medical_institution,Sabah,Kota Penyu
0,2021-01-01,special_medical_institution,Sabah,Kota Penyu
0,2022-01-01,special_medical_institution,Sabah,Kota Penyu
180,2015-01-01,all,Sabah,Kudat
180,2016-01-01,all,Sabah,Kudat
180,2017-01-01,all,Sabah,Kudat
180,2018-01-01,all,Sabah,Kudat
180,2019-01-01,all,Sabah,Kudat
180,2020-01-01,all,Sabah,Kudat
180,2021-01-01,all,Sabah,Kudat
180,2022-01-01,all,Sabah,Kudat
180,2015-01-01,hospital_moh,Sabah,Kudat
180,2016-01-01,hospital_moh,Sabah,Kudat
180,2017-01-01,hospital_moh,Sabah,Kudat
180,2018-01-01,hospital_moh,Sabah,Kudat
180,2019-01-01,hospital_moh,Sabah,Kudat
180,2020-01-01,hospital_moh,Sabah,Kudat
180,2021-01-01,hospital_moh,Sabah,Kudat
180,2022-01-01,hospital_moh,Sabah,Kudat
0,2015-01-01,hospital_non_moh,Sabah,Kudat
0,2016-01-01,hospital_non_moh,Sabah,Kudat
0,2017-01-01,hospital_non_moh,Sabah,Kudat
0,2018-01-01,hospital_non_moh,Sabah,Kudat
0,2019-01-01,hospital_non_moh,Sabah,Kudat
0,2020-01-01,hospital_non_moh,Sabah,Kudat
0,2021-01-01,hospital_non_moh,Sabah,Kudat
0,2022-01-01,hospital_non_moh,Sabah,Kudat
0,2015-01-01,special_medical_institution,Sabah,Kudat
0,2016-01-01,special_medical_institution,Sabah,Kudat
0,2017-01-01,special_medical_institution,Sabah,Kudat
0,2018-01-01,special_medical_institution,Sabah,Kudat
0,2019-01-01,special_medical_institution,Sabah,Kudat
0,2020-01-01,special_medical_institution,Sabah,Kudat
0,2021-01-01,special_medical_institution,Sabah,Kudat
0,2022-01-01,special_medical_institution,Sabah,Kudat
48,2015-01-01,all,Sabah,Kunak
48,2016-01-01,all,Sabah,Kunak
48,2017-01-01,all,Sabah,Kunak
48,2018-01-01,all,Sabah,Kunak
48,2019-01-01,all,Sabah,Kunak
48,2020-01-01,all,Sabah,Kunak
48,2021-01-01,all,Sabah,Kunak
48,2022-01-01,all,Sabah,Kunak
48,2015-01-01,hospital_moh,Sabah,Kunak
48,2016-01-01,hospital_moh,Sabah,Kunak
48,2017-01-01,hospital_moh,Sabah,Kunak
48,2018-01-01,hospital_moh,Sabah,Kunak
48,2019-01-01,hospital_moh,Sabah,Kunak
48,2020-01-01,hospital_moh,Sabah,Kunak
48,2021-01-01,hospital_moh,Sabah,Kunak
48,2022-01-01,hospital_moh,Sabah,Kunak
0,2015-01-01,hospital_non_moh,Sabah,Kunak
0,2016-01-01,hospital_non_moh,Sabah,Kunak
0,2017-01-01,hospital_non_moh,Sabah,Kunak
0,2018-01-01,hospital_non_moh,Sabah,Kunak
0,2019-01-01,hospital_non_moh,Sabah,Kunak
0,2020-01-01,hospital_non_moh,Sabah,Kunak
0,2021-01-01,hospital_non_moh,Sabah,Kunak
0,2022-01-01,hospital_non_moh,Sabah,Kunak
0,2015-01-01,special_medical_institution,Sabah,Kunak
0,2016-01-01,special_medical_institution,Sabah,Kunak
0,2017-01-01,special_medical_institution,Sabah,Kunak
0,2018-01-01,special_medical_institution,Sabah,Kunak
0,2019-01-01,special_medical_institution,Sabah,Kunak
0,2020-01-01,special_medical_institution,Sabah,Kunak
0,2021-01-01,special_medical_institution,Sabah,Kunak
0,2022-01-01,special_medical_institution,Sabah,Kunak
268,2015-01-01,all,Sabah,Lahad Datu
268,2016-01-01,all,Sabah,Lahad Datu
268,2017-01-01,all,Sabah,Lahad Datu
240,2018-01-01,all,Sabah,Lahad Datu
268,2019-01-01,all,Sabah,Lahad Datu
268,2020-01-01,all,Sabah,Lahad Datu
268,2021-01-01,all,Sabah,Lahad Datu
268,2022-01-01,all,Sabah,Lahad Datu
268,2015-01-01,hospital_moh,Sabah,Lahad Datu
268,2016-01-01,hospital_moh,Sabah,Lahad Datu
268,2017-01-01,hospital_moh,Sabah,Lahad Datu
240,2018-01-01,hospital_moh,Sabah,Lahad Datu
268,2019-01-01,hospital_moh,Sabah,Lahad Datu
268,2020-01-01,hospital_moh,Sabah,Lahad Datu
268,2021-01-01,hospital_moh,Sabah,Lahad Datu
268,2022-01-01,hospital_moh,Sabah,Lahad Datu
0,2015-01-01,hospital_non_moh,Sabah,Lahad Datu
0,2016-01-01,hospital_non_moh,Sabah,Lahad Datu
0,2017-01-01,hospital_non_moh,Sabah,Lahad Datu
0,2018-01-01,hospital_non_moh,Sabah,Lahad Datu
0,2019-01-01,hospital_non_moh,Sabah,Lahad Datu
0,2020-01-01,hospital_non_moh,Sabah,Lahad Datu
0,2021-01-01,hospital_non_moh,Sabah,Lahad Datu
0,2022-01-01,hospital_non_moh,Sabah,Lahad Datu
0,2015-01-01,special_medical_institution,Sabah,Lahad Datu
0,2016-01-01,special_medical_institution,Sabah,Lahad Datu
0,2017-01-01,special_medical_institution,Sabah,Lahad Datu
0,2018-01-01,special_medical_institution,Sabah,Lahad Datu
0,2019-01-01,special_medical_institution,Sabah,Lahad Datu
0,2020-01-01,special_medical_institution,Sabah,Lahad Datu
0,2021-01-01,special_medical_institution,Sabah,Lahad Datu
0,2022-01-01,special_medical_institution,Sabah,Lahad Datu
0,2015-01-01,all,Sabah,Nabawan
0,2016-01-01,all,Sabah,Nabawan
0,2017-01-01,all,Sabah,Nabawan
0,2018-01-01,all,Sabah,Nabawan
0,2019-01-01,all,Sabah,Nabawan
0,2020-01-01,all,Sabah,Nabawan
0,2021-01-01,all,Sabah,Nabawan
0,2022-01-01,all,Sabah,Nabawan
0,2015-01-01,hospital_moh,Sabah,Nabawan
0,2016-01-01,hospital_moh,Sabah,Nabawan
0,2017-01-01,hospital_moh,Sabah,Nabawan
0,2018-01-01,hospital_moh,Sabah,Nabawan
0,2019-01-01,hospital_moh,Sabah,Nabawan
0,2020-01-01,hospital_moh,Sabah,Nabawan
0,2021-01-01,hospital_moh,Sabah,Nabawan
0,2022-01-01,hospital_moh,Sabah,Nabawan
0,2015-01-01,hospital_non_moh,Sabah,Nabawan
0,2016-01-01,hospital_non_moh,Sabah,Nabawan
0,2017-01-01,hospital_non_moh,Sabah,Nabawan
0,2018-01-01,hospital_non_moh,Sabah,Nabawan
0,2019-01-01,hospital_non_moh,Sabah,Nabawan
0,2020-01-01,hospital_non_moh,Sabah,Nabawan
0,2021-01-01,hospital_non_moh,Sabah,Nabawan
0,2022-01-01,hospital_non_moh,Sabah,Nabawan
0,2015-01-01,special_medical_institution,Sabah,Nabawan
0,2016-01-01,special_medical_institution,Sabah,Nabawan
0,2017-01-01,special_medical_institution,Sabah,Nabawan
0,2018-01-01,special_medical_institution,Sabah,Nabawan
0,2019-01-01,special_medical_institution,Sabah,Nabawan
0,2020-01-01,special_medical_institution,Sabah,Nabawan
0,2021-01-01,special_medical_institution,Sabah,Nabawan
0,2022-01-01,special_medical_institution,Sabah,Nabawan
77,2015-01-01,all,Sabah,Papar
77,2016-01-01,all,Sabah,Papar
77,2017-01-01,all,Sabah,Papar
77,2018-01-01,all,Sabah,Papar
77,2019-01-01,all,Sabah,Papar
77,2020-01-01,all,Sabah,Papar
77,2021-01-01,all,Sabah,Papar
77,2022-01-01,all,Sabah,Papar
77,2015-01-01,hospital_moh,Sabah,Papar
77,2016-01-01,hospital_moh,Sabah,Papar
77,2017-01-01,hospital_moh,Sabah,Papar
77,2018-01-01,hospital_moh,Sabah,Papar
77,2019-01-01,hospital_moh,Sabah,Papar
77,2020-01-01,hospital_moh,Sabah,Papar
77,2021-01-01,hospital_moh,Sabah,Papar
77,2022-01-01,hospital_moh,Sabah,Papar
0,2015-01-01,hospital_non_moh,Sabah,Papar
0,2016-01-01,hospital_non_moh,Sabah,Papar
0,2017-01-01,hospital_non_moh,Sabah,Papar
0,2018-01-01,hospital_non_moh,Sabah,Papar
0,2019-01-01,hospital_non_moh,Sabah,Papar
0,2020-01-01,hospital_non_moh,Sabah,Papar
0,2021-01-01,hospital_non_moh,Sabah,Papar
0,2022-01-01,hospital_non_moh,Sabah,Papar
0,2015-01-01,special_medical_institution,Sabah,Papar
0,2016-01-01,special_medical_institution,Sabah,Papar
0,2017-01-01,special_medical_institution,Sabah,Papar
0,2018-01-01,special_medical_institution,Sabah,Papar
0,2019-01-01,special_medical_institution,Sabah,Papar
0,2020-01-01,special_medical_institution,Sabah,Papar
0,2021-01-01,special_medical_institution,Sabah,Papar
0,2022-01-01,special_medical_institution,Sabah,Papar
0,2015-01-01,all,Sabah,Penampang
0,2016-01-01,all,Sabah,Penampang
0,2017-01-01,all,Sabah,Penampang
0,2018-01-01,all,Sabah,Penampang
0,2019-01-01,all,Sabah,Penampang
0,2020-01-01,all,Sabah,Penampang
0,2021-01-01,all,Sabah,Penampang
0,2022-01-01,all,Sabah,Penampang
0,2015-01-01,hospital_moh,Sabah,Penampang
0,2016-01-01,hospital_moh,Sabah,Penampang
0,2017-01-01,hospital_moh,Sabah,Penampang
0,2018-01-01,hospital_moh,Sabah,Penampang
0,2019-01-01,hospital_moh,Sabah,Penampang
0,2020-01-01,hospital_moh,Sabah,Penampang
0,2021-01-01,hospital_moh,Sabah,Penampang
0,2022-01-01,hospital_moh,Sabah,Penampang
0,2015-01-01,hospital_non_moh,Sabah,Penampang
0,2016-01-01,hospital_non_moh,Sabah,Penampang
0,2017-01-01,hospital_non_moh,Sabah,Penampang
0,2018-01-01,hospital_non_moh,Sabah,Penampang
0,2019-01-01,hospital_non_moh,Sabah,Penampang
0,2020-01-01,hospital_non_moh,Sabah,Penampang
0,2021-01-01,hospital_non_moh,Sabah,Penampang
0,2022-01-01,hospital_non_moh,Sabah,Penampang
0,2015-01-01,special_medical_institution,Sabah,Penampang
0,2016-01-01,special_medical_institution,Sabah,Penampang
0,2017-01-01,special_medical_institution,Sabah,Penampang
0,2018-01-01,special_medical_institution,Sabah,Penampang
0,2019-01-01,special_medical_institution,Sabah,Penampang
0,2020-01-01,special_medical_institution,Sabah,Penampang
0,2021-01-01,special_medical_institution,Sabah,Penampang
0,2022-01-01,special_medical_institution,Sabah,Penampang
48,2015-01-01,all,Sabah,Pitas
48,2016-01-01,all,Sabah,Pitas
72,2017-01-01,all,Sabah,Pitas
72,2018-01-01,all,Sabah,Pitas
72,2019-01-01,all,Sabah,Pitas
72,2020-01-01,all,Sabah,Pitas
72,2021-01-01,all,Sabah,Pitas
72,2022-01-01,all,Sabah,Pitas
48,2015-01-01,hospital_moh,Sabah,Pitas
48,2016-01-01,hospital_moh,Sabah,Pitas
72,2017-01-01,hospital_moh,Sabah,Pitas
72,2018-01-01,hospital_moh,Sabah,Pitas
72,2019-01-01,hospital_moh,Sabah,Pitas
72,2020-01-01,hospital_moh,Sabah,Pitas
72,2021-01-01,hospital_moh,Sabah,Pitas
72,2022-01-01,hospital_moh,Sabah,Pitas
0,2015-01-01,hospital_non_moh,Sabah,Pitas
0,2016-01-01,hospital_non_moh,Sabah,Pitas
0,2017-01-01,hospital_non_moh,Sabah,Pitas
0,2018-01-01,hospital_non_moh,Sabah,Pitas
0,2019-01-01,hospital_non_moh,Sabah,Pitas
0,2020-01-01,hospital_non_moh,Sabah,Pitas
0,2021-01-01,hospital_non_moh,Sabah,Pitas
0,2022-01-01,hospital_non_moh,Sabah,Pitas
0,2015-01-01,special_medical_institution,Sabah,Pitas
0,2016-01-01,special_medical_institution,Sabah,Pitas
0,2017-01-01,special_medical_institution,Sabah,Pitas
0,2018-01-01,special_medical_institution,Sabah,Pitas
0,2019-01-01,special_medical_institution,Sabah,Pitas
0,2020-01-01,special_medical_institution,Sabah,Pitas
0,2021-01-01,special_medical_institution,Sabah,Pitas
0,2022-01-01,special_medical_institution,Sabah,Pitas
0,2015-01-01,all,Sabah,Putatan
0,2016-01-01,all,Sabah,Putatan
0,2017-01-01,all,Sabah,Putatan
0,2018-01-01,all,Sabah,Putatan
0,2019-01-01,all,Sabah,Putatan
0,2020-01-01,all,Sabah,Putatan
0,2021-01-01,all,Sabah,Putatan
0,2022-01-01,all,Sabah,Putatan
0,2015-01-01,hospital_moh,Sabah,Putatan
0,2016-01-01,hospital_moh,Sabah,Putatan
0,2017-01-01,hospital_moh,Sabah,Putatan
0,2018-01-01,hospital_moh,Sabah,Putatan
0,2019-01-01,hospital_moh,Sabah,Putatan
0,2020-01-01,hospital_moh,Sabah,Putatan
0,2021-01-01,hospital_moh,Sabah,Putatan
0,2022-01-01,hospital_moh,Sabah,Putatan
0,2015-01-01,hospital_non_moh,Sabah,Putatan
0,2016-01-01,hospital_non_moh,Sabah,Putatan
0,2017-01-01,hospital_non_moh,Sabah,Putatan
0,2018-01-01,hospital_non_moh,Sabah,Putatan
0,2019-01-01,hospital_non_moh,Sabah,Putatan
0,2020-01-01,hospital_non_moh,Sabah,Putatan
0,2021-01-01,hospital_non_moh,Sabah,Putatan
0,2022-01-01,hospital_non_moh,Sabah,Putatan
0,2015-01-01,special_medical_institution,Sabah,Putatan
0,2016-01-01,special_medical_institution,Sabah,Putatan
0,2017-01-01,special_medical_institution,Sabah,Putatan
0,2018-01-01,special_medical_institution,Sabah,Putatan
0,2019-01-01,special_medical_institution,Sabah,Putatan
0,2020-01-01,special_medical_institution,Sabah,Putatan
0,2021-01-01,special_medical_institution,Sabah,Putatan
0,2022-01-01,special_medical_institution,Sabah,Putatan
110,2015-01-01,all,Sabah,Ranau
110,2016-01-01,all,Sabah,Ranau
110,2017-01-01,all,Sabah,Ranau
110,2018-01-01,all,Sabah,Ranau
110,2019-01-01,all,Sabah,Ranau
110,2020-01-01,all,Sabah,Ranau
110,2021-01-01,all,Sabah,Ranau
110,2022-01-01,all,Sabah,Ranau
110,2015-01-01,hospital_moh,Sabah,Ranau
110,2016-01-01,hospital_moh,Sabah,Ranau
110,2017-01-01,hospital_moh,Sabah,Ranau
110,2018-01-01,hospital_moh,Sabah,Ranau
110,2019-01-01,hospital_moh,Sabah,Ranau
110,2020-01-01,hospital_moh,Sabah,Ranau
110,2021-01-01,hospital_moh,Sabah,Ranau
110,2022-01-01,hospital_moh,Sabah,Ranau
0,2015-01-01,hospital_non_moh,Sabah,Ranau
0,2016-01-01,hospital_non_moh,Sabah,Ranau
0,2017-01-01,hospital_non_moh,Sabah,Ranau
0,2018-01-01,hospital_non_moh,Sabah,Ranau
0,2019-01-01,hospital_non_moh,Sabah,Ranau
0,2020-01-01,hospital_non_moh,Sabah,Ranau
0,2021-01-01,hospital_non_moh,Sabah,Ranau
0,2022-01-01,hospital_non_moh,Sabah,Ranau
0,2015-01-01,special_medical_institution,Sabah,Ranau
0,2016-01-01,special_medical_institution,Sabah,Ranau
0,2017-01-01,special_medical_institution,Sabah,Ranau
0,2018-01-01,special_medical_institution,Sabah,Ranau
0,2019-01-01,special_medical_institution,Sabah,Ranau
0,2020-01-01,special_medical_institution,Sabah,Ranau
0,2021-01-01,special_medical_institution,Sabah,Ranau
0,2022-01-01,special_medical_institution,Sabah,Ranau
400,2015-01-01,all,Sabah,Sandakan
400,2016-01-01,all,Sabah,Sandakan
400,2017-01-01,all,Sabah,Sandakan
400,2018-01-01,all,Sabah,Sandakan
400,2019-01-01,all,Sabah,Sandakan
400,2020-01-01,all,Sabah,Sandakan
400,2021-01-01,all,Sabah,Sandakan
400,2022-01-01,all,Sabah,Sandakan
400,2015-01-01,hospital_moh,Sabah,Sandakan
400,2016-01-01,hospital_moh,Sabah,Sandakan
400,2017-01-01,hospital_moh,Sabah,Sandakan
400,2018-01-01,hospital_moh,Sabah,Sandakan
400,2019-01-01,hospital_moh,Sabah,Sandakan
400,2020-01-01,hospital_moh,Sabah,Sandakan
400,2021-01-01,hospital_moh,Sabah,Sandakan
400,2022-01-01,hospital_moh,Sabah,Sandakan
0,2015-01-01,hospital_non_moh,Sabah,Sandakan
0,2016-01-01,hospital_non_moh,Sabah,Sandakan
0,2017-01-01,hospital_non_moh,Sabah,Sandakan
0,2018-01-01,hospital_non_moh,Sabah,Sandakan
0,2019-01-01,hospital_non_moh,Sabah,Sandakan
0,2020-01-01,hospital_non_moh,Sabah,Sandakan
0,2021-01-01,hospital_non_moh,Sabah,Sandakan
0,2022-01-01,hospital_non_moh,Sabah,Sandakan
0,2015-01-01,special_medical_institution,Sabah,Sandakan
0,2016-01-01,special_medical_institution,Sabah,Sandakan
0,2017-01-01,special_medical_institution,Sabah,Sandakan
0,2018-01-01,special_medical_institution,Sabah,Sandakan
0,2019-01-01,special_medical_institution,Sabah,Sandakan
0,2020-01-01,special_medical_institution,Sabah,Sandakan
0,2021-01-01,special_medical_institution,Sabah,Sandakan
0,2022-01-01,special_medical_institution,Sabah,Sandakan
70,2015-01-01,all,Sabah,Semporna
70,2016-01-01,all,Sabah,Semporna
100,2017-01-01,all,Sabah,Semporna
70,2018-01-01,all,Sabah,Semporna
70,2019-01-01,all,Sabah,Semporna
70,2020-01-01,all,Sabah,Semporna
70,2021-01-01,all,Sabah,Semporna
70,2022-01-01,all,Sabah,Semporna
70,2015-01-01,hospital_moh,Sabah,Semporna
70,2016-01-01,hospital_moh,Sabah,Semporna
100,2017-01-01,hospital_moh,Sabah,Semporna
70,2018-01-01,hospital_moh,Sabah,Semporna
70,2019-01-01,hospital_moh,Sabah,Semporna
70,2020-01-01,hospital_moh,Sabah,Semporna
70,2021-01-01,hospital_moh,Sabah,Semporna
70,2022-01-01,hospital_moh,Sabah,Semporna
0,2015-01-01,hospital_non_moh,Sabah,Semporna
0,2016-01-01,hospital_non_moh,Sabah,Semporna
0,2017-01-01,hospital_non_moh,Sabah,Semporna
0,2018-01-01,hospital_non_moh,Sabah,Semporna
0,2019-01-01,hospital_non_moh,Sabah,Semporna
0,2020-01-01,hospital_non_moh,Sabah,Semporna
0,2021-01-01,hospital_non_moh,Sabah,Semporna
0,2022-01-01,hospital_non_moh,Sabah,Semporna
0,2015-01-01,special_medical_institution,Sabah,Semporna
0,2016-01-01,special_medical_institution,Sabah,Semporna
0,2017-01-01,special_medical_institution,Sabah,Semporna
0,2018-01-01,special_medical_institution,Sabah,Semporna
0,2019-01-01,special_medical_institution,Sabah,Semporna
0,2020-01-01,special_medical_institution,Sabah,Semporna
0,2021-01-01,special_medical_institution,Sabah,Semporna
0,2022-01-01,special_medical_institution,Sabah,Semporna
93,2015-01-01,all,Sabah,Sipitang
93,2016-01-01,all,Sabah,Sipitang
93,2017-01-01,all,Sabah,Sipitang
93,2018-01-01,all,Sabah,Sipitang
93,2019-01-01,all,Sabah,Sipitang
93,2020-01-01,all,Sabah,Sipitang
93,2021-01-01,all,Sabah,Sipitang
93,2022-01-01,all,Sabah,Sipitang
93,2015-01-01,hospital_moh,Sabah,Sipitang
93,2016-01-01,hospital_moh,Sabah,Sipitang
93,2017-01-01,hospital_moh,Sabah,Sipitang
93,2018-01-01,hospital_moh,Sabah,Sipitang
93,2019-01-01,hospital_moh,Sabah,Sipitang
93,2020-01-01,hospital_moh,Sabah,Sipitang
93,2021-01-01,hospital_moh,Sabah,Sipitang
93,2022-01-01,hospital_moh,Sabah,Sipitang
0,2015-01-01,hospital_non_moh,Sabah,Sipitang
0,2016-01-01,hospital_non_moh,Sabah,Sipitang
0,2017-01-01,hospital_non_moh,Sabah,Sipitang
0,2018-01-01,hospital_non_moh,Sabah,Sipitang
0,2019-01-01,hospital_non_moh,Sabah,Sipitang
0,2020-01-01,hospital_non_moh,Sabah,Sipitang
0,2021-01-01,hospital_non_moh,Sabah,Sipitang
0,2022-01-01,hospital_non_moh,Sabah,Sipitang
0,2015-01-01,special_medical_institution,Sabah,Sipitang
0,2016-01-01,special_medical_institution,Sabah,Sipitang
0,2017-01-01,special_medical_institution,Sabah,Sipitang
0,2018-01-01,special_medical_institution,Sabah,Sipitang
0,2019-01-01,special_medical_institution,Sabah,Sipitang
0,2020-01-01,special_medical_institution,Sabah,Sipitang
0,2021-01-01,special_medical_institution,Sabah,Sipitang
0,2022-01-01,special_medical_institution,Sabah,Sipitang
49,2015-01-01,all,Sabah,Tambunan
49,2016-01-01,all,Sabah,Tambunan
49,2017-01-01,all,Sabah,Tambunan
49,2018-01-01,all,Sabah,Tambunan
49,2019-01-01,all,Sabah,Tambunan
49,2020-01-01,all,Sabah,Tambunan
49,2021-01-01,all,Sabah,Tambunan
49,2022-01-01,all,Sabah,Tambunan
49,2015-01-01,hospital_moh,Sabah,Tambunan
49,2016-01-01,hospital_moh,Sabah,Tambunan
49,2017-01-01,hospital_moh,Sabah,Tambunan
49,2018-01-01,hospital_moh,Sabah,Tambunan
49,2019-01-01,hospital_moh,Sabah,Tambunan
49,2020-01-01,hospital_moh,Sabah,Tambunan
49,2021-01-01,hospital_moh,Sabah,Tambunan
49,2022-01-01,hospital_moh,Sabah,Tambunan
0,2015-01-01,hospital_non_moh,Sabah,Tambunan
0,2016-01-01,hospital_non_moh,Sabah,Tambunan
0,2017-01-01,hospital_non_moh,Sabah,Tambunan
0,2018-01-01,hospital_non_moh,Sabah,Tambunan
0,2019-01-01,hospital_non_moh,Sabah,Tambunan
0,2020-01-01,hospital_non_moh,Sabah,Tambunan
0,2021-01-01,hospital_non_moh,Sabah,Tambunan
0,2022-01-01,hospital_non_moh,Sabah,Tambunan
0,2015-01-01,special_medical_institution,Sabah,Tambunan
0,2016-01-01,special_medical_institution,Sabah,Tambunan
0,2017-01-01,special_medical_institution,Sabah,Tambunan
0,2018-01-01,special_medical_institution,Sabah,Tambunan
0,2019-01-01,special_medical_institution,Sabah,Tambunan
0,2020-01-01,special_medical_institution,Sabah,Tambunan
0,2021-01-01,special_medical_institution,Sabah,Tambunan
0,2022-01-01,special_medical_institution,Sabah,Tambunan
401,2015-01-01,all,Sabah,Tawau
401,2016-01-01,all,Sabah,Tawau
401,2017-01-01,all,Sabah,Tawau
401,2018-01-01,all,Sabah,Tawau
401,2019-01-01,all,Sabah,Tawau
401,2020-01-01,all,Sabah,Tawau
421,2021-01-01,all,Sabah,Tawau
431,2022-01-01,all,Sabah,Tawau
401,2015-01-01,hospital_moh,Sabah,Tawau
401,2016-01-01,hospital_moh,Sabah,Tawau
401,2017-01-01,hospital_moh,Sabah,Tawau
401,2018-01-01,hospital_moh,Sabah,Tawau
401,2019-01-01,hospital_moh,Sabah,Tawau
401,2020-01-01,hospital_moh,Sabah,Tawau
421,2021-01-01,hospital_moh,Sabah,Tawau
431,2022-01-01,hospital_moh,Sabah,Tawau
0,2015-01-01,hospital_non_moh,Sabah,Tawau
0,2016-01-01,hospital_non_moh,Sabah,Tawau
0,2017-01-01,hospital_non_moh,Sabah,Tawau
0,2018-01-01,hospital_non_moh,Sabah,Tawau
0,2019-01-01,hospital_non_moh,Sabah,Tawau
0,2020-01-01,hospital_non_moh,Sabah,Tawau
0,2021-01-01,hospital_non_moh,Sabah,Tawau
0,2022-01-01,hospital_non_moh,Sabah,Tawau
0,2015-01-01,special_medical_institution,Sabah,Tawau
0,2016-01-01,special_medical_institution,Sabah,Tawau
0,2017-01-01,special_medical_institution,Sabah,Tawau
0,2018-01-01,special_medical_institution,Sabah,Tawau
0,2019-01-01,special_medical_institution,Sabah,Tawau
0,2020-01-01,special_medical_institution,Sabah,Tawau
0,2021-01-01,special_medical_institution,Sabah,Tawau
0,2022-01-01,special_medical_institution,Sabah,Tawau
0,2015-01-01,all,Sabah,Telupid
0,2016-01-01,all,Sabah,Telupid
0,2017-01-01,all,Sabah,Telupid
0,2018-01-01,all,Sabah,Telupid
0,2019-01-01,all,Sabah,Telupid
0,2020-01-01,all,Sabah,Telupid
0,2021-01-01,all,Sabah,Telupid
0,2022-01-01,all,Sabah,Telupid
0,2015-01-01,hospital_moh,Sabah,Telupid
0,2016-01-01,hospital_moh,Sabah,Telupid
0,2017-01-01,hospital_moh,Sabah,Telupid
0,2018-01-01,hospital_moh,Sabah,Telupid
0,2019-01-01,hospital_moh,Sabah,Telupid
0,2020-01-01,hospital_moh,Sabah,Telupid
0,2021-01-01,hospital_moh,Sabah,Telupid
0,2022-01-01,hospital_moh,Sabah,Telupid
0,2015-01-01,hospital_non_moh,Sabah,Telupid
0,2016-01-01,hospital_non_moh,Sabah,Telupid
0,2017-01-01,hospital_non_moh,Sabah,Telupid
0,2018-01-01,hospital_non_moh,Sabah,Telupid
0,2019-01-01,hospital_non_moh,Sabah,Telupid
0,2020-01-01,hospital_non_moh,Sabah,Telupid
0,2021-01-01,hospital_non_moh,Sabah,Telupid
0,2022-01-01,hospital_non_moh,Sabah,Telupid
0,2015-01-01,special_medical_institution,Sabah,Telupid
0,2016-01-01,special_medical_institution,Sabah,Telupid
0,2017-01-01,special_medical_institution,Sabah,Telupid
0,2018-01-01,special_medical_institution,Sabah,Telupid
0,2019-01-01,special_medical_institution,Sabah,Telupid
0,2020-01-01,special_medical_institution,Sabah,Telupid
0,2021-01-01,special_medical_institution,Sabah,Telupid
0,2022-01-01,special_medical_institution,Sabah,Telupid
92,2015-01-01,all,Sabah,Tenom
70,2016-01-01,all,Sabah,Tenom
70,2017-01-01,all,Sabah,Tenom
70,2018-01-01,all,Sabah,Tenom
70,2019-01-01,all,Sabah,Tenom
70,2020-01-01,all,Sabah,Tenom
70,2021-01-01,all,Sabah,Tenom
70,2022-01-01,all,Sabah,Tenom
92,2015-01-01,hospital_moh,Sabah,Tenom
70,2016-01-01,hospital_moh,Sabah,Tenom
70,2017-01-01,hospital_moh,Sabah,Tenom
70,2018-01-01,hospital_moh,Sabah,Tenom
70,2019-01-01,hospital_moh,Sabah,Tenom
70,2020-01-01,hospital_moh,Sabah,Tenom
70,2021-01-01,hospital_moh,Sabah,Tenom
70,2022-01-01,hospital_moh,Sabah,Tenom
0,2015-01-01,hospital_non_moh,Sabah,Tenom
0,2016-01-01,hospital_non_moh,Sabah,Tenom
0,2017-01-01,hospital_non_moh,Sabah,Tenom
0,2018-01-01,hospital_non_moh,Sabah,Tenom
0,2019-01-01,hospital_non_moh,Sabah,Tenom
0,2020-01-01,hospital_non_moh,Sabah,Tenom
0,2021-01-01,hospital_non_moh,Sabah,Tenom
0,2022-01-01,hospital_non_moh,Sabah,Tenom
0,2015-01-01,special_medical_institution,Sabah,Tenom
0,2016-01-01,special_medical_institution,Sabah,Tenom
0,2017-01-01,special_medical_institution,Sabah,Tenom
0,2018-01-01,special_medical_institution,Sabah,Tenom
0,2019-01-01,special_medical_institution,Sabah,Tenom
0,2020-01-01,special_medical_institution,Sabah,Tenom
0,2021-01-01,special_medical_institution,Sabah,Tenom
0,2022-01-01,special_medical_institution,Sabah,Tenom
0,2015-01-01,all,Sabah,Tongad
0,2016-01-01,all,Sabah,Tongad
0,2017-01-01,all,Sabah,Tongad
0,2018-01-01,all,Sabah,Tongad
0,2019-01-01,all,Sabah,Tongad
0,2020-01-01,all,Sabah,Tongad
0,2021-01-01,all,Sabah,Tongad
0,2022-01-01,all,Sabah,Tongad
0,2015-01-01,hospital_moh,Sabah,Tongad
0,2016-01-01,hospital_moh,Sabah,Tongad
0,2017-01-01,hospital_moh,Sabah,Tongad
0,2018-01-01,hospital_moh,Sabah,Tongad
0,2019-01-01,hospital_moh,Sabah,Tongad
0,2020-01-01,hospital_moh,Sabah,Tongad
0,2021-01-01,hospital_moh,Sabah,Tongad
0,2022-01-01,hospital_moh,Sabah,Tongad
0,2015-01-01,hospital_non_moh,Sabah,Tongad
0,2016-01-01,hospital_non_moh,Sabah,Tongad
0,2017-01-01,hospital_non_moh,Sabah,Tongad
0,2018-01-01,hospital_non_moh,Sabah,Tongad
0,2019-01-01,hospital_non_moh,Sabah,Tongad
0,2020-01-01,hospital_non_moh,Sabah,Tongad
0,2021-01-01,hospital_non_moh,Sabah,Tongad
0,2022-01-01,hospital_non_moh,Sabah,Tongad
0,2015-01-01,special_medical_institution,Sabah,Tongad
0,2016-01-01,special_medical_institution,Sabah,Tongad
0,2017-01-01,special_medical_institution,Sabah,Tongad
0,2018-01-01,special_medical_institution,Sabah,Tongad
0,2019-01-01,special_medical_institution,Sabah,Tongad
0,2020-01-01,special_medical_institution,Sabah,Tongad
0,2021-01-01,special_medical_institution,Sabah,Tongad
0,2022-01-01,special_medical_institution,Sabah,Tongad
76,2015-01-01,all,Sabah,Tuaran
76,2016-01-01,all,Sabah,Tuaran
76,2017-01-01,all,Sabah,Tuaran
76,2018-01-01,all,Sabah,Tuaran
76,2019-01-01,all,Sabah,Tuaran
76,2020-01-01,all,Sabah,Tuaran
82,2021-01-01,all,Sabah,Tuaran
82,2022-01-01,all,Sabah,Tuaran
76,2015-01-01,hospital_moh,Sabah,Tuaran
76,2016-01-01,hospital_moh,Sabah,Tuaran
76,2017-01-01,hospital_moh,Sabah,Tuaran
76,2018-01-01,hospital_moh,Sabah,Tuaran
76,2019-01-01,hospital_moh,Sabah,Tuaran
76,2020-01-01,hospital_moh,Sabah,Tuaran
82,2021-01-01,hospital_moh,Sabah,Tuaran
82,2022-01-01,hospital_moh,Sabah,Tuaran
0,2015-01-01,hospital_non_moh,Sabah,Tuaran
0,2016-01-01,hospital_non_moh,Sabah,Tuaran
0,2017-01-01,hospital_non_moh,Sabah,Tuaran
0,2018-01-01,hospital_non_moh,Sabah,Tuaran
0,2019-01-01,hospital_non_moh,Sabah,Tuaran
0,2020-01-01,hospital_non_moh,Sabah,Tuaran
0,2021-01-01,hospital_non_moh,Sabah,Tuaran
0,2022-01-01,hospital_non_moh,Sabah,Tuaran
0,2015-01-01,special_medical_institution,Sabah,Tuaran
0,2016-01-01,special_medical_institution,Sabah,Tuaran
0,2017-01-01,special_medical_institution,Sabah,Tuaran
0,2018-01-01,special_medical_institution,Sabah,Tuaran
0,2019-01-01,special_medical_institution,Sabah,Tuaran
0,2020-01-01,special_medical_institution,Sabah,Tuaran
0,2021-01-01,special_medical_institution,Sabah,Tuaran
0,2022-01-01,special_medical_institution,Sabah,Tuaran
3944,2015-01-01,all,Sarawak,All Districts
3978,2016-01-01,all,Sarawak,All Districts
3989,2017-01-01,all,Sarawak,All Districts
4051,2018-01-01,all,Sarawak,All Districts
4083,2019-01-01,all,Sarawak,All Districts
4146,2020-01-01,all,Sarawak,All Districts
4099,2021-01-01,all,Sarawak,All Districts
4119,2022-01-01,all,Sarawak,All Districts
3606,2015-01-01,hospital_moh,Sarawak,All Districts
3640,2016-01-01,hospital_moh,Sarawak,All Districts
3651,2017-01-01,hospital_moh,Sarawak,All Districts
3708,2018-01-01,hospital_moh,Sarawak,All Districts
3740,2019-01-01,hospital_moh,Sarawak,All Districts
3680,2020-01-01,hospital_moh,Sarawak,All Districts
3633,2021-01-01,hospital_moh,Sarawak,All Districts
3653,2022-01-01,hospital_moh,Sarawak,All Districts
0,2015-01-01,hospital_non_moh,Sarawak,All Districts
0,2016-01-01,hospital_non_moh,Sarawak,All Districts
0,2017-01-01,hospital_non_moh,Sarawak,All Districts
0,2018-01-01,hospital_non_moh,Sarawak,All Districts
0,2019-01-01,hospital_non_moh,Sarawak,All Districts
0,2020-01-01,hospital_non_moh,Sarawak,All Districts
0,2021-01-01,hospital_non_moh,Sarawak,All Districts
0,2022-01-01,hospital_non_moh,Sarawak,All Districts
338,2015-01-01,special_medical_institution,Sarawak,All Districts
338,2016-01-01,special_medical_institution,Sarawak,All Districts
338,2017-01-01,special_medical_institution,Sarawak,All Districts
343,2018-01-01,special_medical_institution,Sarawak,All Districts
343,2019-01-01,special_medical_institution,Sarawak,All Districts
466,2020-01-01,special_medical_institution,Sarawak,All Districts
466,2021-01-01,special_medical_institution,Sarawak,All Districts
466,2022-01-01,special_medical_institution,Sarawak,All Districts
0,2015-01-01,all,Sarawak,Asajaya
0,2016-01-01,all,Sarawak,Asajaya
0,2017-01-01,all,Sarawak,Asajaya
0,2018-01-01,all,Sarawak,Asajaya
0,2019-01-01,all,Sarawak,Asajaya
0,2020-01-01,all,Sarawak,Asajaya
0,2021-01-01,all,Sarawak,Asajaya
0,2022-01-01,all,Sarawak,Asajaya
0,2015-01-01,hospital_moh,Sarawak,Asajaya
0,2016-01-01,hospital_moh,Sarawak,Asajaya
0,2017-01-01,hospital_moh,Sarawak,Asajaya
0,2018-01-01,hospital_moh,Sarawak,Asajaya
0,2019-01-01,hospital_moh,Sarawak,Asajaya
0,2020-01-01,hospital_moh,Sarawak,Asajaya
0,2021-01-01,hospital_moh,Sarawak,Asajaya
0,2022-01-01,hospital_moh,Sarawak,Asajaya
0,2015-01-01,hospital_non_moh,Sarawak,Asajaya
0,2016-01-01,hospital_non_moh,Sarawak,Asajaya
0,2017-01-01,hospital_non_moh,Sarawak,Asajaya
0,2018-01-01,hospital_non_moh,Sarawak,Asajaya
0,2019-01-01,hospital_non_moh,Sarawak,Asajaya
0,2020-01-01,hospital_non_moh,Sarawak,Asajaya
0,2021-01-01,hospital_non_moh,Sarawak,Asajaya
0,2022-01-01,hospital_non_moh,Sarawak,Asajaya
0,2015-01-01,special_medical_institution,Sarawak,Asajaya
0,2016-01-01,special_medical_institution,Sarawak,Asajaya
0,2017-01-01,special_medical_institution,Sarawak,Asajaya
0,2018-01-01,special_medical_institution,Sarawak,Asajaya
0,2019-01-01,special_medical_institution,Sarawak,Asajaya
0,2020-01-01,special_medical_institution,Sarawak,Asajaya
0,2021-01-01,special_medical_institution,Sarawak,Asajaya
0,2022-01-01,special_medical_institution,Sarawak,Asajaya
68,2015-01-01,all,Sarawak,Bau
68,2016-01-01,all,Sarawak,Bau
68,2017-01-01,all,Sarawak,Bau
68,2018-01-01,all,Sarawak,Bau
68,2019-01-01,all,Sarawak,Bau
68,2020-01-01,all,Sarawak,Bau
68,2021-01-01,all,Sarawak,Bau
68,2022-01-01,all,Sarawak,Bau
68,2015-01-01,hospital_moh,Sarawak,Bau
68,2016-01-01,hospital_moh,Sarawak,Bau
68,2017-01-01,hospital_moh,Sarawak,Bau
68,2018-01-01,hospital_moh,Sarawak,Bau
68,2019-01-01,hospital_moh,Sarawak,Bau
68,2020-01-01,hospital_moh,Sarawak,Bau
68,2021-01-01,hospital_moh,Sarawak,Bau
68,2022-01-01,hospital_moh,Sarawak,Bau
0,2015-01-01,hospital_non_moh,Sarawak,Bau
0,2016-01-01,hospital_non_moh,Sarawak,Bau
0,2017-01-01,hospital_non_moh,Sarawak,Bau
0,2018-01-01,hospital_non_moh,Sarawak,Bau
0,2019-01-01,hospital_non_moh,Sarawak,Bau
0,2020-01-01,hospital_non_moh,Sarawak,Bau
0,2021-01-01,hospital_non_moh,Sarawak,Bau
0,2022-01-01,hospital_non_moh,Sarawak,Bau
0,2015-01-01,special_medical_institution,Sarawak,Bau
0,2016-01-01,special_medical_institution,Sarawak,Bau
0,2017-01-01,special_medical_institution,Sarawak,Bau
0,2018-01-01,special_medical_institution,Sarawak,Bau
0,2019-01-01,special_medical_institution,Sarawak,Bau
0,2020-01-01,special_medical_institution,Sarawak,Bau
0,2021-01-01,special_medical_institution,Sarawak,Bau
0,2022-01-01,special_medical_institution,Sarawak,Bau
0,2015-01-01,all,Sarawak,Belaga
0,2016-01-01,all,Sarawak,Belaga
0,2017-01-01,all,Sarawak,Belaga
0,2018-01-01,all,Sarawak,Belaga
0,2019-01-01,all,Sarawak,Belaga
0,2020-01-01,all,Sarawak,Belaga
0,2021-01-01,all,Sarawak,Belaga
0,2022-01-01,all,Sarawak,Belaga
0,2015-01-01,hospital_moh,Sarawak,Belaga
0,2016-01-01,hospital_moh,Sarawak,Belaga
0,2017-01-01,hospital_moh,Sarawak,Belaga
0,2018-01-01,hospital_moh,Sarawak,Belaga
0,2019-01-01,hospital_moh,Sarawak,Belaga
0,2020-01-01,hospital_moh,Sarawak,Belaga
0,2021-01-01,hospital_moh,Sarawak,Belaga
0,2022-01-01,hospital_moh,Sarawak,Belaga
0,2015-01-01,hospital_non_moh,Sarawak,Belaga
0,2016-01-01,hospital_non_moh,Sarawak,Belaga
0,2017-01-01,hospital_non_moh,Sarawak,Belaga
0,2018-01-01,hospital_non_moh,Sarawak,Belaga
0,2019-01-01,hospital_non_moh,Sarawak,Belaga
0,2020-01-01,hospital_non_moh,Sarawak,Belaga
0,2021-01-01,hospital_non_moh,Sarawak,Belaga
0,2022-01-01,hospital_non_moh,Sarawak,Belaga
0,2015-01-01,special_medical_institution,Sarawak,Belaga
0,2016-01-01,special_medical_institution,Sarawak,Belaga
0,2017-01-01,special_medical_institution,Sarawak,Belaga
0,2018-01-01,special_medical_institution,Sarawak,Belaga
0,2019-01-01,special_medical_institution,Sarawak,Belaga
0,2020-01-01,special_medical_institution,Sarawak,Belaga
0,2021-01-01,special_medical_institution,Sarawak,Belaga
0,2022-01-01,special_medical_institution,Sarawak,Belaga
0,2015-01-01,all,Sarawak,Beluru
0,2016-01-01,all,Sarawak,Beluru
0,2017-01-01,all,Sarawak,Beluru
0,2018-01-01,all,Sarawak,Beluru
0,2019-01-01,all,Sarawak,Beluru
0,2020-01-01,all,Sarawak,Beluru
0,2021-01-01,all,Sarawak,Beluru
0,2022-01-01,all,Sarawak,Beluru
0,2015-01-01,hospital_moh,Sarawak,Beluru
0,2016-01-01,hospital_moh,Sarawak,Beluru
0,2017-01-01,hospital_moh,Sarawak,Beluru
0,2018-01-01,hospital_moh,Sarawak,Beluru
0,2019-01-01,hospital_moh,Sarawak,Beluru
0,2020-01-01,hospital_moh,Sarawak,Beluru
0,2021-01-01,hospital_moh,Sarawak,Beluru
0,2022-01-01,hospital_moh,Sarawak,Beluru
0,2015-01-01,hospital_non_moh,Sarawak,Beluru
0,2016-01-01,hospital_non_moh,Sarawak,Beluru
0,2017-01-01,hospital_non_moh,Sarawak,Beluru
0,2018-01-01,hospital_non_moh,Sarawak,Beluru
0,2019-01-01,hospital_non_moh,Sarawak,Beluru
0,2020-01-01,hospital_non_moh,Sarawak,Beluru
0,2021-01-01,hospital_non_moh,Sarawak,Beluru
0,2022-01-01,hospital_non_moh,Sarawak,Beluru
0,2015-01-01,special_medical_institution,Sarawak,Beluru
0,2016-01-01,special_medical_institution,Sarawak,Beluru
0,2017-01-01,special_medical_institution,Sarawak,Beluru
0,2018-01-01,special_medical_institution,Sarawak,Beluru
0,2019-01-01,special_medical_institution,Sarawak,Beluru
0,2020-01-01,special_medical_institution,Sarawak,Beluru
0,2021-01-01,special_medical_institution,Sarawak,Beluru
0,2022-01-01,special_medical_institution,Sarawak,Beluru
48,2015-01-01,all,Sarawak,Betong
48,2016-01-01,all,Sarawak,Betong
48,2017-01-01,all,Sarawak,Betong
58,2018-01-01,all,Sarawak,Betong
58,2019-01-01,all,Sarawak,Betong
48,2020-01-01,all,Sarawak,Betong
48,2021-01-01,all,Sarawak,Betong
48,2022-01-01,all,Sarawak,Betong
48,2015-01-01,hospital_moh,Sarawak,Betong
48,2016-01-01,hospital_moh,Sarawak,Betong
48,2017-01-01,hospital_moh,Sarawak,Betong
58,2018-01-01,hospital_moh,Sarawak,Betong
58,2019-01-01,hospital_moh,Sarawak,Betong
48,2020-01-01,hospital_moh,Sarawak,Betong
48,2021-01-01,hospital_moh,Sarawak,Betong
48,2022-01-01,hospital_moh,Sarawak,Betong
0,2015-01-01,hospital_non_moh,Sarawak,Betong
0,2016-01-01,hospital_non_moh,Sarawak,Betong
0,2017-01-01,hospital_non_moh,Sarawak,Betong
0,2018-01-01,hospital_non_moh,Sarawak,Betong
0,2019-01-01,hospital_non_moh,Sarawak,Betong
0,2020-01-01,hospital_non_moh,Sarawak,Betong
0,2021-01-01,hospital_non_moh,Sarawak,Betong
0,2022-01-01,hospital_non_moh,Sarawak,Betong
0,2015-01-01,special_medical_institution,Sarawak,Betong
0,2016-01-01,special_medical_institution,Sarawak,Betong
0,2017-01-01,special_medical_institution,Sarawak,Betong
0,2018-01-01,special_medical_institution,Sarawak,Betong
0,2019-01-01,special_medical_institution,Sarawak,Betong
0,2020-01-01,special_medical_institution,Sarawak,Betong
0,2021-01-01,special_medical_institution,Sarawak,Betong
0,2022-01-01,special_medical_institution,Sarawak,Betong
292,2015-01-01,all,Sarawak,Bintulu
292,2016-01-01,all,Sarawak,Bintulu
294,2017-01-01,all,Sarawak,Bintulu
294,2018-01-01,all,Sarawak,Bintulu
294,2019-01-01,all,Sarawak,Bintulu
302,2020-01-01,all,Sarawak,Bintulu
302,2021-01-01,all,Sarawak,Bintulu
302,2022-01-01,all,Sarawak,Bintulu
292,2015-01-01,hospital_moh,Sarawak,Bintulu
292,2016-01-01,hospital_moh,Sarawak,Bintulu
294,2017-01-01,hospital_moh,Sarawak,Bintulu
294,2018-01-01,hospital_moh,Sarawak,Bintulu
294,2019-01-01,hospital_moh,Sarawak,Bintulu
302,2020-01-01,hospital_moh,Sarawak,Bintulu
302,2021-01-01,hospital_moh,Sarawak,Bintulu
302,2022-01-01,hospital_moh,Sarawak,Bintulu
0,2015-01-01,hospital_non_moh,Sarawak,Bintulu
0,2016-01-01,hospital_non_moh,Sarawak,Bintulu
0,2017-01-01,hospital_non_moh,Sarawak,Bintulu
0,2018-01-01,hospital_non_moh,Sarawak,Bintulu
0,2019-01-01,hospital_non_moh,Sarawak,Bintulu
0,2020-01-01,hospital_non_moh,Sarawak,Bintulu
0,2021-01-01,hospital_non_moh,Sarawak,Bintulu
0,2022-01-01,hospital_non_moh,Sarawak,Bintulu
0,2015-01-01,special_medical_institution,Sarawak,Bintulu
0,2016-01-01,special_medical_institution,Sarawak,Bintulu
0,2017-01-01,special_medical_institution,Sarawak,Bintulu
0,2018-01-01,special_medical_institution,Sarawak,Bintulu
0,2019-01-01,special_medical_institution,Sarawak,Bintulu
0,2020-01-01,special_medical_institution,Sarawak,Bintulu
0,2021-01-01,special_medical_institution,Sarawak,Bintulu
0,2022-01-01,special_medical_institution,Sarawak,Bintulu
0,2015-01-01,all,Sarawak,Bukit Mabong
0,2016-01-01,all,Sarawak,Bukit Mabong
0,2017-01-01,all,Sarawak,Bukit Mabong
0,2018-01-01,all,Sarawak,Bukit Mabong
0,2019-01-01,all,Sarawak,Bukit Mabong
0,2020-01-01,all,Sarawak,Bukit Mabong
0,2021-01-01,all,Sarawak,Bukit Mabong
0,2022-01-01,all,Sarawak,Bukit Mabong
0,2015-01-01,hospital_moh,Sarawak,Bukit Mabong
0,2016-01-01,hospital_moh,Sarawak,Bukit Mabong
0,2017-01-01,hospital_moh,Sarawak,Bukit Mabong
0,2018-01-01,hospital_moh,Sarawak,Bukit Mabong
0,2019-01-01,hospital_moh,Sarawak,Bukit Mabong
0,2020-01-01,hospital_moh,Sarawak,Bukit Mabong
0,2021-01-01,hospital_moh,Sarawak,Bukit Mabong
0,2022-01-01,hospital_moh,Sarawak,Bukit Mabong
0,2015-01-01,hospital_non_moh,Sarawak,Bukit Mabong
0,2016-01-01,hospital_non_moh,Sarawak,Bukit Mabong
0,2017-01-01,hospital_non_moh,Sarawak,Bukit Mabong
0,2018-01-01,hospital_non_moh,Sarawak,Bukit Mabong
0,2019-01-01,hospital_non_moh,Sarawak,Bukit Mabong
0,2020-01-01,hospital_non_moh,Sarawak,Bukit Mabong
0,2021-01-01,hospital_non_moh,Sarawak,Bukit Mabong
0,2022-01-01,hospital_non_moh,Sarawak,Bukit Mabong
0,2015-01-01,special_medical_institution,Sarawak,Bukit Mabong
0,2016-01-01,special_medical_institution,Sarawak,Bukit Mabong
0,2017-01-01,special_medical_institution,Sarawak,Bukit Mabong
0,2018-01-01,special_medical_institution,Sarawak,Bukit Mabong
0,2019-01-01,special_medical_institution,Sarawak,Bukit Mabong
0,2020-01-01,special_medical_institution,Sarawak,Bukit Mabong
0,2021-01-01,special_medical_institution,Sarawak,Bukit Mabong
0,2022-01-01,special_medical_institution,Sarawak,Bukit Mabong
8,2015-01-01,all,Sarawak,Dalat
8,2016-01-01,all,Sarawak,Dalat
8,2017-01-01,all,Sarawak,Dalat
8,2018-01-01,all,Sarawak,Dalat
8,2019-01-01,all,Sarawak,Dalat
8,2020-01-01,all,Sarawak,Dalat
8,2021-01-01,all,Sarawak,Dalat
8,2022-01-01,all,Sarawak,Dalat
8,2015-01-01,hospital_moh,Sarawak,Dalat
8,2016-01-01,hospital_moh,Sarawak,Dalat
8,2017-01-01,hospital_moh,Sarawak,Dalat
8,2018-01-01,hospital_moh,Sarawak,Dalat
8,2019-01-01,hospital_moh,Sarawak,Dalat
8,2020-01-01,hospital_moh,Sarawak,Dalat
8,2021-01-01,hospital_moh,Sarawak,Dalat
8,2022-01-01,hospital_moh,Sarawak,Dalat
0,2015-01-01,hospital_non_moh,Sarawak,Dalat
0,2016-01-01,hospital_non_moh,Sarawak,Dalat
0,2017-01-01,hospital_non_moh,Sarawak,Dalat
0,2018-01-01,hospital_non_moh,Sarawak,Dalat
0,2019-01-01,hospital_non_moh,Sarawak,Dalat
0,2020-01-01,hospital_non_moh,Sarawak,Dalat
0,2021-01-01,hospital_non_moh,Sarawak,Dalat
0,2022-01-01,hospital_non_moh,Sarawak,Dalat
0,2015-01-01,special_medical_institution,Sarawak,Dalat
0,2016-01-01,special_medical_institution,Sarawak,Dalat
0,2017-01-01,special_medical_institution,Sarawak,Dalat
0,2018-01-01,special_medical_institution,Sarawak,Dalat
0,2019-01-01,special_medical_institution,Sarawak,Dalat
0,2020-01-01,special_medical_institution,Sarawak,Dalat
0,2021-01-01,special_medical_institution,Sarawak,Dalat
0,2022-01-01,special_medical_institution,Sarawak,Dalat
46,2015-01-01,all,Sarawak,Daro
46,2016-01-01,all,Sarawak,Daro
46,2017-01-01,all,Sarawak,Daro
46,2018-01-01,all,Sarawak,Daro
46,2019-01-01,all,Sarawak,Daro
46,2020-01-01,all,Sarawak,Daro
46,2021-01-01,all,Sarawak,Daro
46,2022-01-01,all,Sarawak,Daro
46,2015-01-01,hospital_moh,Sarawak,Daro
46,2016-01-01,hospital_moh,Sarawak,Daro
46,2017-01-01,hospital_moh,Sarawak,Daro
46,2018-01-01,hospital_moh,Sarawak,Daro
46,2019-01-01,hospital_moh,Sarawak,Daro
46,2020-01-01,hospital_moh,Sarawak,Daro
46,2021-01-01,hospital_moh,Sarawak,Daro
46,2022-01-01,hospital_moh,Sarawak,Daro
0,2015-01-01,hospital_non_moh,Sarawak,Daro
0,2016-01-01,hospital_non_moh,Sarawak,Daro
0,2017-01-01,hospital_non_moh,Sarawak,Daro
0,2018-01-01,hospital_non_moh,Sarawak,Daro
0,2019-01-01,hospital_non_moh,Sarawak,Daro
0,2020-01-01,hospital_non_moh,Sarawak,Daro
0,2021-01-01,hospital_non_moh,Sarawak,Daro
0,2022-01-01,hospital_non_moh,Sarawak,Daro
0,2015-01-01,special_medical_institution,Sarawak,Daro
0,2016-01-01,special_medical_institution,Sarawak,Daro
0,2017-01-01,special_medical_institution,Sarawak,Daro
0,2018-01-01,special_medical_institution,Sarawak,Daro
0,2019-01-01,special_medical_institution,Sarawak,Daro
0,2020-01-01,special_medical_institution,Sarawak,Daro
0,2021-01-01,special_medical_institution,Sarawak,Daro
0,2022-01-01,special_medical_institution,Sarawak,Daro
0,2015-01-01,all,Sarawak,Julau
0,2016-01-01,all,Sarawak,Julau
0,2017-01-01,all,Sarawak,Julau
0,2018-01-01,all,Sarawak,Julau
0,2019-01-01,all,Sarawak,Julau
0,2020-01-01,all,Sarawak,Julau
0,2021-01-01,all,Sarawak,Julau
0,2022-01-01,all,Sarawak,Julau
0,2015-01-01,hospital_moh,Sarawak,Julau
0,2016-01-01,hospital_moh,Sarawak,Julau
0,2017-01-01,hospital_moh,Sarawak,Julau
0,2018-01-01,hospital_moh,Sarawak,Julau
0,2019-01-01,hospital_moh,Sarawak,Julau
0,2020-01-01,hospital_moh,Sarawak,Julau
0,2021-01-01,hospital_moh,Sarawak,Julau
0,2022-01-01,hospital_moh,Sarawak,Julau
0,2015-01-01,hospital_non_moh,Sarawak,Julau
0,2016-01-01,hospital_non_moh,Sarawak,Julau
0,2017-01-01,hospital_non_moh,Sarawak,Julau
0,2018-01-01,hospital_non_moh,Sarawak,Julau
0,2019-01-01,hospital_non_moh,Sarawak,Julau
0,2020-01-01,hospital_non_moh,Sarawak,Julau
0,2021-01-01,hospital_non_moh,Sarawak,Julau
0,2022-01-01,hospital_non_moh,Sarawak,Julau
0,2015-01-01,special_medical_institution,Sarawak,Julau
0,2016-01-01,special_medical_institution,Sarawak,Julau
0,2017-01-01,special_medical_institution,Sarawak,Julau
0,2018-01-01,special_medical_institution,Sarawak,Julau
0,2019-01-01,special_medical_institution,Sarawak,Julau
0,2020-01-01,special_medical_institution,Sarawak,Julau
0,2021-01-01,special_medical_institution,Sarawak,Julau
0,2022-01-01,special_medical_institution,Sarawak,Julau
0,2015-01-01,all,Sarawak,Kabong
0,2016-01-01,all,Sarawak,Kabong
0,2017-01-01,all,Sarawak,Kabong
0,2018-01-01,all,Sarawak,Kabong
0,2019-01-01,all,Sarawak,Kabong
0,2020-01-01,all,Sarawak,Kabong
0,2021-01-01,all,Sarawak,Kabong
0,2022-01-01,all,Sarawak,Kabong
0,2015-01-01,hospital_moh,Sarawak,Kabong
0,2016-01-01,hospital_moh,Sarawak,Kabong
0,2017-01-01,hospital_moh,Sarawak,Kabong
0,2018-01-01,hospital_moh,Sarawak,Kabong
0,2019-01-01,hospital_moh,Sarawak,Kabong
0,2020-01-01,hospital_moh,Sarawak,Kabong
0,2021-01-01,hospital_moh,Sarawak,Kabong
0,2022-01-01,hospital_moh,Sarawak,Kabong
0,2015-01-01,hospital_non_moh,Sarawak,Kabong
0,2016-01-01,hospital_non_moh,Sarawak,Kabong
0,2017-01-01,hospital_non_moh,Sarawak,Kabong
0,2018-01-01,hospital_non_moh,Sarawak,Kabong
0,2019-01-01,hospital_non_moh,Sarawak,Kabong
0,2020-01-01,hospital_non_moh,Sarawak,Kabong
0,2021-01-01,hospital_non_moh,Sarawak,Kabong
0,2022-01-01,hospital_non_moh,Sarawak,Kabong
0,2015-01-01,special_medical_institution,Sarawak,Kabong
0,2016-01-01,special_medical_institution,Sarawak,Kabong
0,2017-01-01,special_medical_institution,Sarawak,Kabong
0,2018-01-01,special_medical_institution,Sarawak,Kabong
0,2019-01-01,special_medical_institution,Sarawak,Kabong
0,2020-01-01,special_medical_institution,Sarawak,Kabong
0,2021-01-01,special_medical_institution,Sarawak,Kabong
0,2022-01-01,special_medical_institution,Sarawak,Kabong
100,2015-01-01,all,Sarawak,Kanowit
100,2016-01-01,all,Sarawak,Kanowit
100,2017-01-01,all,Sarawak,Kanowit
100,2018-01-01,all,Sarawak,Kanowit
100,2019-01-01,all,Sarawak,Kanowit
100,2020-01-01,all,Sarawak,Kanowit
100,2021-01-01,all,Sarawak,Kanowit
100,2022-01-01,all,Sarawak,Kanowit
100,2015-01-01,hospital_moh,Sarawak,Kanowit
100,2016-01-01,hospital_moh,Sarawak,Kanowit
100,2017-01-01,hospital_moh,Sarawak,Kanowit
100,2018-01-01,hospital_moh,Sarawak,Kanowit
100,2019-01-01,hospital_moh,Sarawak,Kanowit
100,2020-01-01,hospital_moh,Sarawak,Kanowit
100,2021-01-01,hospital_moh,Sarawak,Kanowit
100,2022-01-01,hospital_moh,Sarawak,Kanowit
0,2015-01-01,hospital_non_moh,Sarawak,Kanowit
0,2016-01-01,hospital_non_moh,Sarawak,Kanowit
0,2017-01-01,hospital_non_moh,Sarawak,Kanowit
0,2018-01-01,hospital_non_moh,Sarawak,Kanowit
0,2019-01-01,hospital_non_moh,Sarawak,Kanowit
0,2020-01-01,hospital_non_moh,Sarawak,Kanowit
0,2021-01-01,hospital_non_moh,Sarawak,Kanowit
0,2022-01-01,hospital_non_moh,Sarawak,Kanowit
0,2015-01-01,special_medical_institution,Sarawak,Kanowit
0,2016-01-01,special_medical_institution,Sarawak,Kanowit
0,2017-01-01,special_medical_institution,Sarawak,Kanowit
0,2018-01-01,special_medical_institution,Sarawak,Kanowit
0,2019-01-01,special_medical_institution,Sarawak,Kanowit
0,2020-01-01,special_medical_institution,Sarawak,Kanowit
0,2021-01-01,special_medical_institution,Sarawak,Kanowit
0,2022-01-01,special_medical_institution,Sarawak,Kanowit
134,2015-01-01,all,Sarawak,Kapit
134,2016-01-01,all,Sarawak,Kapit
134,2017-01-01,all,Sarawak,Kapit
134,2018-01-01,all,Sarawak,Kapit
134,2019-01-01,all,Sarawak,Kapit
134,2020-01-01,all,Sarawak,Kapit
134,2021-01-01,all,Sarawak,Kapit
134,2022-01-01,all,Sarawak,Kapit
134,2015-01-01,hospital_moh,Sarawak,Kapit
134,2016-01-01,hospital_moh,Sarawak,Kapit
134,2017-01-01,hospital_moh,Sarawak,Kapit
134,2018-01-01,hospital_moh,Sarawak,Kapit
134,2019-01-01,hospital_moh,Sarawak,Kapit
134,2020-01-01,hospital_moh,Sarawak,Kapit
134,2021-01-01,hospital_moh,Sarawak,Kapit
134,2022-01-01,hospital_moh,Sarawak,Kapit
0,2015-01-01,hospital_non_moh,Sarawak,Kapit
0,2016-01-01,hospital_non_moh,Sarawak,Kapit
0,2017-01-01,hospital_non_moh,Sarawak,Kapit
0,2018-01-01,hospital_non_moh,Sarawak,Kapit
0,2019-01-01,hospital_non_moh,Sarawak,Kapit
0,2020-01-01,hospital_non_moh,Sarawak,Kapit
0,2021-01-01,hospital_non_moh,Sarawak,Kapit
0,2022-01-01,hospital_non_moh,Sarawak,Kapit
0,2015-01-01,special_medical_institution,Sarawak,Kapit
0,2016-01-01,special_medical_institution,Sarawak,Kapit
0,2017-01-01,special_medical_institution,Sarawak,Kapit
0,2018-01-01,special_medical_institution,Sarawak,Kapit
0,2019-01-01,special_medical_institution,Sarawak,Kapit
0,2020-01-01,special_medical_institution,Sarawak,Kapit
0,2021-01-01,special_medical_institution,Sarawak,Kapit
0,2022-01-01,special_medical_institution,Sarawak,Kapit
1423,2015-01-01,all,Sarawak,Kuching
1335,2016-01-01,all,Sarawak,Kuching
1338,2017-01-01,all,Sarawak,Kuching
1338,2018-01-01,all,Sarawak,Kuching
1370,2019-01-01,all,Sarawak,Kuching
1435,2020-01-01,all,Sarawak,Kuching
1412,2021-01-01,all,Sarawak,Kuching
1412,2022-01-01,all,Sarawak,Kuching
1085,2015-01-01,hospital_moh,Sarawak,Kuching
997,2016-01-01,hospital_moh,Sarawak,Kuching
1000,2017-01-01,hospital_moh,Sarawak,Kuching
995,2018-01-01,hospital_moh,Sarawak,Kuching
1027,2019-01-01,hospital_moh,Sarawak,Kuching
1097,2020-01-01,hospital_moh,Sarawak,Kuching
1074,2021-01-01,hospital_moh,Sarawak,Kuching
1074,2022-01-01,hospital_moh,Sarawak,Kuching
0,2015-01-01,hospital_non_moh,Sarawak,Kuching
0,2016-01-01,hospital_non_moh,Sarawak,Kuching
0,2017-01-01,hospital_non_moh,Sarawak,Kuching
0,2018-01-01,hospital_non_moh,Sarawak,Kuching
0,2019-01-01,hospital_non_moh,Sarawak,Kuching
0,2020-01-01,hospital_non_moh,Sarawak,Kuching
0,2021-01-01,hospital_non_moh,Sarawak,Kuching
0,2022-01-01,hospital_non_moh,Sarawak,Kuching
338,2015-01-01,special_medical_institution,Sarawak,Kuching
338,2016-01-01,special_medical_institution,Sarawak,Kuching
338,2017-01-01,special_medical_institution,Sarawak,Kuching
343,2018-01-01,special_medical_institution,Sarawak,Kuching
343,2019-01-01,special_medical_institution,Sarawak,Kuching
338,2020-01-01,special_medical_institution,Sarawak,Kuching
338,2021-01-01,special_medical_institution,Sarawak,Kuching
338,2022-01-01,special_medical_institution,Sarawak,Kuching
46,2015-01-01,all,Sarawak,Lawas
46,2016-01-01,all,Sarawak,Lawas
46,2017-01-01,all,Sarawak,Lawas
46,2018-01-01,all,Sarawak,Lawas
46,2019-01-01,all,Sarawak,Lawas
46,2020-01-01,all,Sarawak,Lawas
46,2021-01-01,all,Sarawak,Lawas
46,2022-01-01,all,Sarawak,Lawas
46,2015-01-01,hospital_moh,Sarawak,Lawas
46,2016-01-01,hospital_moh,Sarawak,Lawas
46,2017-01-01,hospital_moh,Sarawak,Lawas
46,2018-01-01,hospital_moh,Sarawak,Lawas
46,2019-01-01,hospital_moh,Sarawak,Lawas
46,2020-01-01,hospital_moh,Sarawak,Lawas
46,2021-01-01,hospital_moh,Sarawak,Lawas
46,2022-01-01,hospital_moh,Sarawak,Lawas
0,2015-01-01,hospital_non_moh,Sarawak,Lawas
0,2016-01-01,hospital_non_moh,Sarawak,Lawas
0,2017-01-01,hospital_non_moh,Sarawak,Lawas
0,2018-01-01,hospital_non_moh,Sarawak,Lawas
0,2019-01-01,hospital_non_moh,Sarawak,Lawas
0,2020-01-01,hospital_non_moh,Sarawak,Lawas
0,2021-01-01,hospital_non_moh,Sarawak,Lawas
0,2022-01-01,hospital_non_moh,Sarawak,Lawas
0,2015-01-01,special_medical_institution,Sarawak,Lawas
0,2016-01-01,special_medical_institution,Sarawak,Lawas
0,2017-01-01,special_medical_institution,Sarawak,Lawas
0,2018-01-01,special_medical_institution,Sarawak,Lawas
0,2019-01-01,special_medical_institution,Sarawak,Lawas
0,2020-01-01,special_medical_institution,Sarawak,Lawas
0,2021-01-01,special_medical_institution,Sarawak,Lawas
0,2022-01-01,special_medical_institution,Sarawak,Lawas
100,2015-01-01,all,Sarawak,Limbang
100,2016-01-01,all,Sarawak,Limbang
100,2017-01-01,all,Sarawak,Limbang
100,2018-01-01,all,Sarawak,Limbang
100,2019-01-01,all,Sarawak,Limbang
100,2020-01-01,all,Sarawak,Limbang
100,2021-01-01,all,Sarawak,Limbang
100,2022-01-01,all,Sarawak,Limbang
100,2015-01-01,hospital_moh,Sarawak,Limbang
100,2016-01-01,hospital_moh,Sarawak,Limbang
100,2017-01-01,hospital_moh,Sarawak,Limbang
100,2018-01-01,hospital_moh,Sarawak,Limbang
100,2019-01-01,hospital_moh,Sarawak,Limbang
100,2020-01-01,hospital_moh,Sarawak,Limbang
100,2021-01-01,hospital_moh,Sarawak,Limbang
100,2022-01-01,hospital_moh,Sarawak,Limbang
0,2015-01-01,hospital_non_moh,Sarawak,Limbang
0,2016-01-01,hospital_non_moh,Sarawak,Limbang
0,2017-01-01,hospital_non_moh,Sarawak,Limbang
0,2018-01-01,hospital_non_moh,Sarawak,Limbang
0,2019-01-01,hospital_non_moh,Sarawak,Limbang
0,2020-01-01,hospital_non_moh,Sarawak,Limbang
0,2021-01-01,hospital_non_moh,Sarawak,Limbang
0,2022-01-01,hospital_non_moh,Sarawak,Limbang
0,2015-01-01,special_medical_institution,Sarawak,Limbang
0,2016-01-01,special_medical_institution,Sarawak,Limbang
0,2017-01-01,special_medical_institution,Sarawak,Limbang
0,2018-01-01,special_medical_institution,Sarawak,Limbang
0,2019-01-01,special_medical_institution,Sarawak,Limbang
0,2020-01-01,special_medical_institution,Sarawak,Limbang
0,2021-01-01,special_medical_institution,Sarawak,Limbang
0,2022-01-01,special_medical_institution,Sarawak,Limbang
0,2015-01-01,all,Sarawak,Lubok Antu
0,2016-01-01,all,Sarawak,Lubok Antu
0,2017-01-01,all,Sarawak,Lubok Antu
0,2018-01-01,all,Sarawak,Lubok Antu
0,2019-01-01,all,Sarawak,Lubok Antu
0,2020-01-01,all,Sarawak,Lubok Antu
0,2021-01-01,all,Sarawak,Lubok Antu
0,2022-01-01,all,Sarawak,Lubok Antu
0,2015-01-01,hospital_moh,Sarawak,Lubok Antu
0,2016-01-01,hospital_moh,Sarawak,Lubok Antu
0,2017-01-01,hospital_moh,Sarawak,Lubok Antu
0,2018-01-01,hospital_moh,Sarawak,Lubok Antu
0,2019-01-01,hospital_moh,Sarawak,Lubok Antu
0,2020-01-01,hospital_moh,Sarawak,Lubok Antu
0,2021-01-01,hospital_moh,Sarawak,Lubok Antu
0,2022-01-01,hospital_moh,Sarawak,Lubok Antu
0,2015-01-01,hospital_non_moh,Sarawak,Lubok Antu
0,2016-01-01,hospital_non_moh,Sarawak,Lubok Antu
0,2017-01-01,hospital_non_moh,Sarawak,Lubok Antu
0,2018-01-01,hospital_non_moh,Sarawak,Lubok Antu
0,2019-01-01,hospital_non_moh,Sarawak,Lubok Antu
0,2020-01-01,hospital_non_moh,Sarawak,Lubok Antu
0,2021-01-01,hospital_non_moh,Sarawak,Lubok Antu
0,2022-01-01,hospital_non_moh,Sarawak,Lubok Antu
0,2015-01-01,special_medical_institution,Sarawak,Lubok Antu
0,2016-01-01,special_medical_institution,Sarawak,Lubok Antu
0,2017-01-01,special_medical_institution,Sarawak,Lubok Antu
0,2018-01-01,special_medical_institution,Sarawak,Lubok Antu
0,2019-01-01,special_medical_institution,Sarawak,Lubok Antu
0,2020-01-01,special_medical_institution,Sarawak,Lubok Antu
0,2021-01-01,special_medical_institution,Sarawak,Lubok Antu
0,2022-01-01,special_medical_institution,Sarawak,Lubok Antu
46,2015-01-01,all,Sarawak,Lundu
46,2016-01-01,all,Sarawak,Lundu
46,2017-01-01,all,Sarawak,Lundu
46,2018-01-01,all,Sarawak,Lundu
46,2019-01-01,all,Sarawak,Lundu
46,2020-01-01,all,Sarawak,Lundu
46,2021-01-01,all,Sarawak,Lundu
46,2022-01-01,all,Sarawak,Lundu
46,2015-01-01,hospital_moh,Sarawak,Lundu
46,2016-01-01,hospital_moh,Sarawak,Lundu
46,2017-01-01,hospital_moh,Sarawak,Lundu
46,2018-01-01,hospital_moh,Sarawak,Lundu
46,2019-01-01,hospital_moh,Sarawak,Lundu
46,2020-01-01,hospital_moh,Sarawak,Lundu
46,2021-01-01,hospital_moh,Sarawak,Lundu
46,2022-01-01,hospital_moh,Sarawak,Lundu
0,2015-01-01,hospital_non_moh,Sarawak,Lundu
0,2016-01-01,hospital_non_moh,Sarawak,Lundu
0,2017-01-01,hospital_non_moh,Sarawak,Lundu
0,2018-01-01,hospital_non_moh,Sarawak,Lundu
0,2019-01-01,hospital_non_moh,Sarawak,Lundu
0,2020-01-01,hospital_non_moh,Sarawak,Lundu
0,2021-01-01,hospital_non_moh,Sarawak,Lundu
0,2022-01-01,hospital_non_moh,Sarawak,Lundu
0,2015-01-01,special_medical_institution,Sarawak,Lundu
0,2016-01-01,special_medical_institution,Sarawak,Lundu
0,2017-01-01,special_medical_institution,Sarawak,Lundu
0,2018-01-01,special_medical_institution,Sarawak,Lundu
0,2019-01-01,special_medical_institution,Sarawak,Lundu
0,2020-01-01,special_medical_institution,Sarawak,Lundu
0,2021-01-01,special_medical_institution,Sarawak,Lundu
0,2022-01-01,special_medical_institution,Sarawak,Lundu
54,2015-01-01,all,Sarawak,Marudi
54,2016-01-01,all,Sarawak,Marudi
54,2017-01-01,all,Sarawak,Marudi
54,2018-01-01,all,Sarawak,Marudi
54,2019-01-01,all,Sarawak,Marudi
54,2020-01-01,all,Sarawak,Marudi
54,2021-01-01,all,Sarawak,Marudi
54,2022-01-01,all,Sarawak,Marudi
54,2015-01-01,hospital_moh,Sarawak,Marudi
54,2016-01-01,hospital_moh,Sarawak,Marudi
54,2017-01-01,hospital_moh,Sarawak,Marudi
54,2018-01-01,hospital_moh,Sarawak,Marudi
54,2019-01-01,hospital_moh,Sarawak,Marudi
54,2020-01-01,hospital_moh,Sarawak,Marudi
54,2021-01-01,hospital_moh,Sarawak,Marudi
54,2022-01-01,hospital_moh,Sarawak,Marudi
0,2015-01-01,hospital_non_moh,Sarawak,Marudi
0,2016-01-01,hospital_non_moh,Sarawak,Marudi
0,2017-01-01,hospital_non_moh,Sarawak,Marudi
0,2018-01-01,hospital_non_moh,Sarawak,Marudi
0,2019-01-01,hospital_non_moh,Sarawak,Marudi
0,2020-01-01,hospital_non_moh,Sarawak,Marudi
0,2021-01-01,hospital_non_moh,Sarawak,Marudi
0,2022-01-01,hospital_non_moh,Sarawak,Marudi
0,2015-01-01,special_medical_institution,Sarawak,Marudi
0,2016-01-01,special_medical_institution,Sarawak,Marudi
0,2017-01-01,special_medical_institution,Sarawak,Marudi
0,2018-01-01,special_medical_institution,Sarawak,Marudi
0,2019-01-01,special_medical_institution,Sarawak,Marudi
0,2020-01-01,special_medical_institution,Sarawak,Marudi
0,2021-01-01,special_medical_institution,Sarawak,Marudi
0,2022-01-01,special_medical_institution,Sarawak,Marudi
0,2015-01-01,all,Sarawak,Matu
0,2016-01-01,all,Sarawak,Matu
0,2017-01-01,all,Sarawak,Matu
0,2018-01-01,all,Sarawak,Matu
0,2019-01-01,all,Sarawak,Matu
0,2020-01-01,all,Sarawak,Matu
0,2021-01-01,all,Sarawak,Matu
0,2022-01-01,all,Sarawak,Matu
0,2015-01-01,hospital_moh,Sarawak,Matu
0,2016-01-01,hospital_moh,Sarawak,Matu
0,2017-01-01,hospital_moh,Sarawak,Matu
0,2018-01-01,hospital_moh,Sarawak,Matu
0,2019-01-01,hospital_moh,Sarawak,Matu
0,2020-01-01,hospital_moh,Sarawak,Matu
0,2021-01-01,hospital_moh,Sarawak,Matu
0,2022-01-01,hospital_moh,Sarawak,Matu
0,2015-01-01,hospital_non_moh,Sarawak,Matu
0,2016-01-01,hospital_non_moh,Sarawak,Matu
0,2017-01-01,hospital_non_moh,Sarawak,Matu
0,2018-01-01,hospital_non_moh,Sarawak,Matu
0,2019-01-01,hospital_non_moh,Sarawak,Matu
0,2020-01-01,hospital_non_moh,Sarawak,Matu
0,2021-01-01,hospital_non_moh,Sarawak,Matu
0,2022-01-01,hospital_non_moh,Sarawak,Matu
0,2015-01-01,special_medical_institution,Sarawak,Matu
0,2016-01-01,special_medical_institution,Sarawak,Matu
0,2017-01-01,special_medical_institution,Sarawak,Matu
0,2018-01-01,special_medical_institution,Sarawak,Matu
0,2019-01-01,special_medical_institution,Sarawak,Matu
0,2020-01-01,special_medical_institution,Sarawak,Matu
0,2021-01-01,special_medical_institution,Sarawak,Matu
0,2022-01-01,special_medical_institution,Sarawak,Matu
0,2015-01-01,all,Sarawak,Meradong
0,2016-01-01,all,Sarawak,Meradong
0,2017-01-01,all,Sarawak,Meradong
0,2018-01-01,all,Sarawak,Meradong
0,2019-01-01,all,Sarawak,Meradong
0,2020-01-01,all,Sarawak,Meradong
0,2021-01-01,all,Sarawak,Meradong
0,2022-01-01,all,Sarawak,Meradong
0,2015-01-01,hospital_moh,Sarawak,Meradong
0,2016-01-01,hospital_moh,Sarawak,Meradong
0,2017-01-01,hospital_moh,Sarawak,Meradong
0,2018-01-01,hospital_moh,Sarawak,Meradong
0,2019-01-01,hospital_moh,Sarawak,Meradong
0,2020-01-01,hospital_moh,Sarawak,Meradong
0,2021-01-01,hospital_moh,Sarawak,Meradong
0,2022-01-01,hospital_moh,Sarawak,Meradong
0,2015-01-01,hospital_non_moh,Sarawak,Meradong
0,2016-01-01,hospital_non_moh,Sarawak,Meradong
0,2017-01-01,hospital_non_moh,Sarawak,Meradong
0,2018-01-01,hospital_non_moh,Sarawak,Meradong
0,2019-01-01,hospital_non_moh,Sarawak,Meradong
0,2020-01-01,hospital_non_moh,Sarawak,Meradong
0,2021-01-01,hospital_non_moh,Sarawak,Meradong
0,2022-01-01,hospital_non_moh,Sarawak,Meradong
0,2015-01-01,special_medical_institution,Sarawak,Meradong
0,2016-01-01,special_medical_institution,Sarawak,Meradong
0,2017-01-01,special_medical_institution,Sarawak,Meradong
0,2018-01-01,special_medical_institution,Sarawak,Meradong
0,2019-01-01,special_medical_institution,Sarawak,Meradong
0,2020-01-01,special_medical_institution,Sarawak,Meradong
0,2021-01-01,special_medical_institution,Sarawak,Meradong
0,2022-01-01,special_medical_institution,Sarawak,Meradong
339,2015-01-01,all,Sarawak,Miri
345,2016-01-01,all,Sarawak,Miri
345,2017-01-01,all,Sarawak,Miri
349,2018-01-01,all,Sarawak,Miri
349,2019-01-01,all,Sarawak,Miri
349,2020-01-01,all,Sarawak,Miri
349,2021-01-01,all,Sarawak,Miri
349,2022-01-01,all,Sarawak,Miri
339,2015-01-01,hospital_moh,Sarawak,Miri
345,2016-01-01,hospital_moh,Sarawak,Miri
345,2017-01-01,hospital_moh,Sarawak,Miri
349,2018-01-01,hospital_moh,Sarawak,Miri
349,2019-01-01,hospital_moh,Sarawak,Miri
349,2020-01-01,hospital_moh,Sarawak,Miri
349,2021-01-01,hospital_moh,Sarawak,Miri
349,2022-01-01,hospital_moh,Sarawak,Miri
0,2015-01-01,hospital_non_moh,Sarawak,Miri
0,2016-01-01,hospital_non_moh,Sarawak,Miri
0,2017-01-01,hospital_non_moh,Sarawak,Miri
0,2018-01-01,hospital_non_moh,Sarawak,Miri
0,2019-01-01,hospital_non_moh,Sarawak,Miri
0,2020-01-01,hospital_non_moh,Sarawak,Miri
0,2021-01-01,hospital_non_moh,Sarawak,Miri
0,2022-01-01,hospital_non_moh,Sarawak,Miri
0,2015-01-01,special_medical_institution,Sarawak,Miri
0,2016-01-01,special_medical_institution,Sarawak,Miri
0,2017-01-01,special_medical_institution,Sarawak,Miri
0,2018-01-01,special_medical_institution,Sarawak,Miri
0,2019-01-01,special_medical_institution,Sarawak,Miri
0,2020-01-01,special_medical_institution,Sarawak,Miri
0,2021-01-01,special_medical_institution,Sarawak,Miri
0,2022-01-01,special_medical_institution,Sarawak,Miri
80,2015-01-01,all,Sarawak,Mukah
80,2016-01-01,all,Sarawak,Mukah
80,2017-01-01,all,Sarawak,Mukah
80,2018-01-01,all,Sarawak,Mukah
80,2019-01-01,all,Sarawak,Mukah
80,2020-01-01,all,Sarawak,Mukah
80,2021-01-01,all,Sarawak,Mukah
80,2022-01-01,all,Sarawak,Mukah
80,2015-01-01,hospital_moh,Sarawak,Mukah
80,2016-01-01,hospital_moh,Sarawak,Mukah
80,2017-01-01,hospital_moh,Sarawak,Mukah
80,2018-01-01,hospital_moh,Sarawak,Mukah
80,2019-01-01,hospital_moh,Sarawak,Mukah
80,2020-01-01,hospital_moh,Sarawak,Mukah
80,2021-01-01,hospital_moh,Sarawak,Mukah
80,2022-01-01,hospital_moh,Sarawak,Mukah
0,2015-01-01,hospital_non_moh,Sarawak,Mukah
0,2016-01-01,hospital_non_moh,Sarawak,Mukah
0,2017-01-01,hospital_non_moh,Sarawak,Mukah
0,2018-01-01,hospital_non_moh,Sarawak,Mukah
0,2019-01-01,hospital_non_moh,Sarawak,Mukah
0,2020-01-01,hospital_non_moh,Sarawak,Mukah
0,2021-01-01,hospital_non_moh,Sarawak,Mukah
0,2022-01-01,hospital_non_moh,Sarawak,Mukah
0,2015-01-01,special_medical_institution,Sarawak,Mukah
0,2016-01-01,special_medical_institution,Sarawak,Mukah
0,2017-01-01,special_medical_institution,Sarawak,Mukah
0,2018-01-01,special_medical_institution,Sarawak,Mukah
0,2019-01-01,special_medical_institution,Sarawak,Mukah
0,2020-01-01,special_medical_institution,Sarawak,Mukah
0,2021-01-01,special_medical_institution,Sarawak,Mukah
0,2022-01-01,special_medical_institution,Sarawak,Mukah
0,2015-01-01,all,Sarawak,Pakan
0,2016-01-01,all,Sarawak,Pakan
0,2017-01-01,all,Sarawak,Pakan
0,2018-01-01,all,Sarawak,Pakan
0,2019-01-01,all,Sarawak,Pakan
0,2020-01-01,all,Sarawak,Pakan
0,2021-01-01,all,Sarawak,Pakan
0,2022-01-01,all,Sarawak,Pakan
0,2015-01-01,hospital_moh,Sarawak,Pakan
0,2016-01-01,hospital_moh,Sarawak,Pakan
0,2017-01-01,hospital_moh,Sarawak,Pakan
0,2018-01-01,hospital_moh,Sarawak,Pakan
0,2019-01-01,hospital_moh,Sarawak,Pakan
0,2020-01-01,hospital_moh,Sarawak,Pakan
0,2021-01-01,hospital_moh,Sarawak,Pakan
0,2022-01-01,hospital_moh,Sarawak,Pakan
0,2015-01-01,hospital_non_moh,Sarawak,Pakan
0,2016-01-01,hospital_non_moh,Sarawak,Pakan
0,2017-01-01,hospital_non_moh,Sarawak,Pakan
0,2018-01-01,hospital_non_moh,Sarawak,Pakan
0,2019-01-01,hospital_non_moh,Sarawak,Pakan
0,2020-01-01,hospital_non_moh,Sarawak,Pakan
0,2021-01-01,hospital_non_moh,Sarawak,Pakan
0,2022-01-01,hospital_non_moh,Sarawak,Pakan
0,2015-01-01,special_medical_institution,Sarawak,Pakan
0,2016-01-01,special_medical_institution,Sarawak,Pakan
0,2017-01-01,special_medical_institution,Sarawak,Pakan
0,2018-01-01,special_medical_institution,Sarawak,Pakan
0,2019-01-01,special_medical_institution,Sarawak,Pakan
0,2020-01-01,special_medical_institution,Sarawak,Pakan
0,2021-01-01,special_medical_institution,Sarawak,Pakan
0,2022-01-01,special_medical_institution,Sarawak,Pakan
0,2015-01-01,all,Sarawak,Pusa
0,2016-01-01,all,Sarawak,Pusa
0,2017-01-01,all,Sarawak,Pusa
0,2018-01-01,all,Sarawak,Pusa
0,2019-01-01,all,Sarawak,Pusa
0,2020-01-01,all,Sarawak,Pusa
0,2021-01-01,all,Sarawak,Pusa
0,2022-01-01,all,Sarawak,Pusa
0,2015-01-01,hospital_moh,Sarawak,Pusa
0,2016-01-01,hospital_moh,Sarawak,Pusa
0,2017-01-01,hospital_moh,Sarawak,Pusa
0,2018-01-01,hospital_moh,Sarawak,Pusa
0,2019-01-01,hospital_moh,Sarawak,Pusa
0,2020-01-01,hospital_moh,Sarawak,Pusa
0,2021-01-01,hospital_moh,Sarawak,Pusa
0,2022-01-01,hospital_moh,Sarawak,Pusa
0,2015-01-01,hospital_non_moh,Sarawak,Pusa
0,2016-01-01,hospital_non_moh,Sarawak,Pusa
0,2017-01-01,hospital_non_moh,Sarawak,Pusa
0,2018-01-01,hospital_non_moh,Sarawak,Pusa
0,2019-01-01,hospital_non_moh,Sarawak,Pusa
0,2020-01-01,hospital_non_moh,Sarawak,Pusa
0,2021-01-01,hospital_non_moh,Sarawak,Pusa
0,2022-01-01,hospital_non_moh,Sarawak,Pusa
0,2015-01-01,special_medical_institution,Sarawak,Pusa
0,2016-01-01,special_medical_institution,Sarawak,Pusa
0,2017-01-01,special_medical_institution,Sarawak,Pusa
0,2018-01-01,special_medical_institution,Sarawak,Pusa
0,2019-01-01,special_medical_institution,Sarawak,Pusa
0,2020-01-01,special_medical_institution,Sarawak,Pusa
0,2021-01-01,special_medical_institution,Sarawak,Pusa
0,2022-01-01,special_medical_institution,Sarawak,Pusa
0,2015-01-01,all,Sarawak,Samarahan
106,2016-01-01,all,Sarawak,Samarahan
112,2017-01-01,all,Sarawak,Samarahan
128,2018-01-01,all,Sarawak,Samarahan
128,2019-01-01,all,Sarawak,Samarahan
128,2020-01-01,all,Sarawak,Samarahan
128,2021-01-01,all,Sarawak,Samarahan
128,2022-01-01,all,Sarawak,Samarahan
0,2015-01-01,hospital_moh,Sarawak,Samarahan
106,2016-01-01,hospital_moh,Sarawak,Samarahan
112,2017-01-01,hospital_moh,Sarawak,Samarahan
128,2018-01-01,hospital_moh,Sarawak,Samarahan
128,2019-01-01,hospital_moh,Sarawak,Samarahan
0,2020-01-01,hospital_moh,Sarawak,Samarahan
0,2021-01-01,hospital_moh,Sarawak,Samarahan
0,2022-01-01,hospital_moh,Sarawak,Samarahan
0,2015-01-01,hospital_non_moh,Sarawak,Samarahan
0,2016-01-01,hospital_non_moh,Sarawak,Samarahan
0,2017-01-01,hospital_non_moh,Sarawak,Samarahan
0,2018-01-01,hospital_non_moh,Sarawak,Samarahan
0,2019-01-01,hospital_non_moh,Sarawak,Samarahan
0,2020-01-01,hospital_non_moh,Sarawak,Samarahan
0,2021-01-01,hospital_non_moh,Sarawak,Samarahan
0,2022-01-01,hospital_non_moh,Sarawak,Samarahan
0,2015-01-01,special_medical_institution,Sarawak,Samarahan
0,2016-01-01,special_medical_institution,Sarawak,Samarahan
0,2017-01-01,special_medical_institution,Sarawak,Samarahan
0,2018-01-01,special_medical_institution,Sarawak,Samarahan
0,2019-01-01,special_medical_institution,Sarawak,Samarahan
128,2020-01-01,special_medical_institution,Sarawak,Samarahan
128,2021-01-01,special_medical_institution,Sarawak,Samarahan
128,2022-01-01,special_medical_institution,Sarawak,Samarahan
106,2015-01-01,all,Sarawak,Saratok
106,2016-01-01,all,Sarawak,Saratok
106,2017-01-01,all,Sarawak,Saratok
106,2018-01-01,all,Sarawak,Saratok
106,2019-01-01,all,Sarawak,Saratok
106,2020-01-01,all,Sarawak,Saratok
106,2021-01-01,all,Sarawak,Saratok
106,2022-01-01,all,Sarawak,Saratok
106,2015-01-01,hospital_moh,Sarawak,Saratok
106,2016-01-01,hospital_moh,Sarawak,Saratok
106,2017-01-01,hospital_moh,Sarawak,Saratok
106,2018-01-01,hospital_moh,Sarawak,Saratok
106,2019-01-01,hospital_moh,Sarawak,Saratok
106,2020-01-01,hospital_moh,Sarawak,Saratok
106,2021-01-01,hospital_moh,Sarawak,Saratok
106,2022-01-01,hospital_moh,Sarawak,Saratok
0,2015-01-01,hospital_non_moh,Sarawak,Saratok
0,2016-01-01,hospital_non_moh,Sarawak,Saratok
0,2017-01-01,hospital_non_moh,Sarawak,Saratok
0,2018-01-01,hospital_non_moh,Sarawak,Saratok
0,2019-01-01,hospital_non_moh,Sarawak,Saratok
0,2020-01-01,hospital_non_moh,Sarawak,Saratok
0,2021-01-01,hospital_non_moh,Sarawak,Saratok
0,2022-01-01,hospital_non_moh,Sarawak,Saratok
0,2015-01-01,special_medical_institution,Sarawak,Saratok
0,2016-01-01,special_medical_institution,Sarawak,Saratok
0,2017-01-01,special_medical_institution,Sarawak,Saratok
0,2018-01-01,special_medical_institution,Sarawak,Saratok
0,2019-01-01,special_medical_institution,Sarawak,Saratok
0,2020-01-01,special_medical_institution,Sarawak,Saratok
0,2021-01-01,special_medical_institution,Sarawak,Saratok
0,2022-01-01,special_medical_institution,Sarawak,Saratok
212,2015-01-01,all,Sarawak,Sarikei
212,2016-01-01,all,Sarawak,Sarikei
212,2017-01-01,all,Sarawak,Sarikei
212,2018-01-01,all,Sarawak,Sarikei
212,2019-01-01,all,Sarawak,Sarikei
212,2020-01-01,all,Sarawak,Sarikei
212,2021-01-01,all,Sarawak,Sarikei
212,2022-01-01,all,Sarawak,Sarikei
212,2015-01-01,hospital_moh,Sarawak,Sarikei
212,2016-01-01,hospital_moh,Sarawak,Sarikei
212,2017-01-01,hospital_moh,Sarawak,Sarikei
212,2018-01-01,hospital_moh,Sarawak,Sarikei
212,2019-01-01,hospital_moh,Sarawak,Sarikei
212,2020-01-01,hospital_moh,Sarawak,Sarikei
212,2021-01-01,hospital_moh,Sarawak,Sarikei
212,2022-01-01,hospital_moh,Sarawak,Sarikei
0,2015-01-01,hospital_non_moh,Sarawak,Sarikei
0,2016-01-01,hospital_non_moh,Sarawak,Sarikei
0,2017-01-01,hospital_non_moh,Sarawak,Sarikei
0,2018-01-01,hospital_non_moh,Sarawak,Sarikei
0,2019-01-01,hospital_non_moh,Sarawak,Sarikei
0,2020-01-01,hospital_non_moh,Sarawak,Sarikei
0,2021-01-01,hospital_non_moh,Sarawak,Sarikei
0,2022-01-01,hospital_non_moh,Sarawak,Sarikei
0,2015-01-01,special_medical_institution,Sarawak,Sarikei
0,2016-01-01,special_medical_institution,Sarawak,Sarikei
0,2017-01-01,special_medical_institution,Sarawak,Sarikei
0,2018-01-01,special_medical_institution,Sarawak,Sarikei
0,2019-01-01,special_medical_institution,Sarawak,Sarikei
0,2020-01-01,special_medical_institution,Sarawak,Sarikei
0,2021-01-01,special_medical_institution,Sarawak,Sarikei
0,2022-01-01,special_medical_institution,Sarawak,Sarikei
0,2015-01-01,all,Sarawak,Sebauh
0,2016-01-01,all,Sarawak,Sebauh
0,2017-01-01,all,Sarawak,Sebauh
0,2018-01-01,all,Sarawak,Sebauh
0,2019-01-01,all,Sarawak,Sebauh
0,2020-01-01,all,Sarawak,Sebauh
0,2021-01-01,all,Sarawak,Sebauh
0,2022-01-01,all,Sarawak,Sebauh
0,2015-01-01,hospital_moh,Sarawak,Sebauh
0,2016-01-01,hospital_moh,Sarawak,Sebauh
0,2017-01-01,hospital_moh,Sarawak,Sebauh
0,2018-01-01,hospital_moh,Sarawak,Sebauh
0,2019-01-01,hospital_moh,Sarawak,Sebauh
0,2020-01-01,hospital_moh,Sarawak,Sebauh
0,2021-01-01,hospital_moh,Sarawak,Sebauh
0,2022-01-01,hospital_moh,Sarawak,Sebauh
0,2015-01-01,hospital_non_moh,Sarawak,Sebauh
0,2016-01-01,hospital_non_moh,Sarawak,Sebauh
0,2017-01-01,hospital_non_moh,Sarawak,Sebauh
0,2018-01-01,hospital_non_moh,Sarawak,Sebauh
0,2019-01-01,hospital_non_moh,Sarawak,Sebauh
0,2020-01-01,hospital_non_moh,Sarawak,Sebauh
0,2021-01-01,hospital_non_moh,Sarawak,Sebauh
0,2022-01-01,hospital_non_moh,Sarawak,Sebauh
0,2015-01-01,special_medical_institution,Sarawak,Sebauh
0,2016-01-01,special_medical_institution,Sarawak,Sebauh
0,2017-01-01,special_medical_institution,Sarawak,Sebauh
0,2018-01-01,special_medical_institution,Sarawak,Sebauh
0,2019-01-01,special_medical_institution,Sarawak,Sebauh
0,2020-01-01,special_medical_institution,Sarawak,Sebauh
0,2021-01-01,special_medical_institution,Sarawak,Sebauh
0,2022-01-01,special_medical_institution,Sarawak,Sebauh
0,2015-01-01,all,Sarawak,Selangau
0,2016-01-01,all,Sarawak,Selangau
0,2017-01-01,all,Sarawak,Selangau
0,2018-01-01,all,Sarawak,Selangau
0,2019-01-01,all,Sarawak,Selangau
0,2020-01-01,all,Sarawak,Selangau
0,2021-01-01,all,Sarawak,Selangau
0,2022-01-01,all,Sarawak,Selangau
0,2015-01-01,hospital_moh,Sarawak,Selangau
0,2016-01-01,hospital_moh,Sarawak,Selangau
0,2017-01-01,hospital_moh,Sarawak,Selangau
0,2018-01-01,hospital_moh,Sarawak,Selangau
0,2019-01-01,hospital_moh,Sarawak,Selangau
0,2020-01-01,hospital_moh,Sarawak,Selangau
0,2021-01-01,hospital_moh,Sarawak,Selangau
0,2022-01-01,hospital_moh,Sarawak,Selangau
0,2015-01-01,hospital_non_moh,Sarawak,Selangau
0,2016-01-01,hospital_non_moh,Sarawak,Selangau
0,2017-01-01,hospital_non_moh,Sarawak,Selangau
0,2018-01-01,hospital_non_moh,Sarawak,Selangau
0,2019-01-01,hospital_non_moh,Sarawak,Selangau
0,2020-01-01,hospital_non_moh,Sarawak,Selangau
0,2021-01-01,hospital_non_moh,Sarawak,Selangau
0,2022-01-01,hospital_non_moh,Sarawak,Selangau
0,2015-01-01,special_medical_institution,Sarawak,Selangau
0,2016-01-01,special_medical_institution,Sarawak,Selangau
0,2017-01-01,special_medical_institution,Sarawak,Selangau
0,2018-01-01,special_medical_institution,Sarawak,Selangau
0,2019-01-01,special_medical_institution,Sarawak,Selangau
0,2020-01-01,special_medical_institution,Sarawak,Selangau
0,2021-01-01,special_medical_institution,Sarawak,Selangau
0,2022-01-01,special_medical_institution,Sarawak,Selangau
84,2015-01-01,all,Sarawak,Serian
84,2016-01-01,all,Sarawak,Serian
84,2017-01-01,all,Sarawak,Serian
84,2018-01-01,all,Sarawak,Serian
84,2019-01-01,all,Sarawak,Serian
84,2020-01-01,all,Sarawak,Serian
84,2021-01-01,all,Sarawak,Serian
84,2022-01-01,all,Sarawak,Serian
84,2015-01-01,hospital_moh,Sarawak,Serian
84,2016-01-01,hospital_moh,Sarawak,Serian
84,2017-01-01,hospital_moh,Sarawak,Serian
84,2018-01-01,hospital_moh,Sarawak,Serian
84,2019-01-01,hospital_moh,Sarawak,Serian
84,2020-01-01,hospital_moh,Sarawak,Serian
84,2021-01-01,hospital_moh,Sarawak,Serian
84,2022-01-01,hospital_moh,Sarawak,Serian
0,2015-01-01,hospital_non_moh,Sarawak,Serian
0,2016-01-01,hospital_non_moh,Sarawak,Serian
0,2017-01-01,hospital_non_moh,Sarawak,Serian
0,2018-01-01,hospital_non_moh,Sarawak,Serian
0,2019-01-01,hospital_non_moh,Sarawak,Serian
0,2020-01-01,hospital_non_moh,Sarawak,Serian
0,2021-01-01,hospital_non_moh,Sarawak,Serian
0,2022-01-01,hospital_non_moh,Sarawak,Serian
0,2015-01-01,special_medical_institution,Sarawak,Serian
0,2016-01-01,special_medical_institution,Sarawak,Serian
0,2017-01-01,special_medical_institution,Sarawak,Serian
0,2018-01-01,special_medical_institution,Sarawak,Serian
0,2019-01-01,special_medical_institution,Sarawak,Serian
0,2020-01-01,special_medical_institution,Sarawak,Serian
0,2021-01-01,special_medical_institution,Sarawak,Serian
0,2022-01-01,special_medical_institution,Sarawak,Serian
620,2015-01-01,all,Sarawak,Sibu
630,2016-01-01,all,Sarawak,Sibu
630,2017-01-01,all,Sarawak,Sibu
662,2018-01-01,all,Sarawak,Sibu
662,2019-01-01,all,Sarawak,Sibu
662,2020-01-01,all,Sarawak,Sibu
642,2021-01-01,all,Sarawak,Sibu
662,2022-01-01,all,Sarawak,Sibu
620,2015-01-01,hospital_moh,Sarawak,Sibu
630,2016-01-01,hospital_moh,Sarawak,Sibu
630,2017-01-01,hospital_moh,Sarawak,Sibu
662,2018-01-01,hospital_moh,Sarawak,Sibu
662,2019-01-01,hospital_moh,Sarawak,Sibu
662,2020-01-01,hospital_moh,Sarawak,Sibu
642,2021-01-01,hospital_moh,Sarawak,Sibu
662,2022-01-01,hospital_moh,Sarawak,Sibu
0,2015-01-01,hospital_non_moh,Sarawak,Sibu
0,2016-01-01,hospital_non_moh,Sarawak,Sibu
0,2017-01-01,hospital_non_moh,Sarawak,Sibu
0,2018-01-01,hospital_non_moh,Sarawak,Sibu
0,2019-01-01,hospital_non_moh,Sarawak,Sibu
0,2020-01-01,hospital_non_moh,Sarawak,Sibu
0,2021-01-01,hospital_non_moh,Sarawak,Sibu
0,2022-01-01,hospital_non_moh,Sarawak,Sibu
0,2015-01-01,special_medical_institution,Sarawak,Sibu
0,2016-01-01,special_medical_institution,Sarawak,Sibu
0,2017-01-01,special_medical_institution,Sarawak,Sibu
0,2018-01-01,special_medical_institution,Sarawak,Sibu
0,2019-01-01,special_medical_institution,Sarawak,Sibu
0,2020-01-01,special_medical_institution,Sarawak,Sibu
0,2021-01-01,special_medical_institution,Sarawak,Sibu
0,2022-01-01,special_medical_institution,Sarawak,Sibu
42,2015-01-01,all,Sarawak,Simunjan
42,2016-01-01,all,Sarawak,Simunjan
42,2017-01-01,all,Sarawak,Simunjan
42,2018-01-01,all,Sarawak,Simunjan
42,2019-01-01,all,Sarawak,Simunjan
42,2020-01-01,all,Sarawak,Simunjan
42,2021-01-01,all,Sarawak,Simunjan
42,2022-01-01,all,Sarawak,Simunjan
42,2015-01-01,hospital_moh,Sarawak,Simunjan
42,2016-01-01,hospital_moh,Sarawak,Simunjan
42,2017-01-01,hospital_moh,Sarawak,Simunjan
42,2018-01-01,hospital_moh,Sarawak,Simunjan
42,2019-01-01,hospital_moh,Sarawak,Simunjan
42,2020-01-01,hospital_moh,Sarawak,Simunjan
42,2021-01-01,hospital_moh,Sarawak,Simunjan
42,2022-01-01,hospital_moh,Sarawak,Simunjan
0,2015-01-01,hospital_non_moh,Sarawak,Simunjan
0,2016-01-01,hospital_non_moh,Sarawak,Simunjan
0,2017-01-01,hospital_non_moh,Sarawak,Simunjan
0,2018-01-01,hospital_non_moh,Sarawak,Simunjan
0,2019-01-01,hospital_non_moh,Sarawak,Simunjan
0,2020-01-01,hospital_non_moh,Sarawak,Simunjan
0,2021-01-01,hospital_non_moh,Sarawak,Simunjan
0,2022-01-01,hospital_non_moh,Sarawak,Simunjan
0,2015-01-01,special_medical_institution,Sarawak,Simunjan
0,2016-01-01,special_medical_institution,Sarawak,Simunjan
0,2017-01-01,special_medical_institution,Sarawak,Simunjan
0,2018-01-01,special_medical_institution,Sarawak,Simunjan
0,2019-01-01,special_medical_institution,Sarawak,Simunjan
0,2020-01-01,special_medical_institution,Sarawak,Simunjan
0,2021-01-01,special_medical_institution,Sarawak,Simunjan
0,2022-01-01,special_medical_institution,Sarawak,Simunjan
0,2015-01-01,all,Sarawak,Song
0,2016-01-01,all,Sarawak,Song
0,2017-01-01,all,Sarawak,Song
0,2018-01-01,all,Sarawak,Song
0,2019-01-01,all,Sarawak,Song
0,2020-01-01,all,Sarawak,Song
0,2021-01-01,all,Sarawak,Song
0,2022-01-01,all,Sarawak,Song
0,2015-01-01,hospital_moh,Sarawak,Song
0,2016-01-01,hospital_moh,Sarawak,Song
0,2017-01-01,hospital_moh,Sarawak,Song
0,2018-01-01,hospital_moh,Sarawak,Song
0,2019-01-01,hospital_moh,Sarawak,Song
0,2020-01-01,hospital_moh,Sarawak,Song
0,2021-01-01,hospital_moh,Sarawak,Song
0,2022-01-01,hospital_moh,Sarawak,Song
0,2015-01-01,hospital_non_moh,Sarawak,Song
0,2016-01-01,hospital_non_moh,Sarawak,Song
0,2017-01-01,hospital_non_moh,Sarawak,Song
0,2018-01-01,hospital_non_moh,Sarawak,Song
0,2019-01-01,hospital_non_moh,Sarawak,Song
0,2020-01-01,hospital_non_moh,Sarawak,Song
0,2021-01-01,hospital_non_moh,Sarawak,Song
0,2022-01-01,hospital_non_moh,Sarawak,Song
0,2015-01-01,special_medical_institution,Sarawak,Song
0,2016-01-01,special_medical_institution,Sarawak,Song
0,2017-01-01,special_medical_institution,Sarawak,Song
0,2018-01-01,special_medical_institution,Sarawak,Song
0,2019-01-01,special_medical_institution,Sarawak,Song
0,2020-01-01,special_medical_institution,Sarawak,Song
0,2021-01-01,special_medical_institution,Sarawak,Song
0,2022-01-01,special_medical_institution,Sarawak,Song
96,2015-01-01,all,Sarawak,Sri Aman
96,2016-01-01,all,Sarawak,Sri Aman
96,2017-01-01,all,Sarawak,Sri Aman
96,2018-01-01,all,Sarawak,Sri Aman
96,2019-01-01,all,Sarawak,Sri Aman
96,2020-01-01,all,Sarawak,Sri Aman
92,2021-01-01,all,Sarawak,Sri Aman
92,2022-01-01,all,Sarawak,Sri Aman
96,2015-01-01,hospital_moh,Sarawak,Sri Aman
96,2016-01-01,hospital_moh,Sarawak,Sri Aman
96,2017-01-01,hospital_moh,Sarawak,Sri Aman
96,2018-01-01,hospital_moh,Sarawak,Sri Aman
96,2019-01-01,hospital_moh,Sarawak,Sri Aman
96,2020-01-01,hospital_moh,Sarawak,Sri Aman
92,2021-01-01,hospital_moh,Sarawak,Sri Aman
92,2022-01-01,hospital_moh,Sarawak,Sri Aman
0,2015-01-01,hospital_non_moh,Sarawak,Sri Aman
0,2016-01-01,hospital_non_moh,Sarawak,Sri Aman
0,2017-01-01,hospital_non_moh,Sarawak,Sri Aman
0,2018-01-01,hospital_non_moh,Sarawak,Sri Aman
0,2019-01-01,hospital_non_moh,Sarawak,Sri Aman
0,2020-01-01,hospital_non_moh,Sarawak,Sri Aman
0,2021-01-01,hospital_non_moh,Sarawak,Sri Aman
0,2022-01-01,hospital_non_moh,Sarawak,Sri Aman
0,2015-01-01,special_medical_institution,Sarawak,Sri Aman
0,2016-01-01,special_medical_institution,Sarawak,Sri Aman
0,2017-01-01,special_medical_institution,Sarawak,Sri Aman
0,2018-01-01,special_medical_institution,Sarawak,Sri Aman
0,2019-01-01,special_medical_institution,Sarawak,Sri Aman
0,2020-01-01,special_medical_institution,Sarawak,Sri Aman
0,2021-01-01,special_medical_institution,Sarawak,Sri Aman
0,2022-01-01,special_medical_institution,Sarawak,Sri Aman
0,2015-01-01,all,Sarawak,Subis
0,2016-01-01,all,Sarawak,Subis
0,2017-01-01,all,Sarawak,Subis
0,2018-01-01,all,Sarawak,Subis
0,2019-01-01,all,Sarawak,Subis
0,2020-01-01,all,Sarawak,Subis
0,2021-01-01,all,Sarawak,Subis
0,2022-01-01,all,Sarawak,Subis
0,2015-01-01,hospital_moh,Sarawak,Subis
0,2016-01-01,hospital_moh,Sarawak,Subis
0,2017-01-01,hospital_moh,Sarawak,Subis
0,2018-01-01,hospital_moh,Sarawak,Subis
0,2019-01-01,hospital_moh,Sarawak,Subis
0,2020-01-01,hospital_moh,Sarawak,Subis
0,2021-01-01,hospital_moh,Sarawak,Subis
0,2022-01-01,hospital_moh,Sarawak,Subis
0,2015-01-01,hospital_non_moh,Sarawak,Subis
0,2016-01-01,hospital_non_moh,Sarawak,Subis
0,2017-01-01,hospital_non_moh,Sarawak,Subis
0,2018-01-01,hospital_non_moh,Sarawak,Subis
0,2019-01-01,hospital_non_moh,Sarawak,Subis
0,2020-01-01,hospital_non_moh,Sarawak,Subis
0,2021-01-01,hospital_non_moh,Sarawak,Subis
0,2022-01-01,hospital_non_moh,Sarawak,Subis
0,2015-01-01,special_medical_institution,Sarawak,Subis
0,2016-01-01,special_medical_institution,Sarawak,Subis
0,2017-01-01,special_medical_institution,Sarawak,Subis
0,2018-01-01,special_medical_institution,Sarawak,Subis
0,2019-01-01,special_medical_institution,Sarawak,Subis
0,2020-01-01,special_medical_institution,Sarawak,Subis
0,2021-01-01,special_medical_institution,Sarawak,Subis
0,2022-01-01,special_medical_institution,Sarawak,Subis
0,2015-01-01,all,Sarawak,Tanjung Manis
0,2016-01-01,all,Sarawak,Tanjung Manis
0,2017-01-01,all,Sarawak,Tanjung Manis
0,2018-01-01,all,Sarawak,Tanjung Manis
0,2019-01-01,all,Sarawak,Tanjung Manis
0,2020-01-01,all,Sarawak,Tanjung Manis
0,2021-01-01,all,Sarawak,Tanjung Manis
0,2022-01-01,all,Sarawak,Tanjung Manis
0,2015-01-01,hospital_moh,Sarawak,Tanjung Manis
0,2016-01-01,hospital_moh,Sarawak,Tanjung Manis
0,2017-01-01,hospital_moh,Sarawak,Tanjung Manis
0,2018-01-01,hospital_moh,Sarawak,Tanjung Manis
0,2019-01-01,hospital_moh,Sarawak,Tanjung Manis
0,2020-01-01,hospital_moh,Sarawak,Tanjung Manis
0,2021-01-01,hospital_moh,Sarawak,Tanjung Manis
0,2022-01-01,hospital_moh,Sarawak,Tanjung Manis
0,2015-01-01,hospital_non_moh,Sarawak,Tanjung Manis
0,2016-01-01,hospital_non_moh,Sarawak,Tanjung Manis
0,2017-01-01,hospital_non_moh,Sarawak,Tanjung Manis
0,2018-01-01,hospital_non_moh,Sarawak,Tanjung Manis
0,2019-01-01,hospital_non_moh,Sarawak,Tanjung Manis
0,2020-01-01,hospital_non_moh,Sarawak,Tanjung Manis
0,2021-01-01,hospital_non_moh,Sarawak,Tanjung Manis
0,2022-01-01,hospital_non_moh,Sarawak,Tanjung Manis
0,2015-01-01,special_medical_institution,Sarawak,Tanjung Manis
0,2016-01-01,special_medical_institution,Sarawak,Tanjung Manis
0,2017-01-01,special_medical_institution,Sarawak,Tanjung Manis
0,2018-01-01,special_medical_institution,Sarawak,Tanjung Manis
0,2019-01-01,special_medical_institution,Sarawak,Tanjung Manis
0,2020-01-01,special_medical_institution,Sarawak,Tanjung Manis
0,2021-01-01,special_medical_institution,Sarawak,Tanjung Manis
0,2022-01-01,special_medical_institution,Sarawak,Tanjung Manis
0,2015-01-01,all,Sarawak,Tatau
0,2016-01-01,all,Sarawak,Tatau
0,2017-01-01,all,Sarawak,Tatau
0,2018-01-01,all,Sarawak,Tatau
0,2019-01-01,all,Sarawak,Tatau
0,2020-01-01,all,Sarawak,Tatau
0,2021-01-01,all,Sarawak,Tatau
0,2022-01-01,all,Sarawak,Tatau
0,2015-01-01,hospital_moh,Sarawak,Tatau
0,2016-01-01,hospital_moh,Sarawak,Tatau
0,2017-01-01,hospital_moh,Sarawak,Tatau
0,2018-01-01,hospital_moh,Sarawak,Tatau
0,2019-01-01,hospital_moh,Sarawak,Tatau
0,2020-01-01,hospital_moh,Sarawak,Tatau
0,2021-01-01,hospital_moh,Sarawak,Tatau
0,2022-01-01,hospital_moh,Sarawak,Tatau
0,2015-01-01,hospital_non_moh,Sarawak,Tatau
0,2016-01-01,hospital_non_moh,Sarawak,Tatau
0,2017-01-01,hospital_non_moh,Sarawak,Tatau
0,2018-01-01,hospital_non_moh,Sarawak,Tatau
0,2019-01-01,hospital_non_moh,Sarawak,Tatau
0,2020-01-01,hospital_non_moh,Sarawak,Tatau
0,2021-01-01,hospital_non_moh,Sarawak,Tatau
0,2022-01-01,hospital_non_moh,Sarawak,Tatau
0,2015-01-01,special_medical_institution,Sarawak,Tatau
0,2016-01-01,special_medical_institution,Sarawak,Tatau
0,2017-01-01,special_medical_institution,Sarawak,Tatau
0,2018-01-01,special_medical_institution,Sarawak,Tatau
0,2019-01-01,special_medical_institution,Sarawak,Tatau
0,2020-01-01,special_medical_institution,Sarawak,Tatau
0,2021-01-01,special_medical_institution,Sarawak,Tatau
0,2022-01-01,special_medical_institution,Sarawak,Tatau
0,2015-01-01,all,Sarawak,Tebedu
0,2016-01-01,all,Sarawak,Tebedu
0,2017-01-01,all,Sarawak,Tebedu
0,2018-01-01,all,Sarawak,Tebedu
0,2019-01-01,all,Sarawak,Tebedu
0,2020-01-01,all,Sarawak,Tebedu
0,2021-01-01,all,Sarawak,Tebedu
0,2022-01-01,all,Sarawak,Tebedu
0,2015-01-01,hospital_moh,Sarawak,Tebedu
0,2016-01-01,hospital_moh,Sarawak,Tebedu
0,2017-01-01,hospital_moh,Sarawak,Tebedu
0,2018-01-01,hospital_moh,Sarawak,Tebedu
0,2019-01-01,hospital_moh,Sarawak,Tebedu
0,2020-01-01,hospital_moh,Sarawak,Tebedu
0,2021-01-01,hospital_moh,Sarawak,Tebedu
0,2022-01-01,hospital_moh,Sarawak,Tebedu
0,2015-01-01,hospital_non_moh,Sarawak,Tebedu
0,2016-01-01,hospital_non_moh,Sarawak,Tebedu
0,2017-01-01,hospital_non_moh,Sarawak,Tebedu
0,2018-01-01,hospital_non_moh,Sarawak,Tebedu
0,2019-01-01,hospital_non_moh,Sarawak,Tebedu
0,2020-01-01,hospital_non_moh,Sarawak,Tebedu
0,2021-01-01,hospital_non_moh,Sarawak,Tebedu
0,2022-01-01,hospital_non_moh,Sarawak,Tebedu
0,2015-01-01,special_medical_institution,Sarawak,Tebedu
0,2016-01-01,special_medical_institution,Sarawak,Tebedu
0,2017-01-01,special_medical_institution,Sarawak,Tebedu
0,2018-01-01,special_medical_institution,Sarawak,Tebedu
0,2019-01-01,special_medical_institution,Sarawak,Tebedu
0,2020-01-01,special_medical_institution,Sarawak,Tebedu
0,2021-01-01,special_medical_institution,Sarawak,Tebedu
0,2022-01-01,special_medical_institution,Sarawak,Tebedu
0,2015-01-01,all,Sarawak,Telang Usan
0,2016-01-01,all,Sarawak,Telang Usan
0,2017-01-01,all,Sarawak,Telang Usan
0,2018-01-01,all,Sarawak,Telang Usan
0,2019-01-01,all,Sarawak,Telang Usan
0,2020-01-01,all,Sarawak,Telang Usan
0,2021-01-01,all,Sarawak,Telang Usan
0,2015-01-01,hospital_moh,Sarawak,Telang Usan
0,2016-01-01,hospital_moh,Sarawak,Telang Usan
0,2017-01-01,hospital_moh,Sarawak,Telang Usan
0,2018-01-01,hospital_moh,Sarawak,Telang Usan
0,2019-01-01,hospital_moh,Sarawak,Telang Usan
0,2020-01-01,hospital_moh,Sarawak,Telang Usan
0,2021-01-01,hospital_moh,Sarawak,Telang Usan
0,2015-01-01,hospital_non_moh,Sarawak,Telang Usan
0,2016-01-01,hospital_non_moh,Sarawak,Telang Usan
0,2017-01-01,hospital_non_moh,Sarawak,Telang Usan
0,2018-01-01,hospital_non_moh,Sarawak,Telang Usan
0,2019-01-01,hospital_non_moh,Sarawak,Telang Usan
0,2020-01-01,hospital_non_moh,Sarawak,Telang Usan
0,2021-01-01,hospital_non_moh,Sarawak,Telang Usan
0,2015-01-01,special_medical_institution,Sarawak,Telang Usan
0,2016-01-01,special_medical_institution,Sarawak,Telang Usan
0,2017-01-01,special_medical_institution,Sarawak,Telang Usan
0,2018-01-01,special_medical_institution,Sarawak,Telang Usan
0,2019-01-01,special_medical_institution,Sarawak,Telang Usan
0,2020-01-01,special_medical_institution,Sarawak,Telang Usan
0,2021-01-01,special_medical_institution,Sarawak,Telang Usan
5493,2015-01-01,all,Selangor,All Districts
5531,2016-01-01,all,Selangor,All Districts
5471,2017-01-01,all,Selangor,All Districts
5602,2018-01-01,all,Selangor,All Districts
5907,2019-01-01,all,Selangor,All Districts
6131,2020-01-01,all,Selangor,All Districts
7159,2021-01-01,all,Selangor,All Districts
7640,2022-01-01,all,Selangor,All Districts
5275,2015-01-01,hospital_moh,Selangor,All Districts
5353,2016-01-01,hospital_moh,Selangor,All Districts
5273,2017-01-01,hospital_moh,Selangor,All Districts
5424,2018-01-01,hospital_moh,Selangor,All Districts
5739,2019-01-01,hospital_moh,Selangor,All Districts
5963,2020-01-01,hospital_moh,Selangor,All Districts
6179,2021-01-01,hospital_moh,Selangor,All Districts
6651,2022-01-01,hospital_moh,Selangor,All Districts
88,2015-01-01,hospital_non_moh,Selangor,All Districts
88,2016-01-01,hospital_non_moh,Selangor,All Districts
88,2017-01-01,hospital_non_moh,Selangor,All Districts
88,2018-01-01,hospital_non_moh,Selangor,All Districts
88,2019-01-01,hospital_non_moh,Selangor,All Districts
88,2020-01-01,hospital_non_moh,Selangor,All Districts
888,2021-01-01,hospital_non_moh,Selangor,All Districts
897,2022-01-01,hospital_non_moh,Selangor,All Districts
130,2015-01-01,special_medical_institution,Selangor,All Districts
90,2016-01-01,special_medical_institution,Selangor,All Districts
110,2017-01-01,special_medical_institution,Selangor,All Districts
90,2018-01-01,special_medical_institution,Selangor,All Districts
80,2019-01-01,special_medical_institution,Selangor,All Districts
80,2020-01-01,special_medical_institution,Selangor,All Districts
92,2021-01-01,special_medical_institution,Selangor,All Districts
92,2022-01-01,special_medical_institution,Selangor,All Districts
2037,2015-01-01,all,Selangor,Gombak (Rawang)
2013,2016-01-01,all,Selangor,Gombak (Rawang)
2087,2017-01-01,all,Selangor,Gombak (Rawang)
2077,2018-01-01,all,Selangor,Gombak (Rawang)
2094,2019-01-01,all,Selangor,Gombak (Rawang)
2198,2020-01-01,all,Selangor,Gombak (Rawang)
3122,2021-01-01,all,Selangor,Gombak (Rawang)
3153,2022-01-01,all,Selangor,Gombak (Rawang)
1819,2015-01-01,hospital_moh,Selangor,Gombak (Rawang)
1835,2016-01-01,hospital_moh,Selangor,Gombak (Rawang)
1889,2017-01-01,hospital_moh,Selangor,Gombak (Rawang)
1899,2018-01-01,hospital_moh,Selangor,Gombak (Rawang)
1926,2019-01-01,hospital_moh,Selangor,Gombak (Rawang)
2030,2020-01-01,hospital_moh,Selangor,Gombak (Rawang)
2142,2021-01-01,hospital_moh,Selangor,Gombak (Rawang)
2164,2022-01-01,hospital_moh,Selangor,Gombak (Rawang)
88,2015-01-01,hospital_non_moh,Selangor,Gombak (Rawang)
88,2016-01-01,hospital_non_moh,Selangor,Gombak (Rawang)
88,2017-01-01,hospital_non_moh,Selangor,Gombak (Rawang)
88,2018-01-01,hospital_non_moh,Selangor,Gombak (Rawang)
88,2019-01-01,hospital_non_moh,Selangor,Gombak (Rawang)
88,2020-01-01,hospital_non_moh,Selangor,Gombak (Rawang)
888,2021-01-01,hospital_non_moh,Selangor,Gombak (Rawang)
897,2022-01-01,hospital_non_moh,Selangor,Gombak (Rawang)
130,2015-01-01,special_medical_institution,Selangor,Gombak (Rawang)
90,2016-01-01,special_medical_institution,Selangor,Gombak (Rawang)
110,2017-01-01,special_medical_institution,Selangor,Gombak (Rawang)
90,2018-01-01,special_medical_institution,Selangor,Gombak (Rawang)
80,2019-01-01,special_medical_institution,Selangor,Gombak (Rawang)
80,2020-01-01,special_medical_institution,Selangor,Gombak (Rawang)
92,2021-01-01,special_medical_institution,Selangor,Gombak (Rawang)
92,2022-01-01,special_medical_institution,Selangor,Gombak (Rawang)
888,2015-01-01,all,Selangor,Hulu Langat (Bangi)
888,2016-01-01,all,Selangor,Hulu Langat (Bangi)
748,2017-01-01,all,Selangor,Hulu Langat (Bangi)
888,2018-01-01,all,Selangor,Hulu Langat (Bangi)
1027,2019-01-01,all,Selangor,Hulu Langat (Bangi)
1027,2020-01-01,all,Selangor,Hulu Langat (Bangi)
1047,2021-01-01,all,Selangor,Hulu Langat (Bangi)
1087,2022-01-01,all,Selangor,Hulu Langat (Bangi)
888,2015-01-01,hospital_moh,Selangor,Hulu Langat (Bangi)
888,2016-01-01,hospital_moh,Selangor,Hulu Langat (Bangi)
748,2017-01-01,hospital_moh,Selangor,Hulu Langat (Bangi)
888,2018-01-01,hospital_moh,Selangor,Hulu Langat (Bangi)
1027,2019-01-01,hospital_moh,Selangor,Hulu Langat (Bangi)
1027,2020-01-01,hospital_moh,Selangor,Hulu Langat (Bangi)
1047,2021-01-01,hospital_moh,Selangor,Hulu Langat (Bangi)
1087,2022-01-01,hospital_moh,Selangor,Hulu Langat (Bangi)
0,2015-01-01,hospital_non_moh,Selangor,Hulu Langat (Bangi)
0,2016-01-01,hospital_non_moh,Selangor,Hulu Langat (Bangi)
0,2017-01-01,hospital_non_moh,Selangor,Hulu Langat (Bangi)
0,2018-01-01,hospital_non_moh,Selangor,Hulu Langat (Bangi)
0,2019-01-01,hospital_non_moh,Selangor,Hulu Langat (Bangi)
0,2020-01-01,hospital_non_moh,Selangor,Hulu Langat (Bangi)
0,2021-01-01,hospital_non_moh,Selangor,Hulu Langat (Bangi)
0,2022-01-01,hospital_non_moh,Selangor,Hulu Langat (Bangi)
0,2015-01-01,special_medical_institution,Selangor,Hulu Langat (Bangi)
0,2016-01-01,special_medical_institution,Selangor,Hulu Langat (Bangi)
0,2017-01-01,special_medical_institution,Selangor,Hulu Langat (Bangi)
0,2018-01-01,special_medical_institution,Selangor,Hulu Langat (Bangi)
0,2019-01-01,special_medical_institution,Selangor,Hulu Langat (Bangi)
0,2020-01-01,special_medical_institution,Selangor,Hulu Langat (Bangi)
0,2021-01-01,special_medical_institution,Selangor,Hulu Langat (Bangi)
0,2022-01-01,special_medical_institution,Selangor,Hulu Langat (Bangi)
150,2015-01-01,all,Selangor,Hulu Selangor
120,2016-01-01,all,Selangor,Hulu Selangor
120,2017-01-01,all,Selangor,Hulu Selangor
120,2018-01-01,all,Selangor,Hulu Selangor
120,2019-01-01,all,Selangor,Hulu Selangor
120,2020-01-01,all,Selangor,Hulu Selangor
120,2021-01-01,all,Selangor,Hulu Selangor
120,2022-01-01,all,Selangor,Hulu Selangor
150,2015-01-01,hospital_moh,Selangor,Hulu Selangor
120,2016-01-01,hospital_moh,Selangor,Hulu Selangor
120,2017-01-01,hospital_moh,Selangor,Hulu Selangor
120,2018-01-01,hospital_moh,Selangor,Hulu Selangor
120,2019-01-01,hospital_moh,Selangor,Hulu Selangor
120,2020-01-01,hospital_moh,Selangor,Hulu Selangor
120,2021-01-01,hospital_moh,Selangor,Hulu Selangor
120,2022-01-01,hospital_moh,Selangor,Hulu Selangor
0,2015-01-01,hospital_non_moh,Selangor,Hulu Selangor
0,2016-01-01,hospital_non_moh,Selangor,Hulu Selangor
0,2017-01-01,hospital_non_moh,Selangor,Hulu Selangor
0,2018-01-01,hospital_non_moh,Selangor,Hulu Selangor
0,2019-01-01,hospital_non_moh,Selangor,Hulu Selangor
0,2020-01-01,hospital_non_moh,Selangor,Hulu Selangor
0,2021-01-01,hospital_non_moh,Selangor,Hulu Selangor
0,2022-01-01,hospital_non_moh,Selangor,Hulu Selangor
0,2015-01-01,special_medical_institution,Selangor,Hulu Selangor
0,2016-01-01,special_medical_institution,Selangor,Hulu Selangor
0,2017-01-01,special_medical_institution,Selangor,Hulu Selangor
0,2018-01-01,special_medical_institution,Selangor,Hulu Selangor
0,2019-01-01,special_medical_institution,Selangor,Hulu Selangor
0,2020-01-01,special_medical_institution,Selangor,Hulu Selangor
0,2021-01-01,special_medical_institution,Selangor,Hulu Selangor
0,2022-01-01,special_medical_institution,Selangor,Hulu Selangor
1094,2015-01-01,all,Selangor,Klang
1154,2016-01-01,all,Selangor,Klang
1154,2017-01-01,all,Selangor,Klang
1154,2018-01-01,all,Selangor,Klang
1221,2019-01-01,all,Selangor,Klang
1258,2020-01-01,all,Selangor,Klang
1261,2021-01-01,all,Selangor,Klang
1261,2022-01-01,all,Selangor,Klang
1094,2015-01-01,hospital_moh,Selangor,Klang
1154,2016-01-01,hospital_moh,Selangor,Klang
1154,2017-01-01,hospital_moh,Selangor,Klang
1154,2018-01-01,hospital_moh,Selangor,Klang
1221,2019-01-01,hospital_moh,Selangor,Klang
1258,2020-01-01,hospital_moh,Selangor,Klang
1261,2021-01-01,hospital_moh,Selangor,Klang
1261,2022-01-01,hospital_moh,Selangor,Klang
0,2015-01-01,hospital_non_moh,Selangor,Klang
0,2016-01-01,hospital_non_moh,Selangor,Klang
0,2017-01-01,hospital_non_moh,Selangor,Klang
0,2018-01-01,hospital_non_moh,Selangor,Klang
0,2019-01-01,hospital_non_moh,Selangor,Klang
0,2020-01-01,hospital_non_moh,Selangor,Klang
0,2021-01-01,hospital_non_moh,Selangor,Klang
0,2022-01-01,hospital_non_moh,Selangor,Klang
0,2015-01-01,special_medical_institution,Selangor,Klang
0,2016-01-01,special_medical_institution,Selangor,Klang
0,2017-01-01,special_medical_institution,Selangor,Klang
0,2018-01-01,special_medical_institution,Selangor,Klang
0,2019-01-01,special_medical_institution,Selangor,Klang
0,2020-01-01,special_medical_institution,Selangor,Klang
0,2021-01-01,special_medical_institution,Selangor,Klang
0,2022-01-01,special_medical_institution,Selangor,Klang
155,2015-01-01,all,Selangor,Kuala Langat
155,2016-01-01,all,Selangor,Kuala Langat
162,2017-01-01,all,Selangor,Kuala Langat
162,2018-01-01,all,Selangor,Kuala Langat
162,2019-01-01,all,Selangor,Kuala Langat
172,2020-01-01,all,Selangor,Kuala Langat
182,2021-01-01,all,Selangor,Kuala Langat
196,2022-01-01,all,Selangor,Kuala Langat
155,2015-01-01,hospital_moh,Selangor,Kuala Langat
155,2016-01-01,hospital_moh,Selangor,Kuala Langat
162,2017-01-01,hospital_moh,Selangor,Kuala Langat
162,2018-01-01,hospital_moh,Selangor,Kuala Langat
162,2019-01-01,hospital_moh,Selangor,Kuala Langat
172,2020-01-01,hospital_moh,Selangor,Kuala Langat
182,2021-01-01,hospital_moh,Selangor,Kuala Langat
196,2022-01-01,hospital_moh,Selangor,Kuala Langat
0,2015-01-01,hospital_non_moh,Selangor,Kuala Langat
0,2016-01-01,hospital_non_moh,Selangor,Kuala Langat
0,2017-01-01,hospital_non_moh,Selangor,Kuala Langat
0,2018-01-01,hospital_non_moh,Selangor,Kuala Langat
0,2019-01-01,hospital_non_moh,Selangor,Kuala Langat
0,2020-01-01,hospital_non_moh,Selangor,Kuala Langat
0,2021-01-01,hospital_non_moh,Selangor,Kuala Langat
0,2022-01-01,hospital_non_moh,Selangor,Kuala Langat
0,2015-01-01,special_medical_institution,Selangor,Kuala Langat
0,2016-01-01,special_medical_institution,Selangor,Kuala Langat
0,2017-01-01,special_medical_institution,Selangor,Kuala Langat
0,2018-01-01,special_medical_institution,Selangor,Kuala Langat
0,2019-01-01,special_medical_institution,Selangor,Kuala Langat
0,2020-01-01,special_medical_institution,Selangor,Kuala Langat
0,2021-01-01,special_medical_institution,Selangor,Kuala Langat
0,2022-01-01,special_medical_institution,Selangor,Kuala Langat
114,2015-01-01,all,Selangor,Kuala Selangor
114,2016-01-01,all,Selangor,Kuala Selangor
114,2017-01-01,all,Selangor,Kuala Selangor
114,2018-01-01,all,Selangor,Kuala Selangor
114,2019-01-01,all,Selangor,Kuala Selangor
114,2020-01-01,all,Selangor,Kuala Selangor
114,2021-01-01,all,Selangor,Kuala Selangor
114,2022-01-01,all,Selangor,Kuala Selangor
114,2015-01-01,hospital_moh,Selangor,Kuala Selangor
114,2016-01-01,hospital_moh,Selangor,Kuala Selangor
114,2017-01-01,hospital_moh,Selangor,Kuala Selangor
114,2018-01-01,hospital_moh,Selangor,Kuala Selangor
114,2019-01-01,hospital_moh,Selangor,Kuala Selangor
114,2020-01-01,hospital_moh,Selangor,Kuala Selangor
114,2021-01-01,hospital_moh,Selangor,Kuala Selangor
114,2022-01-01,hospital_moh,Selangor,Kuala Selangor
0,2015-01-01,hospital_non_moh,Selangor,Kuala Selangor
0,2016-01-01,hospital_non_moh,Selangor,Kuala Selangor
0,2017-01-01,hospital_non_moh,Selangor,Kuala Selangor
0,2018-01-01,hospital_non_moh,Selangor,Kuala Selangor
0,2019-01-01,hospital_non_moh,Selangor,Kuala Selangor
0,2020-01-01,hospital_non_moh,Selangor,Kuala Selangor
0,2021-01-01,hospital_non_moh,Selangor,Kuala Selangor
0,2022-01-01,hospital_non_moh,Selangor,Kuala Selangor
0,2015-01-01,special_medical_institution,Selangor,Kuala Selangor
0,2016-01-01,special_medical_institution,Selangor,Kuala Selangor
0,2017-01-01,special_medical_institution,Selangor,Kuala Selangor
0,2018-01-01,special_medical_institution,Selangor,Kuala Selangor
0,2019-01-01,special_medical_institution,Selangor,Kuala Selangor
0,2020-01-01,special_medical_institution,Selangor,Kuala Selangor
0,2021-01-01,special_medical_institution,Selangor,Kuala Selangor
0,2022-01-01,special_medical_institution,Selangor,Kuala Selangor
300,2015-01-01,all,Selangor,Petaling (Subang Jaya)
300,2016-01-01,all,Selangor,Petaling (Subang Jaya)
299,2017-01-01,all,Selangor,Petaling (Subang Jaya)
300,2018-01-01,all,Selangor,Petaling (Subang Jaya)
382,2019-01-01,all,Selangor,Petaling (Subang Jaya)
382,2020-01-01,all,Selangor,Petaling (Subang Jaya)
382,2021-01-01,all,Selangor,Petaling (Subang Jaya)
490,2022-01-01,all,Selangor,Petaling (Subang Jaya)
300,2015-01-01,hospital_moh,Selangor,Petaling (Subang Jaya)
300,2016-01-01,hospital_moh,Selangor,Petaling (Subang Jaya)
299,2017-01-01,hospital_moh,Selangor,Petaling (Subang Jaya)
300,2018-01-01,hospital_moh,Selangor,Petaling (Subang Jaya)
382,2019-01-01,hospital_moh,Selangor,Petaling (Subang Jaya)
382,2020-01-01,hospital_moh,Selangor,Petaling (Subang Jaya)
382,2021-01-01,hospital_moh,Selangor,Petaling (Subang Jaya)
490,2022-01-01,hospital_moh,Selangor,Petaling (Subang Jaya)
0,2015-01-01,hospital_non_moh,Selangor,Petaling (Subang Jaya)
0,2016-01-01,hospital_non_moh,Selangor,Petaling (Subang Jaya)
0,2017-01-01,hospital_non_moh,Selangor,Petaling (Subang Jaya)
0,2018-01-01,hospital_non_moh,Selangor,Petaling (Subang Jaya)
0,2019-01-01,hospital_non_moh,Selangor,Petaling (Subang Jaya)
0,2020-01-01,hospital_non_moh,Selangor,Petaling (Subang Jaya)
0,2021-01-01,hospital_non_moh,Selangor,Petaling (Subang Jaya)
0,2022-01-01,hospital_non_moh,Selangor,Petaling (Subang Jaya)
0,2015-01-01,special_medical_institution,Selangor,Petaling (Subang Jaya)
0,2016-01-01,special_medical_institution,Selangor,Petaling (Subang Jaya)
0,2017-01-01,special_medical_institution,Selangor,Petaling (Subang Jaya)
0,2018-01-01,special_medical_institution,Selangor,Petaling (Subang Jaya)
0,2019-01-01,special_medical_institution,Selangor,Petaling (Subang Jaya)
0,2020-01-01,special_medical_institution,Selangor,Petaling (Subang Jaya)
0,2021-01-01,special_medical_institution,Selangor,Petaling (Subang Jaya)
0,2022-01-01,special_medical_institution,Selangor,Petaling (Subang Jaya)
93,2015-01-01,all,Selangor,Sabak Bernam
93,2016-01-01,all,Selangor,Sabak Bernam
93,2017-01-01,all,Selangor,Sabak Bernam
93,2018-01-01,all,Selangor,Sabak Bernam
93,2019-01-01,all,Selangor,Sabak Bernam
93,2020-01-01,all,Selangor,Sabak Bernam
93,2021-01-01,all,Selangor,Sabak Bernam
93,2022-01-01,all,Selangor,Sabak Bernam
93,2015-01-01,hospital_moh,Selangor,Sabak Bernam
93,2016-01-01,hospital_moh,Selangor,Sabak Bernam
93,2017-01-01,hospital_moh,Selangor,Sabak Bernam
93,2018-01-01,hospital_moh,Selangor,Sabak Bernam
93,2019-01-01,hospital_moh,Selangor,Sabak Bernam
93,2020-01-01,hospital_moh,Selangor,Sabak Bernam
93,2021-01-01,hospital_moh,Selangor,Sabak Bernam
93,2022-01-01,hospital_moh,Selangor,Sabak Bernam
0,2015-01-01,hospital_non_moh,Selangor,Sabak Bernam
0,2016-01-01,hospital_non_moh,Selangor,Sabak Bernam
0,2017-01-01,hospital_non_moh,Selangor,Sabak Bernam
0,2018-01-01,hospital_non_moh,Selangor,Sabak Bernam
0,2019-01-01,hospital_non_moh,Selangor,Sabak Bernam
0,2020-01-01,hospital_non_moh,Selangor,Sabak Bernam
0,2021-01-01,hospital_non_moh,Selangor,Sabak Bernam
0,2022-01-01,hospital_non_moh,Selangor,Sabak Bernam
0,2015-01-01,special_medical_institution,Selangor,Sabak Bernam
0,2016-01-01,special_medical_institution,Selangor,Sabak Bernam
0,2017-01-01,special_medical_institution,Selangor,Sabak Bernam
0,2018-01-01,special_medical_institution,Selangor,Sabak Bernam
0,2019-01-01,special_medical_institution,Selangor,Sabak Bernam
0,2020-01-01,special_medical_institution,Selangor,Sabak Bernam
0,2021-01-01,special_medical_institution,Selangor,Sabak Bernam
0,2022-01-01,special_medical_institution,Selangor,Sabak Bernam
662,2015-01-01,all,Selangor,Sepang
694,2016-01-01,all,Selangor,Sepang
694,2017-01-01,all,Selangor,Sepang
694,2018-01-01,all,Selangor,Sepang
694,2019-01-01,all,Selangor,Sepang
767,2020-01-01,all,Selangor,Sepang
838,2021-01-01,all,Selangor,Sepang
1126,2022-01-01,all,Selangor,Sepang
662,2015-01-01,hospital_moh,Selangor,Sepang
694,2016-01-01,hospital_moh,Selangor,Sepang
694,2017-01-01,hospital_moh,Selangor,Sepang
694,2018-01-01,hospital_moh,Selangor,Sepang
694,2019-01-01,hospital_moh,Selangor,Sepang
767,2020-01-01,hospital_moh,Selangor,Sepang
838,2021-01-01,hospital_moh,Selangor,Sepang
1126,2022-01-01,hospital_moh,Selangor,Sepang
0,2015-01-01,hospital_non_moh,Selangor,Sepang
0,2016-01-01,hospital_non_moh,Selangor,Sepang
0,2017-01-01,hospital_non_moh,Selangor,Sepang
0,2018-01-01,hospital_non_moh,Selangor,Sepang
0,2019-01-01,hospital_non_moh,Selangor,Sepang
0,2020-01-01,hospital_non_moh,Selangor,Sepang
0,2021-01-01,hospital_non_moh,Selangor,Sepang
0,2022-01-01,hospital_non_moh,Selangor,Sepang
0,2015-01-01,special_medical_institution,Selangor,Sepang
0,2016-01-01,special_medical_institution,Selangor,Sepang
0,2017-01-01,special_medical_institution,Selangor,Sepang
0,2018-01-01,special_medical_institution,Selangor,Sepang
0,2019-01-01,special_medical_institution,Selangor,Sepang
0,2020-01-01,special_medical_institution,Selangor,Sepang
0,2021-01-01,special_medical_institution,Selangor,Sepang
0,2022-01-01,special_medical_institution,Selangor,Sepang
1645,2015-01-01,all,Terengganu,All Districts
1645,2016-01-01,all,Terengganu,All Districts
1696,2017-01-01,all,Terengganu,All Districts
1680,2018-01-01,all,Terengganu,All Districts
1698,2019-01-01,all,Terengganu,All Districts
1700,2020-01-01,all,Terengganu,All Districts
1722,2021-01-01,all,Terengganu,All Districts
1730,2022-01-01,all,Terengganu,All Districts
1645,2015-01-01,hospital_moh,Terengganu,All Districts
1645,2016-01-01,hospital_moh,Terengganu,All Districts
1696,2017-01-01,hospital_moh,Terengganu,All Districts
1680,2018-01-01,hospital_moh,Terengganu,All Districts
1698,2019-01-01,hospital_moh,Terengganu,All Districts
1700,2020-01-01,hospital_moh,Terengganu,All Districts
1722,2021-01-01,hospital_moh,Terengganu,All Districts
1730,2022-01-01,hospital_moh,Terengganu,All Districts
0,2015-01-01,hospital_non_moh,Terengganu,All Districts
0,2016-01-01,hospital_non_moh,Terengganu,All Districts
0,2017-01-01,hospital_non_moh,Terengganu,All Districts
0,2018-01-01,hospital_non_moh,Terengganu,All Districts
0,2019-01-01,hospital_non_moh,Terengganu,All Districts
0,2020-01-01,hospital_non_moh,Terengganu,All Districts
0,2021-01-01,hospital_non_moh,Terengganu,All Districts
0,2022-01-01,hospital_non_moh,Terengganu,All Districts
0,2015-01-01,special_medical_institution,Terengganu,All Districts
0,2016-01-01,special_medical_institution,Terengganu,All Districts
0,2017-01-01,special_medical_institution,Terengganu,All Districts
0,2018-01-01,special_medical_institution,Terengganu,All Districts
0,2019-01-01,special_medical_institution,Terengganu,All Districts
0,2020-01-01,special_medical_institution,Terengganu,All Districts
0,2021-01-01,special_medical_institution,Terengganu,All Districts
0,2022-01-01,special_medical_institution,Terengganu,All Districts
140,2015-01-01,all,Terengganu,Besut
140,2016-01-01,all,Terengganu,Besut
156,2017-01-01,all,Terengganu,Besut
140,2018-01-01,all,Terengganu,Besut
140,2019-01-01,all,Terengganu,Besut
140,2020-01-01,all,Terengganu,Besut
140,2021-01-01,all,Terengganu,Besut
140,2022-01-01,all,Terengganu,Besut
140,2015-01-01,hospital_moh,Terengganu,Besut
140,2016-01-01,hospital_moh,Terengganu,Besut
156,2017-01-01,hospital_moh,Terengganu,Besut
140,2018-01-01,hospital_moh,Terengganu,Besut
140,2019-01-01,hospital_moh,Terengganu,Besut
140,2020-01-01,hospital_moh,Terengganu,Besut
140,2021-01-01,hospital_moh,Terengganu,Besut
140,2022-01-01,hospital_moh,Terengganu,Besut
0,2015-01-01,hospital_non_moh,Terengganu,Besut
0,2016-01-01,hospital_non_moh,Terengganu,Besut
0,2017-01-01,hospital_non_moh,Terengganu,Besut
0,2018-01-01,hospital_non_moh,Terengganu,Besut
0,2019-01-01,hospital_non_moh,Terengganu,Besut
0,2020-01-01,hospital_non_moh,Terengganu,Besut
0,2021-01-01,hospital_non_moh,Terengganu,Besut
0,2022-01-01,hospital_non_moh,Terengganu,Besut
0,2015-01-01,special_medical_institution,Terengganu,Besut
0,2016-01-01,special_medical_institution,Terengganu,Besut
0,2017-01-01,special_medical_institution,Terengganu,Besut
0,2018-01-01,special_medical_institution,Terengganu,Besut
0,2019-01-01,special_medical_institution,Terengganu,Besut
0,2020-01-01,special_medical_institution,Terengganu,Besut
0,2021-01-01,special_medical_institution,Terengganu,Besut
0,2022-01-01,special_medical_institution,Terengganu,Besut
100,2015-01-01,all,Terengganu,Dungun
100,2016-01-01,all,Terengganu,Dungun
100,2017-01-01,all,Terengganu,Dungun
100,2018-01-01,all,Terengganu,Dungun
100,2019-01-01,all,Terengganu,Dungun
100,2020-01-01,all,Terengganu,Dungun
100,2021-01-01,all,Terengganu,Dungun
100,2022-01-01,all,Terengganu,Dungun
100,2015-01-01,hospital_moh,Terengganu,Dungun
100,2016-01-01,hospital_moh,Terengganu,Dungun
100,2017-01-01,hospital_moh,Terengganu,Dungun
100,2018-01-01,hospital_moh,Terengganu,Dungun
100,2019-01-01,hospital_moh,Terengganu,Dungun
100,2020-01-01,hospital_moh,Terengganu,Dungun
100,2021-01-01,hospital_moh,Terengganu,Dungun
100,2022-01-01,hospital_moh,Terengganu,Dungun
0,2015-01-01,hospital_non_moh,Terengganu,Dungun
0,2016-01-01,hospital_non_moh,Terengganu,Dungun
0,2017-01-01,hospital_non_moh,Terengganu,Dungun
0,2018-01-01,hospital_non_moh,Terengganu,Dungun
0,2019-01-01,hospital_non_moh,Terengganu,Dungun
0,2020-01-01,hospital_non_moh,Terengganu,Dungun
0,2021-01-01,hospital_non_moh,Terengganu,Dungun
0,2022-01-01,hospital_non_moh,Terengganu,Dungun
0,2015-01-01,special_medical_institution,Terengganu,Dungun
0,2016-01-01,special_medical_institution,Terengganu,Dungun
0,2017-01-01,special_medical_institution,Terengganu,Dungun
0,2018-01-01,special_medical_institution,Terengganu,Dungun
0,2019-01-01,special_medical_institution,Terengganu,Dungun
0,2020-01-01,special_medical_institution,Terengganu,Dungun
0,2021-01-01,special_medical_institution,Terengganu,Dungun
0,2022-01-01,special_medical_institution,Terengganu,Dungun
119,2015-01-01,all,Terengganu,Hulu Terengganu
119,2016-01-01,all,Terengganu,Hulu Terengganu
119,2017-01-01,all,Terengganu,Hulu Terengganu
119,2018-01-01,all,Terengganu,Hulu Terengganu
125,2019-01-01,all,Terengganu,Hulu Terengganu
125,2020-01-01,all,Terengganu,Hulu Terengganu
95,2021-01-01,all,Terengganu,Hulu Terengganu
95,2022-01-01,all,Terengganu,Hulu Terengganu
119,2015-01-01,hospital_moh,Terengganu,Hulu Terengganu
119,2016-01-01,hospital_moh,Terengganu,Hulu Terengganu
119,2017-01-01,hospital_moh,Terengganu,Hulu Terengganu
119,2018-01-01,hospital_moh,Terengganu,Hulu Terengganu
125,2019-01-01,hospital_moh,Terengganu,Hulu Terengganu
125,2020-01-01,hospital_moh,Terengganu,Hulu Terengganu
95,2021-01-01,hospital_moh,Terengganu,Hulu Terengganu
95,2022-01-01,hospital_moh,Terengganu,Hulu Terengganu
0,2015-01-01,hospital_non_moh,Terengganu,Hulu Terengganu
0,2016-01-01,hospital_non_moh,Terengganu,Hulu Terengganu
0,2017-01-01,hospital_non_moh,Terengganu,Hulu Terengganu
0,2018-01-01,hospital_non_moh,Terengganu,Hulu Terengganu
0,2019-01-01,hospital_non_moh,Terengganu,Hulu Terengganu
0,2020-01-01,hospital_non_moh,Terengganu,Hulu Terengganu
0,2021-01-01,hospital_non_moh,Terengganu,Hulu Terengganu
0,2022-01-01,hospital_non_moh,Terengganu,Hulu Terengganu
0,2015-01-01,special_medical_institution,Terengganu,Hulu Terengganu
0,2016-01-01,special_medical_institution,Terengganu,Hulu Terengganu
0,2017-01-01,special_medical_institution,Terengganu,Hulu Terengganu
0,2018-01-01,special_medical_institution,Terengganu,Hulu Terengganu
0,2019-01-01,special_medical_institution,Terengganu,Hulu Terengganu
0,2020-01-01,special_medical_institution,Terengganu,Hulu Terengganu
0,2021-01-01,special_medical_institution,Terengganu,Hulu Terengganu
0,2022-01-01,special_medical_institution,Terengganu,Hulu Terengganu
150,2015-01-01,all,Terengganu,Kemaman
150,2016-01-01,all,Terengganu,Kemaman
150,2017-01-01,all,Terengganu,Kemaman
150,2018-01-01,all,Terengganu,Kemaman
150,2019-01-01,all,Terengganu,Kemaman
152,2020-01-01,all,Terengganu,Kemaman
156,2021-01-01,all,Terengganu,Kemaman
164,2022-01-01,all,Terengganu,Kemaman
150,2015-01-01,hospital_moh,Terengganu,Kemaman
150,2016-01-01,hospital_moh,Terengganu,Kemaman
150,2017-01-01,hospital_moh,Terengganu,Kemaman
150,2018-01-01,hospital_moh,Terengganu,Kemaman
150,2019-01-01,hospital_moh,Terengganu,Kemaman
152,2020-01-01,hospital_moh,Terengganu,Kemaman
156,2021-01-01,hospital_moh,Terengganu,Kemaman
164,2022-01-01,hospital_moh,Terengganu,Kemaman
0,2015-01-01,hospital_non_moh,Terengganu,Kemaman
0,2016-01-01,hospital_non_moh,Terengganu,Kemaman
0,2017-01-01,hospital_non_moh,Terengganu,Kemaman
0,2018-01-01,hospital_non_moh,Terengganu,Kemaman
0,2019-01-01,hospital_non_moh,Terengganu,Kemaman
0,2020-01-01,hospital_non_moh,Terengganu,Kemaman
0,2021-01-01,hospital_non_moh,Terengganu,Kemaman
0,2022-01-01,hospital_non_moh,Terengganu,Kemaman
0,2015-01-01,special_medical_institution,Terengganu,Kemaman
0,2016-01-01,special_medical_institution,Terengganu,Kemaman
0,2017-01-01,special_medical_institution,Terengganu,Kemaman
0,2018-01-01,special_medical_institution,Terengganu,Kemaman
0,2019-01-01,special_medical_institution,Terengganu,Kemaman
0,2020-01-01,special_medical_institution,Terengganu,Kemaman
0,2021-01-01,special_medical_institution,Terengganu,Kemaman
0,2022-01-01,special_medical_institution,Terengganu,Kemaman
1060,2015-01-01,all,Terengganu,Kuala Terengganu
1060,2016-01-01,all,Terengganu,Kuala Terengganu
1095,2017-01-01,all,Terengganu,Kuala Terengganu
1095,2018-01-01,all,Terengganu,Kuala Terengganu
1107,2019-01-01,all,Terengganu,Kuala Terengganu
1107,2020-01-01,all,Terengganu,Kuala Terengganu
1155,2021-01-01,all,Terengganu,Kuala Terengganu
1155,2022-01-01,all,Terengganu,Kuala Terengganu
1060,2015-01-01,hospital_moh,Terengganu,Kuala Terengganu
1060,2016-01-01,hospital_moh,Terengganu,Kuala Terengganu
1095,2017-01-01,hospital_moh,Terengganu,Kuala Terengganu
1095,2018-01-01,hospital_moh,Terengganu,Kuala Terengganu
1107,2019-01-01,hospital_moh,Terengganu,Kuala Terengganu
1107,2020-01-01,hospital_moh,Terengganu,Kuala Terengganu
1155,2021-01-01,hospital_moh,Terengganu,Kuala Terengganu
1155,2022-01-01,hospital_moh,Terengganu,Kuala Terengganu
0,2015-01-01,hospital_non_moh,Terengganu,Kuala Terengganu
0,2016-01-01,hospital_non_moh,Terengganu,Kuala Terengganu
0,2017-01-01,hospital_non_moh,Terengganu,Kuala Terengganu
0,2018-01-01,hospital_non_moh,Terengganu,Kuala Terengganu
0,2019-01-01,hospital_non_moh,Terengganu,Kuala Terengganu
0,2020-01-01,hospital_non_moh,Terengganu,Kuala Terengganu
0,2021-01-01,hospital_non_moh,Terengganu,Kuala Terengganu
0,2022-01-01,hospital_non_moh,Terengganu,Kuala Terengganu
0,2015-01-01,special_medical_institution,Terengganu,Kuala Terengganu
0,2016-01-01,special_medical_institution,Terengganu,Kuala Terengganu
0,2017-01-01,special_medical_institution,Terengganu,Kuala Terengganu
0,2018-01-01,special_medical_institution,Terengganu,Kuala Terengganu
0,2019-01-01,special_medical_institution,Terengganu,Kuala Terengganu
0,2020-01-01,special_medical_institution,Terengganu,Kuala Terengganu
0,2021-01-01,special_medical_institution,Terengganu,Kuala Terengganu
0,2022-01-01,special_medical_institution,Terengganu,Kuala Terengganu
0,2015-01-01,all,Terengganu,Marang
0,2016-01-01,all,Terengganu,Marang
0,2017-01-01,all,Terengganu,Marang
0,2018-01-01,all,Terengganu,Marang
0,2019-01-01,all,Terengganu,Marang
0,2020-01-01,all,Terengganu,Marang
0,2021-01-01,all,Terengganu,Marang
0,2022-01-01,all,Terengganu,Marang
0,2015-01-01,hospital_moh,Terengganu,Marang
0,2016-01-01,hospital_moh,Terengganu,Marang
0,2017-01-01,hospital_moh,Terengganu,Marang
0,2018-01-01,hospital_moh,Terengganu,Marang
0,2019-01-01,hospital_moh,Terengganu,Marang
0,2020-01-01,hospital_moh,Terengganu,Marang
0,2021-01-01,hospital_moh,Terengganu,Marang
0,2022-01-01,hospital_moh,Terengganu,Marang
0,2015-01-01,hospital_non_moh,Terengganu,Marang
0,2016-01-01,hospital_non_moh,Terengganu,Marang
0,2017-01-01,hospital_non_moh,Terengganu,Marang
0,2018-01-01,hospital_non_moh,Terengganu,Marang
0,2019-01-01,hospital_non_moh,Terengganu,Marang
0,2020-01-01,hospital_non_moh,Terengganu,Marang
0,2021-01-01,hospital_non_moh,Terengganu,Marang
0,2022-01-01,hospital_non_moh,Terengganu,Marang
0,2015-01-01,special_medical_institution,Terengganu,Marang
0,2016-01-01,special_medical_institution,Terengganu,Marang
0,2017-01-01,special_medical_institution,Terengganu,Marang
0,2018-01-01,special_medical_institution,Terengganu,Marang
0,2019-01-01,special_medical_institution,Terengganu,Marang
0,2020-01-01,special_medical_institution,Terengganu,Marang
0,2021-01-01,special_medical_institution,Terengganu,Marang
0,2022-01-01,special_medical_institution,Terengganu,Marang
76,2015-01-01,all,Terengganu,Setiu
76,2016-01-01,all,Terengganu,Setiu
76,2017-01-01,all,Terengganu,Setiu
76,2018-01-01,all,Terengganu,Setiu
76,2019-01-01,all,Terengganu,Setiu
76,2020-01-01,all,Terengganu,Setiu
76,2021-01-01,all,Terengganu,Setiu
76,2022-01-01,all,Terengganu,Setiu
76,2015-01-01,hospital_moh,Terengganu,Setiu
76,2016-01-01,hospital_moh,Terengganu,Setiu
76,2017-01-01,hospital_moh,Terengganu,Setiu
76,2018-01-01,hospital_moh,Terengganu,Setiu
76,2019-01-01,hospital_moh,Terengganu,Setiu
76,2020-01-01,hospital_moh,Terengganu,Setiu
76,2021-01-01,hospital_moh,Terengganu,Setiu
76,2022-01-01,hospital_moh,Terengganu,Setiu
0,2015-01-01,hospital_non_moh,Terengganu,Setiu
0,2016-01-01,hospital_non_moh,Terengganu,Setiu
0,2017-01-01,hospital_non_moh,Terengganu,Setiu
0,2018-01-01,hospital_non_moh,Terengganu,Setiu
0,2019-01-01,hospital_non_moh,Terengganu,Setiu
0,2020-01-01,hospital_non_moh,Terengganu,Setiu
0,2021-01-01,hospital_non_moh,Terengganu,Setiu
0,2022-01-01,hospital_non_moh,Terengganu,Setiu
0,2015-01-01,special_medical_institution,Terengganu,Setiu
0,2016-01-01,special_medical_institution,Terengganu,Setiu
0,2017-01-01,special_medical_institution,Terengganu,Setiu
0,2018-01-01,special_medical_institution,Terengganu,Setiu
0,2019-01-01,special_medical_institution,Terengganu,Setiu
0,2020-01-01,special_medical_institution,Terengganu,Setiu
0,2021-01-01,special_medical_institution,Terengganu,Setiu
0,2022-01-01,special_medical_institution,Terengganu,Setiu
4901,2015-01-01,all,W.P. Kuala Lumpur,All Districts
4890,2016-01-01,all,W.P. Kuala Lumpur,All Districts
5009,2017-01-01,all,W.P. Kuala Lumpur,All Districts
4995,2018-01-01,all,W.P. Kuala Lumpur,All Districts
4912,2019-01-01,all,W.P. Kuala Lumpur,All Districts
5583,2020-01-01,all,W.P. Kuala Lumpur,All Districts
5582,2021-01-01,all,W.P. Kuala Lumpur,All Districts
4874,2022-01-01,all,W.P. Kuala Lumpur,All Districts
2143,2015-01-01,hospital_moh,W.P. Kuala Lumpur,All Districts
2131,2016-01-01,hospital_moh,W.P. Kuala Lumpur,All Districts
2131,2017-01-01,hospital_moh,W.P. Kuala Lumpur,All Districts
2125,2018-01-01,hospital_moh,W.P. Kuala Lumpur,All Districts
2125,2019-01-01,hospital_moh,W.P. Kuala Lumpur,All Districts
2125,2020-01-01,hospital_moh,W.P. Kuala Lumpur,All Districts
2125,2021-01-01,hospital_moh,W.P. Kuala Lumpur,All Districts
1553,2022-01-01,hospital_moh,W.P. Kuala Lumpur,All Districts
2474,2015-01-01,hospital_non_moh,W.P. Kuala Lumpur,All Districts
2475,2016-01-01,hospital_non_moh,W.P. Kuala Lumpur,All Districts
2604,2017-01-01,hospital_non_moh,W.P. Kuala Lumpur,All Districts
2586,2018-01-01,hospital_non_moh,W.P. Kuala Lumpur,All Districts
2503,2019-01-01,hospital_non_moh,W.P. Kuala Lumpur,All Districts
2574,2020-01-01,hospital_non_moh,W.P. Kuala Lumpur,All Districts
2573,2021-01-01,hospital_non_moh,W.P. Kuala Lumpur,All Districts
2437,2022-01-01,hospital_non_moh,W.P. Kuala Lumpur,All Districts
284,2015-01-01,special_medical_institution,W.P. Kuala Lumpur,All Districts
284,2016-01-01,special_medical_institution,W.P. Kuala Lumpur,All Districts
274,2017-01-01,special_medical_institution,W.P. Kuala Lumpur,All Districts
284,2018-01-01,special_medical_institution,W.P. Kuala Lumpur,All Districts
284,2019-01-01,special_medical_institution,W.P. Kuala Lumpur,All Districts
884,2020-01-01,special_medical_institution,W.P. Kuala Lumpur,All Districts
884,2021-01-01,special_medical_institution,W.P. Kuala Lumpur,All Districts
884,2022-01-01,special_medical_institution,W.P. Kuala Lumpur,All Districts
4901,2015-01-01,all,W.P. Kuala Lumpur,W.P. Kuala Lumpur
4890,2016-01-01,all,W.P. Kuala Lumpur,W.P. Kuala Lumpur
5009,2017-01-01,all,W.P. Kuala Lumpur,W.P. Kuala Lumpur
4995,2018-01-01,all,W.P. Kuala Lumpur,W.P. Kuala Lumpur
4912,2019-01-01,all,W.P. Kuala Lumpur,W.P. Kuala Lumpur
5583,2020-01-01,all,W.P. Kuala Lumpur,W.P. Kuala Lumpur
5582,2021-01-01,all,W.P. Kuala Lumpur,W.P. Kuala Lumpur
4874,2022-01-01,all,W.P. Kuala Lumpur,W.P. Kuala Lumpur
2143,2015-01-01,hospital_moh,W.P. Kuala Lumpur,W.P. Kuala Lumpur
2131,2016-01-01,hospital_moh,W.P. Kuala Lumpur,W.P. Kuala Lumpur
2131,2017-01-01,hospital_moh,W.P. Kuala Lumpur,W.P. Kuala Lumpur
2125,2018-01-01,hospital_moh,W.P. Kuala Lumpur,W.P. Kuala Lumpur
2125,2019-01-01,hospital_moh,W.P. Kuala Lumpur,W.P. Kuala Lumpur
2125,2020-01-01,hospital_moh,W.P. Kuala Lumpur,W.P. Kuala Lumpur
2125,2021-01-01,hospital_moh,W.P. Kuala Lumpur,W.P. Kuala Lumpur
1553,2022-01-01,hospital_moh,W.P. Kuala Lumpur,W.P. Kuala Lumpur
2474,2015-01-01,hospital_non_moh,W.P. Kuala Lumpur,W.P. Kuala Lumpur
2475,2016-01-01,hospital_non_moh,W.P. Kuala Lumpur,W.P. Kuala Lumpur
2604,2017-01-01,hospital_non_moh,W.P. Kuala Lumpur,W.P. Kuala Lumpur
2586,2018-01-01,hospital_non_moh,W.P. Kuala Lumpur,W.P. Kuala Lumpur
2503,2019-01-01,hospital_non_moh,W.P. Kuala Lumpur,W.P. Kuala Lumpur
2574,2020-01-01,hospital_non_moh,W.P. Kuala Lumpur,W.P. Kuala Lumpur
2573,2021-01-01,hospital_non_moh,W.P. Kuala Lumpur,W.P. Kuala Lumpur
2437,2022-01-01,hospital_non_moh,W.P. Kuala Lumpur,W.P. Kuala Lumpur
284,2015-01-01,special_medical_institution,W.P. Kuala Lumpur,W.P. Kuala Lumpur
284,2016-01-01,special_medical_institution,W.P. Kuala Lumpur,W.P. Kuala Lumpur
274,2017-01-01,special_medical_institution,W.P. Kuala Lumpur,W.P. Kuala Lumpur
284,2018-01-01,special_medical_institution,W.P. Kuala Lumpur,W.P. Kuala Lumpur
284,2019-01-01,special_medical_institution,W.P. Kuala Lumpur,W.P. Kuala Lumpur
884,2020-01-01,special_medical_institution,W.P. Kuala Lumpur,W.P. Kuala Lumpur
884,2021-01-01,special_medical_institution,W.P. Kuala Lumpur,W.P. Kuala Lumpur
884,2022-01-01,special_medical_institution,W.P. Kuala Lumpur,W.P. Kuala Lumpur
122,2015-01-01,all,W.P. Labuan,All Districts
122,2016-01-01,all,W.P. Labuan,All Districts
122,2017-01-01,all,W.P. Labuan,All Districts
122,2018-01-01,all,W.P. Labuan,All Districts
122,2019-01-01,all,W.P. Labuan,All Districts
122,2020-01-01,all,W.P. Labuan,All Districts
122,2021-01-01,all,W.P. Labuan,All Districts
122,2022-01-01,all,W.P. Labuan,All Districts
122,2015-01-01,hospital_moh,W.P. Labuan,All Districts
122,2016-01-01,hospital_moh,W.P. Labuan,All Districts
122,2017-01-01,hospital_moh,W.P. Labuan,All Districts
122,2018-01-01,hospital_moh,W.P. Labuan,All Districts
122,2019-01-01,hospital_moh,W.P. Labuan,All Districts
122,2020-01-01,hospital_moh,W.P. Labuan,All Districts
122,2021-01-01,hospital_moh,W.P. Labuan,All Districts
122,2022-01-01,hospital_moh,W.P. Labuan,All Districts
0,2015-01-01,hospital_non_moh,W.P. Labuan,All Districts
0,2016-01-01,hospital_non_moh,W.P. Labuan,All Districts
0,2017-01-01,hospital_non_moh,W.P. Labuan,All Districts
0,2018-01-01,hospital_non_moh,W.P. Labuan,All Districts
0,2019-01-01,hospital_non_moh,W.P. Labuan,All Districts
0,2020-01-01,hospital_non_moh,W.P. Labuan,All Districts
0,2021-01-01,hospital_non_moh,W.P. Labuan,All Districts
0,2022-01-01,hospital_non_moh,W.P. Labuan,All Districts
0,2015-01-01,special_medical_institution,W.P. Labuan,All Districts
0,2016-01-01,special_medical_institution,W.P. Labuan,All Districts
0,2017-01-01,special_medical_institution,W.P. Labuan,All Districts
0,2018-01-01,special_medical_institution,W.P. Labuan,All Districts
0,2019-01-01,special_medical_institution,W.P. Labuan,All Districts
0,2020-01-01,special_medical_institution,W.P. Labuan,All Districts
0,2021-01-01,special_medical_institution,W.P. Labuan,All Districts
0,2022-01-01,special_medical_institution,W.P. Labuan,All Districts
122,2015-01-01,all,W.P. Labuan,W.P. Labuan
122,2016-01-01,all,W.P. Labuan,W.P. Labuan
122,2017-01-01,all,W.P. Labuan,W.P. Labuan
122,2018-01-01,all,W.P. Labuan,W.P. Labuan
122,2019-01-01,all,W.P. Labuan,W.P. Labuan
122,2020-01-01,all,W.P. Labuan,W.P. Labuan
122,2021-01-01,all,W.P. Labuan,W.P. Labuan
122,2022-01-01,all,W.P. Labuan,W.P. Labuan
122,2015-01-01,hospital_moh,W.P. Labuan,W.P. Labuan
122,2016-01-01,hospital_moh,W.P. Labuan,W.P. Labuan
122,2017-01-01,hospital_moh,W.P. Labuan,W.P. Labuan
122,2018-01-01,hospital_moh,W.P. Labuan,W.P. Labuan
122,2019-01-01,hospital_moh,W.P. Labuan,W.P. Labuan
122,2020-01-01,hospital_moh,W.P. Labuan,W.P. Labuan
122,2021-01-01,hospital_moh,W.P. Labuan,W.P. Labuan
122,2022-01-01,hospital_moh,W.P. Labuan,W.P. Labuan
0,2015-01-01,hospital_non_moh,W.P. Labuan,W.P. Labuan
0,2016-01-01,hospital_non_moh,W.P. Labuan,W.P. Labuan
0,2017-01-01,hospital_non_moh,W.P. Labuan,W.P. Labuan
0,2018-01-01,hospital_non_moh,W.P. Labuan,W.P. Labuan
0,2019-01-01,hospital_non_moh,W.P. Labuan,W.P. Labuan
0,2020-01-01,hospital_non_moh,W.P. Labuan,W.P. Labuan
0,2021-01-01,hospital_non_moh,W.P. Labuan,W.P. Labuan
0,2022-01-01,hospital_non_moh,W.P. Labuan,W.P. Labuan
0,2015-01-01,special_medical_institution,W.P. Labuan,W.P. Labuan
0,2016-01-01,special_medical_institution,W.P. Labuan,W.P. Labuan
0,2017-01-01,special_medical_institution,W.P. Labuan,W.P. Labuan
0,2018-01-01,special_medical_institution,W.P. Labuan,W.P. Labuan
0,2019-01-01,special_medical_institution,W.P. Labuan,W.P. Labuan
0,2020-01-01,special_medical_institution,W.P. Labuan,W.P. Labuan
0,2021-01-01,special_medical_institution,W.P. Labuan,W.P. Labuan
0,2022-01-01,special_medical_institution,W.P. Labuan,W.P. Labuan
593,2015-01-01,all,W.P. Putrajaya,All Districts
593,2016-01-01,all,W.P. Putrajaya,All Districts
654,2017-01-01,all,W.P. Putrajaya,All Districts
722,2018-01-01,all,W.P. Putrajaya,All Districts
621,2019-01-01,all,W.P. Putrajaya,All Districts
637,2020-01-01,all,W.P. Putrajaya,All Districts
637,2021-01-01,all,W.P. Putrajaya,All Districts
637,2022-01-01,all,W.P. Putrajaya,All Districts
341,2015-01-01,hospital_moh,W.P. Putrajaya,All Districts
341,2016-01-01,hospital_moh,W.P. Putrajaya,All Districts
402,2017-01-01,hospital_moh,W.P. Putrajaya,All Districts
470,2018-01-01,hospital_moh,W.P. Putrajaya,All Districts
369,2019-01-01,hospital_moh,W.P. Putrajaya,All Districts
385,2020-01-01,hospital_moh,W.P. Putrajaya,All Districts
385,2021-01-01,hospital_moh,W.P. Putrajaya,All Districts
385,2022-01-01,hospital_moh,W.P. Putrajaya,All Districts
0,2015-01-01,hospital_non_moh,W.P. Putrajaya,All Districts
0,2016-01-01,hospital_non_moh,W.P. Putrajaya,All Districts
0,2017-01-01,hospital_non_moh,W.P. Putrajaya,All Districts
0,2018-01-01,hospital_non_moh,W.P. Putrajaya,All Districts
0,2019-01-01,hospital_non_moh,W.P. Putrajaya,All Districts
0,2020-01-01,hospital_non_moh,W.P. Putrajaya,All Districts
0,2021-01-01,hospital_non_moh,W.P. Putrajaya,All Districts
0,2022-01-01,hospital_non_moh,W.P. Putrajaya,All Districts
252,2015-01-01,special_medical_institution,W.P. Putrajaya,All Districts
252,2016-01-01,special_medical_institution,W.P. Putrajaya,All Districts
252,2017-01-01,special_medical_institution,W.P. Putrajaya,All Districts
252,2018-01-01,special_medical_institution,W.P. Putrajaya,All Districts
252,2019-01-01,special_medical_institution,W.P. Putrajaya,All Districts
252,2020-01-01,special_medical_institution,W.P. Putrajaya,All Districts
252,2021-01-01,special_medical_institution,W.P. Putrajaya,All Districts
252,2022-01-01,special_medical_institution,W.P. Putrajaya,All Districts
593,2015-01-01,all,W.P. Putrajaya,W.P. Putrajaya
593,2016-01-01,all,W.P. Putrajaya,W.P. Putrajaya
654,2017-01-01,all,W.P. Putrajaya,W.P. Putrajaya
722,2018-01-01,all,W.P. Putrajaya,W.P. Putrajaya
621,2019-01-01,all,W.P. Putrajaya,W.P. Putrajaya
637,2020-01-01,all,W.P. Putrajaya,W.P. Putrajaya
637,2021-01-01,all,W.P. Putrajaya,W.P. Putrajaya
637,2022-01-01,all,W.P. Putrajaya,W.P. Putrajaya
341,2015-01-01,hospital_moh,W.P. Putrajaya,W.P. Putrajaya
341,2016-01-01,hospital_moh,W.P. Putrajaya,W.P. Putrajaya
402,2017-01-01,hospital_moh,W.P. Putrajaya,W.P. Putrajaya
470,2018-01-01,hospital_moh,W.P. Putrajaya,W.P. Putrajaya
369,2019-01-01,hospital_moh,W.P. Putrajaya,W.P. Putrajaya
385,2020-01-01,hospital_moh,W.P. Putrajaya,W.P. Putrajaya
385,2021-01-01,hospital_moh,W.P. Putrajaya,W.P. Putrajaya
385,2022-01-01,hospital_moh,W.P. Putrajaya,W.P. Putrajaya
0,2015-01-01,hospital_non_moh,W.P. Putrajaya,W.P. Putrajaya
0,2016-01-01,hospital_non_moh,W.P. Putrajaya,W.P. Putrajaya
0,2017-01-01,hospital_non_moh,W.P. Putrajaya,W.P. Putrajaya
0,2018-01-01,hospital_non_moh,W.P. Putrajaya,W.P. Putrajaya
0,2019-01-01,hospital_non_moh,W.P. Putrajaya,W.P. Putrajaya
0,2020-01-01,hospital_non_moh,W.P. Putrajaya,W.P. Putrajaya
0,2021-01-01,hospital_non_moh,W.P. Putrajaya,W.P. Putrajaya
0,2022-01-01,hospital_non_moh,W.P. Putrajaya,W.P. Putrajaya
252,2015-01-01,special_medical_institution,W.P. Putrajaya,W.P. Putrajaya
252,2016-01-01,special_medical_institution,W.P. Putrajaya,W.P. Putrajaya
252,2017-01-01,special_medical_institution,W.P. Putrajaya,W.P. Putrajaya
252,2018-01-01,special_medical_institution,W.P. Putrajaya,W.P. Putrajaya
252,2019-01-01,special_medical_institution,W.P. Putrajaya,W.P. Putrajaya
252,2020-01-01,special_medical_institution,W.P. Putrajaya,W.P. Putrajaya
252,2021-01-01,special_medical_institution,W.P. Putrajaya,W.P. Putrajaya
252,2022-01-01,special_medical_institution,W.P. Putrajaya,W.P. Putrajaya
